[0.093s] DEBUG:colcon:Command line arguments: ['/usr/bin/colcon', 'build']
[0.093s] DEBUG:colcon:Parsed command line arguments: Namespace(log_base=None, log_level=None, verb_name='build', build_base='build', install_base='install', merge_install=False, symlink_install=False, test_result_base=None, continue_on_error=False, executor='parallel', parallel_workers=16, event_handlers=None, ignore_user_meta=False, metas=['./colcon.meta'], base_paths=['.'], packages_ignore=None, packages_ignore_regex=None, paths=None, packages_up_to=None, packages_up_to_regex=None, packages_above=None, packages_above_and_dependencies=None, packages_above_depth=None, packages_select_by_dep=None, packages_skip_by_dep=None, packages_skip_up_to=None, packages_select_build_failed=False, packages_skip_build_finished=False, packages_select_test_failures=False, packages_skip_test_passed=False, packages_select=None, packages_skip=None, packages_select_regex=None, packages_skip_regex=None, packages_start=None, packages_end=None, allow_overriding=[], cmake_args=None, cmake_target=None, cmake_target_skip_unavailable=False, cmake_clean_cache=False, cmake_clean_first=False, cmake_force_configure=False, ament_cmake_args=None, catkin_cmake_args=None, catkin_skip_building_tests=False, verb_parser=<colcon_defaults.argument_parser.defaults.DefaultArgumentsDecorator object at 0x765de8685a30>, verb_extension=<colcon_core.verb.build.BuildVerb object at 0x765de87add60>, main=<bound method BuildVerb.main of <colcon_core.verb.build.BuildVerb object at 0x765de87add60>>)
[0.134s] Level 1:colcon.colcon_core.package_discovery:discover_packages(colcon_meta) check parameters
[0.134s] Level 1:colcon.colcon_core.package_discovery:discover_packages(recursive) check parameters
[0.134s] Level 1:colcon.colcon_core.package_discovery:discover_packages(ignore) check parameters
[0.134s] Level 1:colcon.colcon_core.package_discovery:discover_packages(path) check parameters
[0.134s] Level 1:colcon.colcon_core.package_discovery:discover_packages(colcon_meta) discover
[0.134s] Level 1:colcon.colcon_core.package_discovery:discover_packages(recursive) discover
[0.134s] INFO:colcon.colcon_core.package_discovery:Crawling recursively for packages in '/home/namtruong/uuv_sim_home'
[0.134s] Level 1:colcon.colcon_core.package_identification:_identify(.) by extensions ['ignore', 'ignore_ament_install']
[0.135s] Level 1:colcon.colcon_core.package_identification:_identify(.) by extension 'ignore'
[0.135s] Level 1:colcon.colcon_core.package_identification:_identify(.) by extension 'ignore_ament_install'
[0.135s] Level 1:colcon.colcon_core.package_identification:_identify(.) by extensions ['colcon_pkg']
[0.135s] Level 1:colcon.colcon_core.package_identification:_identify(.) by extension 'colcon_pkg'
[0.135s] Level 1:colcon.colcon_core.package_identification:_identify(.) by extensions ['colcon_meta']
[0.135s] Level 1:colcon.colcon_core.package_identification:_identify(.) by extension 'colcon_meta'
[0.135s] Level 1:colcon.colcon_core.package_identification:_identify(.) by extensions ['ros']
[0.135s] Level 1:colcon.colcon_core.package_identification:_identify(.) by extension 'ros'
[0.152s] Level 1:colcon.colcon_core.package_identification:_identify(.) by extensions ['cmake', 'python']
[0.152s] Level 1:colcon.colcon_core.package_identification:_identify(.) by extension 'cmake'
[0.152s] Level 1:colcon.colcon_core.package_identification:_identify(.) by extension 'python'
[0.152s] Level 1:colcon.colcon_core.package_identification:_identify(.) by extensions ['python_setup_py']
[0.153s] Level 1:colcon.colcon_core.package_identification:_identify(.) by extension 'python_setup_py'
[0.153s] Level 1:colcon.colcon_core.package_identification:_identify(build) by extensions ['ignore', 'ignore_ament_install']
[0.153s] Level 1:colcon.colcon_core.package_identification:_identify(build) by extension 'ignore'
[0.153s] Level 1:colcon.colcon_core.package_identification:_identify(build) ignored
[0.153s] Level 1:colcon.colcon_core.package_identification:_identify(install) by extensions ['ignore', 'ignore_ament_install']
[0.153s] Level 1:colcon.colcon_core.package_identification:_identify(install) by extension 'ignore'
[0.153s] Level 1:colcon.colcon_core.package_identification:_identify(install) ignored
[0.153s] Level 1:colcon.colcon_core.package_identification:_identify(log) by extensions ['ignore', 'ignore_ament_install']
[0.153s] Level 1:colcon.colcon_core.package_identification:_identify(log) by extension 'ignore'
[0.153s] Level 1:colcon.colcon_core.package_identification:_identify(log) ignored
[0.153s] Level 1:colcon.colcon_core.package_identification:_identify(src) by extensions ['ignore', 'ignore_ament_install']
[0.153s] Level 1:colcon.colcon_core.package_identification:_identify(src) by extension 'ignore'
[0.153s] Level 1:colcon.colcon_core.package_identification:_identify(src) by extension 'ignore_ament_install'
[0.153s] Level 1:colcon.colcon_core.package_identification:_identify(src) by extensions ['colcon_pkg']
[0.153s] Level 1:colcon.colcon_core.package_identification:_identify(src) by extension 'colcon_pkg'
[0.153s] Level 1:colcon.colcon_core.package_identification:_identify(src) by extensions ['colcon_meta']
[0.153s] Level 1:colcon.colcon_core.package_identification:_identify(src) by extension 'colcon_meta'
[0.153s] Level 1:colcon.colcon_core.package_identification:_identify(src) by extensions ['ros']
[0.153s] Level 1:colcon.colcon_core.package_identification:_identify(src) by extension 'ros'
[0.154s] Level 1:colcon.colcon_core.package_identification:_identify(src) by extensions ['cmake', 'python']
[0.154s] Level 1:colcon.colcon_core.package_identification:_identify(src) by extension 'cmake'
[0.154s] Level 1:colcon.colcon_core.package_identification:_identify(src) by extension 'python'
[0.154s] Level 1:colcon.colcon_core.package_identification:_identify(src) by extensions ['python_setup_py']
[0.154s] Level 1:colcon.colcon_core.package_identification:_identify(src) by extension 'python_setup_py'
[0.154s] Level 1:colcon.colcon_core.package_identification:_identify(src/dave_gz_model_plugins) by extensions ['ignore', 'ignore_ament_install']
[0.154s] Level 1:colcon.colcon_core.package_identification:_identify(src/dave_gz_model_plugins) by extension 'ignore'
[0.154s] Level 1:colcon.colcon_core.package_identification:_identify(src/dave_gz_model_plugins) by extension 'ignore_ament_install'
[0.154s] Level 1:colcon.colcon_core.package_identification:_identify(src/dave_gz_model_plugins) by extensions ['colcon_pkg']
[0.154s] Level 1:colcon.colcon_core.package_identification:_identify(src/dave_gz_model_plugins) by extension 'colcon_pkg'
[0.154s] Level 1:colcon.colcon_core.package_identification:_identify(src/dave_gz_model_plugins) by extensions ['colcon_meta']
[0.154s] Level 1:colcon.colcon_core.package_identification:_identify(src/dave_gz_model_plugins) by extension 'colcon_meta'
[0.154s] Level 1:colcon.colcon_core.package_identification:_identify(src/dave_gz_model_plugins) by extensions ['ros']
[0.154s] Level 1:colcon.colcon_core.package_identification:_identify(src/dave_gz_model_plugins) by extension 'ros'
[0.156s] DEBUG:colcon.colcon_core.package_identification:Package 'src/dave_gz_model_plugins' with type 'ros.ament_cmake' and name 'dave_gz_model_plugins'
[0.156s] Level 1:colcon.colcon_core.package_identification:_identify(src/dave_gz_sensor_plugins) by extensions ['ignore', 'ignore_ament_install']
[0.156s] Level 1:colcon.colcon_core.package_identification:_identify(src/dave_gz_sensor_plugins) by extension 'ignore'
[0.156s] Level 1:colcon.colcon_core.package_identification:_identify(src/dave_gz_sensor_plugins) by extension 'ignore_ament_install'
[0.156s] Level 1:colcon.colcon_core.package_identification:_identify(src/dave_gz_sensor_plugins) by extensions ['colcon_pkg']
[0.156s] Level 1:colcon.colcon_core.package_identification:_identify(src/dave_gz_sensor_plugins) by extension 'colcon_pkg'
[0.156s] Level 1:colcon.colcon_core.package_identification:_identify(src/dave_gz_sensor_plugins) by extensions ['colcon_meta']
[0.156s] Level 1:colcon.colcon_core.package_identification:_identify(src/dave_gz_sensor_plugins) by extension 'colcon_meta'
[0.156s] Level 1:colcon.colcon_core.package_identification:_identify(src/dave_gz_sensor_plugins) by extensions ['ros']
[0.156s] Level 1:colcon.colcon_core.package_identification:_identify(src/dave_gz_sensor_plugins) by extension 'ros'
[0.157s] DEBUG:colcon.colcon_core.package_identification:Package 'src/dave_gz_sensor_plugins' with type 'ros.ament_cmake' and name 'dave_gz_sensor_plugins'
[0.157s] Level 1:colcon.colcon_core.package_identification:_identify(src/dave_gz_world_plugins) by extensions ['ignore', 'ignore_ament_install']
[0.157s] Level 1:colcon.colcon_core.package_identification:_identify(src/dave_gz_world_plugins) by extension 'ignore'
[0.157s] Level 1:colcon.colcon_core.package_identification:_identify(src/dave_gz_world_plugins) by extension 'ignore_ament_install'
[0.157s] Level 1:colcon.colcon_core.package_identification:_identify(src/dave_gz_world_plugins) by extensions ['colcon_pkg']
[0.157s] Level 1:colcon.colcon_core.package_identification:_identify(src/dave_gz_world_plugins) by extension 'colcon_pkg'
[0.157s] Level 1:colcon.colcon_core.package_identification:_identify(src/dave_gz_world_plugins) by extensions ['colcon_meta']
[0.157s] Level 1:colcon.colcon_core.package_identification:_identify(src/dave_gz_world_plugins) by extension 'colcon_meta'
[0.157s] Level 1:colcon.colcon_core.package_identification:_identify(src/dave_gz_world_plugins) by extensions ['ros']
[0.157s] Level 1:colcon.colcon_core.package_identification:_identify(src/dave_gz_world_plugins) by extension 'ros'
[0.158s] DEBUG:colcon.colcon_core.package_identification:Package 'src/dave_gz_world_plugins' with type 'ros.ament_cmake' and name 'dave_gz_world_plugins'
[0.158s] Level 1:colcon.colcon_core.package_identification:_identify(src/dave_interfaces) by extensions ['ignore', 'ignore_ament_install']
[0.158s] Level 1:colcon.colcon_core.package_identification:_identify(src/dave_interfaces) by extension 'ignore'
[0.158s] Level 1:colcon.colcon_core.package_identification:_identify(src/dave_interfaces) by extension 'ignore_ament_install'
[0.158s] Level 1:colcon.colcon_core.package_identification:_identify(src/dave_interfaces) by extensions ['colcon_pkg']
[0.158s] Level 1:colcon.colcon_core.package_identification:_identify(src/dave_interfaces) by extension 'colcon_pkg'
[0.158s] Level 1:colcon.colcon_core.package_identification:_identify(src/dave_interfaces) by extensions ['colcon_meta']
[0.158s] Level 1:colcon.colcon_core.package_identification:_identify(src/dave_interfaces) by extension 'colcon_meta'
[0.159s] Level 1:colcon.colcon_core.package_identification:_identify(src/dave_interfaces) by extensions ['ros']
[0.159s] Level 1:colcon.colcon_core.package_identification:_identify(src/dave_interfaces) by extension 'ros'
[0.159s] DEBUG:colcon.colcon_core.package_identification:Package 'src/dave_interfaces' with type 'ros.ament_cmake' and name 'dave_interfaces'
[0.159s] Level 1:colcon.colcon_core.package_identification:_identify(src/dave_object_models) by extensions ['ignore', 'ignore_ament_install']
[0.159s] Level 1:colcon.colcon_core.package_identification:_identify(src/dave_object_models) by extension 'ignore'
[0.159s] Level 1:colcon.colcon_core.package_identification:_identify(src/dave_object_models) by extension 'ignore_ament_install'
[0.159s] Level 1:colcon.colcon_core.package_identification:_identify(src/dave_object_models) by extensions ['colcon_pkg']
[0.159s] Level 1:colcon.colcon_core.package_identification:_identify(src/dave_object_models) by extension 'colcon_pkg'
[0.159s] Level 1:colcon.colcon_core.package_identification:_identify(src/dave_object_models) by extensions ['colcon_meta']
[0.159s] Level 1:colcon.colcon_core.package_identification:_identify(src/dave_object_models) by extension 'colcon_meta'
[0.159s] Level 1:colcon.colcon_core.package_identification:_identify(src/dave_object_models) by extensions ['ros']
[0.159s] Level 1:colcon.colcon_core.package_identification:_identify(src/dave_object_models) by extension 'ros'
[0.160s] DEBUG:colcon.colcon_core.package_identification:Package 'src/dave_object_models' with type 'ros.ament_cmake' and name 'dave_object_models'
[0.160s] Level 1:colcon.colcon_core.package_identification:_identify(src/dave_robot_models) by extensions ['ignore', 'ignore_ament_install']
[0.160s] Level 1:colcon.colcon_core.package_identification:_identify(src/dave_robot_models) by extension 'ignore'
[0.160s] Level 1:colcon.colcon_core.package_identification:_identify(src/dave_robot_models) by extension 'ignore_ament_install'
[0.160s] Level 1:colcon.colcon_core.package_identification:_identify(src/dave_robot_models) by extensions ['colcon_pkg']
[0.160s] Level 1:colcon.colcon_core.package_identification:_identify(src/dave_robot_models) by extension 'colcon_pkg'
[0.160s] Level 1:colcon.colcon_core.package_identification:_identify(src/dave_robot_models) by extensions ['colcon_meta']
[0.160s] Level 1:colcon.colcon_core.package_identification:_identify(src/dave_robot_models) by extension 'colcon_meta'
[0.160s] Level 1:colcon.colcon_core.package_identification:_identify(src/dave_robot_models) by extensions ['ros']
[0.160s] Level 1:colcon.colcon_core.package_identification:_identify(src/dave_robot_models) by extension 'ros'
[0.160s] DEBUG:colcon.colcon_core.package_identification:Package 'src/dave_robot_models' with type 'ros.ament_cmake' and name 'dave_robot_models'
[0.160s] Level 1:colcon.colcon_core.package_identification:_identify(src/dave_ros_gz_plugins) by extensions ['ignore', 'ignore_ament_install']
[0.160s] Level 1:colcon.colcon_core.package_identification:_identify(src/dave_ros_gz_plugins) by extension 'ignore'
[0.160s] Level 1:colcon.colcon_core.package_identification:_identify(src/dave_ros_gz_plugins) by extension 'ignore_ament_install'
[0.160s] Level 1:colcon.colcon_core.package_identification:_identify(src/dave_ros_gz_plugins) by extensions ['colcon_pkg']
[0.161s] Level 1:colcon.colcon_core.package_identification:_identify(src/dave_ros_gz_plugins) by extension 'colcon_pkg'
[0.161s] Level 1:colcon.colcon_core.package_identification:_identify(src/dave_ros_gz_plugins) by extensions ['colcon_meta']
[0.161s] Level 1:colcon.colcon_core.package_identification:_identify(src/dave_ros_gz_plugins) by extension 'colcon_meta'
[0.161s] Level 1:colcon.colcon_core.package_identification:_identify(src/dave_ros_gz_plugins) by extensions ['ros']
[0.161s] Level 1:colcon.colcon_core.package_identification:_identify(src/dave_ros_gz_plugins) by extension 'ros'
[0.161s] DEBUG:colcon.colcon_core.package_identification:Package 'src/dave_ros_gz_plugins' with type 'ros.ament_cmake' and name 'dave_ros_gz_plugins'
[0.161s] Level 1:colcon.colcon_core.package_identification:_identify(src/dave_worlds) by extensions ['ignore', 'ignore_ament_install']
[0.161s] Level 1:colcon.colcon_core.package_identification:_identify(src/dave_worlds) by extension 'ignore'
[0.161s] Level 1:colcon.colcon_core.package_identification:_identify(src/dave_worlds) by extension 'ignore_ament_install'
[0.161s] Level 1:colcon.colcon_core.package_identification:_identify(src/dave_worlds) by extensions ['colcon_pkg']
[0.161s] Level 1:colcon.colcon_core.package_identification:_identify(src/dave_worlds) by extension 'colcon_pkg'
[0.161s] Level 1:colcon.colcon_core.package_identification:_identify(src/dave_worlds) by extensions ['colcon_meta']
[0.161s] Level 1:colcon.colcon_core.package_identification:_identify(src/dave_worlds) by extension 'colcon_meta'
[0.161s] Level 1:colcon.colcon_core.package_identification:_identify(src/dave_worlds) by extensions ['ros']
[0.162s] Level 1:colcon.colcon_core.package_identification:_identify(src/dave_worlds) by extension 'ros'
[0.162s] DEBUG:colcon.colcon_core.package_identification:Package 'src/dave_worlds' with type 'ros.ament_cmake' and name 'dave_worlds'
[0.162s] Level 1:colcon.colcon_core.package_identification:_identify(src/multibeam_sonar) by extensions ['ignore', 'ignore_ament_install']
[0.162s] Level 1:colcon.colcon_core.package_identification:_identify(src/multibeam_sonar) by extension 'ignore'
[0.162s] Level 1:colcon.colcon_core.package_identification:_identify(src/multibeam_sonar) by extension 'ignore_ament_install'
[0.162s] Level 1:colcon.colcon_core.package_identification:_identify(src/multibeam_sonar) by extensions ['colcon_pkg']
[0.162s] Level 1:colcon.colcon_core.package_identification:_identify(src/multibeam_sonar) by extension 'colcon_pkg'
[0.162s] Level 1:colcon.colcon_core.package_identification:_identify(src/multibeam_sonar) by extensions ['colcon_meta']
[0.162s] Level 1:colcon.colcon_core.package_identification:_identify(src/multibeam_sonar) by extension 'colcon_meta'
[0.162s] Level 1:colcon.colcon_core.package_identification:_identify(src/multibeam_sonar) by extensions ['ros']
[0.162s] Level 1:colcon.colcon_core.package_identification:_identify(src/multibeam_sonar) by extension 'ros'
[0.163s] DEBUG:colcon.colcon_core.package_identification:Package 'src/multibeam_sonar' with type 'ros.ament_cmake' and name 'multibeam_sonar'
[0.163s] Level 1:colcon.colcon_core.package_identification:_identify(src/multibeam_sonar_demo) by extensions ['ignore', 'ignore_ament_install']
[0.163s] Level 1:colcon.colcon_core.package_identification:_identify(src/multibeam_sonar_demo) by extension 'ignore'
[0.163s] Level 1:colcon.colcon_core.package_identification:_identify(src/multibeam_sonar_demo) by extension 'ignore_ament_install'
[0.163s] Level 1:colcon.colcon_core.package_identification:_identify(src/multibeam_sonar_demo) by extensions ['colcon_pkg']
[0.163s] Level 1:colcon.colcon_core.package_identification:_identify(src/multibeam_sonar_demo) by extension 'colcon_pkg'
[0.163s] Level 1:colcon.colcon_core.package_identification:_identify(src/multibeam_sonar_demo) by extensions ['colcon_meta']
[0.163s] Level 1:colcon.colcon_core.package_identification:_identify(src/multibeam_sonar_demo) by extension 'colcon_meta'
[0.163s] Level 1:colcon.colcon_core.package_identification:_identify(src/multibeam_sonar_demo) by extensions ['ros']
[0.163s] Level 1:colcon.colcon_core.package_identification:_identify(src/multibeam_sonar_demo) by extension 'ros'
[0.163s] DEBUG:colcon.colcon_core.package_identification:Package 'src/multibeam_sonar_demo' with type 'ros.ament_cmake' and name 'dave_multibeam_sonar_demo'
[0.164s] Level 1:colcon.colcon_core.package_identification:_identify(src/multibeam_sonar_system) by extensions ['ignore', 'ignore_ament_install']
[0.164s] Level 1:colcon.colcon_core.package_identification:_identify(src/multibeam_sonar_system) by extension 'ignore'
[0.164s] Level 1:colcon.colcon_core.package_identification:_identify(src/multibeam_sonar_system) by extension 'ignore_ament_install'
[0.164s] Level 1:colcon.colcon_core.package_identification:_identify(src/multibeam_sonar_system) by extensions ['colcon_pkg']
[0.164s] Level 1:colcon.colcon_core.package_identification:_identify(src/multibeam_sonar_system) by extension 'colcon_pkg'
[0.164s] Level 1:colcon.colcon_core.package_identification:_identify(src/multibeam_sonar_system) by extensions ['colcon_meta']
[0.164s] Level 1:colcon.colcon_core.package_identification:_identify(src/multibeam_sonar_system) by extension 'colcon_meta'
[0.164s] Level 1:colcon.colcon_core.package_identification:_identify(src/multibeam_sonar_system) by extensions ['ros']
[0.164s] Level 1:colcon.colcon_core.package_identification:_identify(src/multibeam_sonar_system) by extension 'ros'
[0.164s] DEBUG:colcon.colcon_core.package_identification:Package 'src/multibeam_sonar_system' with type 'ros.ament_cmake' and name 'multibeam_sonar_system'
[0.164s] Level 1:colcon.colcon_core.package_identification:_identify(src/uuv_simu) by extensions ['ignore', 'ignore_ament_install']
[0.164s] Level 1:colcon.colcon_core.package_identification:_identify(src/uuv_simu) by extension 'ignore'
[0.164s] Level 1:colcon.colcon_core.package_identification:_identify(src/uuv_simu) by extension 'ignore_ament_install'
[0.164s] Level 1:colcon.colcon_core.package_identification:_identify(src/uuv_simu) by extensions ['colcon_pkg']
[0.164s] Level 1:colcon.colcon_core.package_identification:_identify(src/uuv_simu) by extension 'colcon_pkg'
[0.164s] Level 1:colcon.colcon_core.package_identification:_identify(src/uuv_simu) by extensions ['colcon_meta']
[0.164s] Level 1:colcon.colcon_core.package_identification:_identify(src/uuv_simu) by extension 'colcon_meta'
[0.164s] Level 1:colcon.colcon_core.package_identification:_identify(src/uuv_simu) by extensions ['ros']
[0.164s] Level 1:colcon.colcon_core.package_identification:_identify(src/uuv_simu) by extension 'ros'
[0.165s] DEBUG:colcon.colcon_core.package_identification:Package 'src/uuv_simu' with type 'ros.ament_python' and name 'uuv_simu'
[0.165s] Level 1:colcon.colcon_core.package_discovery:discover_packages(recursive) using defaults
[0.165s] Level 1:colcon.colcon_core.package_discovery:discover_packages(ignore) discover
[0.165s] Level 1:colcon.colcon_core.package_discovery:discover_packages(ignore) using defaults
[0.165s] Level 1:colcon.colcon_core.package_discovery:discover_packages(path) discover
[0.165s] Level 1:colcon.colcon_core.package_discovery:discover_packages(path) using defaults
[0.183s] Level 1:colcon.colcon_core.package_discovery:discover_packages(prefix_path) check parameters
[0.183s] Level 1:colcon.colcon_core.package_discovery:discover_packages(prefix_path) discover
[0.186s] DEBUG:colcon.colcon_installed_package_information.package_discovery:Found 12 installed packages in /home/namtruong/uuv_sim_home/install
[0.187s] DEBUG:colcon.colcon_installed_package_information.package_discovery:Found 325 installed packages in /opt/ros/jazzy
[0.188s] Level 1:colcon.colcon_core.package_discovery:discover_packages(prefix_path) using defaults
[0.224s] Level 5:colcon.colcon_core.verb:set package 'dave_interfaces' build argument 'cmake_args' from command line to 'None'
[0.224s] Level 5:colcon.colcon_core.verb:set package 'dave_interfaces' build argument 'cmake_target' from command line to 'None'
[0.224s] Level 5:colcon.colcon_core.verb:set package 'dave_interfaces' build argument 'cmake_target_skip_unavailable' from command line to 'False'
[0.224s] Level 5:colcon.colcon_core.verb:set package 'dave_interfaces' build argument 'cmake_clean_cache' from command line to 'False'
[0.224s] Level 5:colcon.colcon_core.verb:set package 'dave_interfaces' build argument 'cmake_clean_first' from command line to 'False'
[0.224s] Level 5:colcon.colcon_core.verb:set package 'dave_interfaces' build argument 'cmake_force_configure' from command line to 'False'
[0.224s] Level 5:colcon.colcon_core.verb:set package 'dave_interfaces' build argument 'ament_cmake_args' from command line to 'None'
[0.224s] Level 5:colcon.colcon_core.verb:set package 'dave_interfaces' build argument 'catkin_cmake_args' from command line to 'None'
[0.224s] Level 5:colcon.colcon_core.verb:set package 'dave_interfaces' build argument 'catkin_skip_building_tests' from command line to 'False'
[0.224s] DEBUG:colcon.colcon_core.verb:Building package 'dave_interfaces' with the following arguments: {'ament_cmake_args': None, 'build_base': '/home/namtruong/uuv_sim_home/build/dave_interfaces', 'catkin_cmake_args': None, 'catkin_skip_building_tests': False, 'cmake_args': None, 'cmake_clean_cache': False, 'cmake_clean_first': False, 'cmake_force_configure': False, 'cmake_target': None, 'cmake_target_skip_unavailable': False, 'install_base': '/home/namtruong/uuv_sim_home/install/dave_interfaces', 'merge_install': False, 'path': '/home/namtruong/uuv_sim_home/src/dave_interfaces', 'symlink_install': False, 'test_result_base': None}
[0.224s] Level 5:colcon.colcon_core.verb:set package 'dave_multibeam_sonar_demo' build argument 'cmake_args' from command line to 'None'
[0.224s] Level 5:colcon.colcon_core.verb:set package 'dave_multibeam_sonar_demo' build argument 'cmake_target' from command line to 'None'
[0.224s] Level 5:colcon.colcon_core.verb:set package 'dave_multibeam_sonar_demo' build argument 'cmake_target_skip_unavailable' from command line to 'False'
[0.224s] Level 5:colcon.colcon_core.verb:set package 'dave_multibeam_sonar_demo' build argument 'cmake_clean_cache' from command line to 'False'
[0.224s] Level 5:colcon.colcon_core.verb:set package 'dave_multibeam_sonar_demo' build argument 'cmake_clean_first' from command line to 'False'
[0.224s] Level 5:colcon.colcon_core.verb:set package 'dave_multibeam_sonar_demo' build argument 'cmake_force_configure' from command line to 'False'
[0.224s] Level 5:colcon.colcon_core.verb:set package 'dave_multibeam_sonar_demo' build argument 'ament_cmake_args' from command line to 'None'
[0.224s] Level 5:colcon.colcon_core.verb:set package 'dave_multibeam_sonar_demo' build argument 'catkin_cmake_args' from command line to 'None'
[0.224s] Level 5:colcon.colcon_core.verb:set package 'dave_multibeam_sonar_demo' build argument 'catkin_skip_building_tests' from command line to 'False'
[0.224s] DEBUG:colcon.colcon_core.verb:Building package 'dave_multibeam_sonar_demo' with the following arguments: {'ament_cmake_args': None, 'build_base': '/home/namtruong/uuv_sim_home/build/dave_multibeam_sonar_demo', 'catkin_cmake_args': None, 'catkin_skip_building_tests': False, 'cmake_args': None, 'cmake_clean_cache': False, 'cmake_clean_first': False, 'cmake_force_configure': False, 'cmake_target': None, 'cmake_target_skip_unavailable': False, 'install_base': '/home/namtruong/uuv_sim_home/install/dave_multibeam_sonar_demo', 'merge_install': False, 'path': '/home/namtruong/uuv_sim_home/src/multibeam_sonar_demo', 'symlink_install': False, 'test_result_base': None}
[0.224s] Level 5:colcon.colcon_core.verb:set package 'dave_object_models' build argument 'cmake_args' from command line to 'None'
[0.224s] Level 5:colcon.colcon_core.verb:set package 'dave_object_models' build argument 'cmake_target' from command line to 'None'
[0.225s] Level 5:colcon.colcon_core.verb:set package 'dave_object_models' build argument 'cmake_target_skip_unavailable' from command line to 'False'
[0.225s] Level 5:colcon.colcon_core.verb:set package 'dave_object_models' build argument 'cmake_clean_cache' from command line to 'False'
[0.225s] Level 5:colcon.colcon_core.verb:set package 'dave_object_models' build argument 'cmake_clean_first' from command line to 'False'
[0.225s] Level 5:colcon.colcon_core.verb:set package 'dave_object_models' build argument 'cmake_force_configure' from command line to 'False'
[0.225s] Level 5:colcon.colcon_core.verb:set package 'dave_object_models' build argument 'ament_cmake_args' from command line to 'None'
[0.225s] Level 5:colcon.colcon_core.verb:set package 'dave_object_models' build argument 'catkin_cmake_args' from command line to 'None'
[0.225s] Level 5:colcon.colcon_core.verb:set package 'dave_object_models' build argument 'catkin_skip_building_tests' from command line to 'False'
[0.225s] DEBUG:colcon.colcon_core.verb:Building package 'dave_object_models' with the following arguments: {'ament_cmake_args': None, 'build_base': '/home/namtruong/uuv_sim_home/build/dave_object_models', 'catkin_cmake_args': None, 'catkin_skip_building_tests': False, 'cmake_args': None, 'cmake_clean_cache': False, 'cmake_clean_first': False, 'cmake_force_configure': False, 'cmake_target': None, 'cmake_target_skip_unavailable': False, 'install_base': '/home/namtruong/uuv_sim_home/install/dave_object_models', 'merge_install': False, 'path': '/home/namtruong/uuv_sim_home/src/dave_object_models', 'symlink_install': False, 'test_result_base': None}
[0.225s] Level 5:colcon.colcon_core.verb:set package 'dave_robot_models' build argument 'cmake_args' from command line to 'None'
[0.225s] Level 5:colcon.colcon_core.verb:set package 'dave_robot_models' build argument 'cmake_target' from command line to 'None'
[0.225s] Level 5:colcon.colcon_core.verb:set package 'dave_robot_models' build argument 'cmake_target_skip_unavailable' from command line to 'False'
[0.225s] Level 5:colcon.colcon_core.verb:set package 'dave_robot_models' build argument 'cmake_clean_cache' from command line to 'False'
[0.225s] Level 5:colcon.colcon_core.verb:set package 'dave_robot_models' build argument 'cmake_clean_first' from command line to 'False'
[0.225s] Level 5:colcon.colcon_core.verb:set package 'dave_robot_models' build argument 'cmake_force_configure' from command line to 'False'
[0.225s] Level 5:colcon.colcon_core.verb:set package 'dave_robot_models' build argument 'ament_cmake_args' from command line to 'None'
[0.225s] Level 5:colcon.colcon_core.verb:set package 'dave_robot_models' build argument 'catkin_cmake_args' from command line to 'None'
[0.225s] Level 5:colcon.colcon_core.verb:set package 'dave_robot_models' build argument 'catkin_skip_building_tests' from command line to 'False'
[0.225s] DEBUG:colcon.colcon_core.verb:Building package 'dave_robot_models' with the following arguments: {'ament_cmake_args': None, 'build_base': '/home/namtruong/uuv_sim_home/build/dave_robot_models', 'catkin_cmake_args': None, 'catkin_skip_building_tests': False, 'cmake_args': None, 'cmake_clean_cache': False, 'cmake_clean_first': False, 'cmake_force_configure': False, 'cmake_target': None, 'cmake_target_skip_unavailable': False, 'install_base': '/home/namtruong/uuv_sim_home/install/dave_robot_models', 'merge_install': False, 'path': '/home/namtruong/uuv_sim_home/src/dave_robot_models', 'symlink_install': False, 'test_result_base': None}
[0.225s] Level 5:colcon.colcon_core.verb:set package 'dave_worlds' build argument 'cmake_args' from command line to 'None'
[0.225s] Level 5:colcon.colcon_core.verb:set package 'dave_worlds' build argument 'cmake_target' from command line to 'None'
[0.225s] Level 5:colcon.colcon_core.verb:set package 'dave_worlds' build argument 'cmake_target_skip_unavailable' from command line to 'False'
[0.225s] Level 5:colcon.colcon_core.verb:set package 'dave_worlds' build argument 'cmake_clean_cache' from command line to 'False'
[0.225s] Level 5:colcon.colcon_core.verb:set package 'dave_worlds' build argument 'cmake_clean_first' from command line to 'False'
[0.225s] Level 5:colcon.colcon_core.verb:set package 'dave_worlds' build argument 'cmake_force_configure' from command line to 'False'
[0.225s] Level 5:colcon.colcon_core.verb:set package 'dave_worlds' build argument 'ament_cmake_args' from command line to 'None'
[0.225s] Level 5:colcon.colcon_core.verb:set package 'dave_worlds' build argument 'catkin_cmake_args' from command line to 'None'
[0.225s] Level 5:colcon.colcon_core.verb:set package 'dave_worlds' build argument 'catkin_skip_building_tests' from command line to 'False'
[0.225s] DEBUG:colcon.colcon_core.verb:Building package 'dave_worlds' with the following arguments: {'ament_cmake_args': None, 'build_base': '/home/namtruong/uuv_sim_home/build/dave_worlds', 'catkin_cmake_args': None, 'catkin_skip_building_tests': False, 'cmake_args': None, 'cmake_clean_cache': False, 'cmake_clean_first': False, 'cmake_force_configure': False, 'cmake_target': None, 'cmake_target_skip_unavailable': False, 'install_base': '/home/namtruong/uuv_sim_home/install/dave_worlds', 'merge_install': False, 'path': '/home/namtruong/uuv_sim_home/src/dave_worlds', 'symlink_install': False, 'test_result_base': None}
[0.225s] Level 5:colcon.colcon_core.verb:set package 'multibeam_sonar_system' build argument 'cmake_args' from command line to 'None'
[0.225s] Level 5:colcon.colcon_core.verb:set package 'multibeam_sonar_system' build argument 'cmake_target' from command line to 'None'
[0.226s] Level 5:colcon.colcon_core.verb:set package 'multibeam_sonar_system' build argument 'cmake_target_skip_unavailable' from command line to 'False'
[0.226s] Level 5:colcon.colcon_core.verb:set package 'multibeam_sonar_system' build argument 'cmake_clean_cache' from command line to 'False'
[0.226s] Level 5:colcon.colcon_core.verb:set package 'multibeam_sonar_system' build argument 'cmake_clean_first' from command line to 'False'
[0.226s] Level 5:colcon.colcon_core.verb:set package 'multibeam_sonar_system' build argument 'cmake_force_configure' from command line to 'False'
[0.226s] Level 5:colcon.colcon_core.verb:set package 'multibeam_sonar_system' build argument 'ament_cmake_args' from command line to 'None'
[0.226s] Level 5:colcon.colcon_core.verb:set package 'multibeam_sonar_system' build argument 'catkin_cmake_args' from command line to 'None'
[0.226s] Level 5:colcon.colcon_core.verb:set package 'multibeam_sonar_system' build argument 'catkin_skip_building_tests' from command line to 'False'
[0.226s] DEBUG:colcon.colcon_core.verb:Building package 'multibeam_sonar_system' with the following arguments: {'ament_cmake_args': None, 'build_base': '/home/namtruong/uuv_sim_home/build/multibeam_sonar_system', 'catkin_cmake_args': None, 'catkin_skip_building_tests': False, 'cmake_args': None, 'cmake_clean_cache': False, 'cmake_clean_first': False, 'cmake_force_configure': False, 'cmake_target': None, 'cmake_target_skip_unavailable': False, 'install_base': '/home/namtruong/uuv_sim_home/install/multibeam_sonar_system', 'merge_install': False, 'path': '/home/namtruong/uuv_sim_home/src/multibeam_sonar_system', 'symlink_install': False, 'test_result_base': None}
[0.226s] Level 5:colcon.colcon_core.verb:set package 'dave_gz_sensor_plugins' build argument 'cmake_args' from command line to 'None'
[0.226s] Level 5:colcon.colcon_core.verb:set package 'dave_gz_sensor_plugins' build argument 'cmake_target' from command line to 'None'
[0.226s] Level 5:colcon.colcon_core.verb:set package 'dave_gz_sensor_plugins' build argument 'cmake_target_skip_unavailable' from command line to 'False'
[0.226s] Level 5:colcon.colcon_core.verb:set package 'dave_gz_sensor_plugins' build argument 'cmake_clean_cache' from command line to 'False'
[0.226s] Level 5:colcon.colcon_core.verb:set package 'dave_gz_sensor_plugins' build argument 'cmake_clean_first' from command line to 'False'
[0.226s] Level 5:colcon.colcon_core.verb:set package 'dave_gz_sensor_plugins' build argument 'cmake_force_configure' from command line to 'False'
[0.226s] Level 5:colcon.colcon_core.verb:set package 'dave_gz_sensor_plugins' build argument 'ament_cmake_args' from command line to 'None'
[0.226s] Level 5:colcon.colcon_core.verb:set package 'dave_gz_sensor_plugins' build argument 'catkin_cmake_args' from command line to 'None'
[0.226s] Level 5:colcon.colcon_core.verb:set package 'dave_gz_sensor_plugins' build argument 'catkin_skip_building_tests' from command line to 'False'
[0.226s] DEBUG:colcon.colcon_core.verb:Building package 'dave_gz_sensor_plugins' with the following arguments: {'ament_cmake_args': None, 'build_base': '/home/namtruong/uuv_sim_home/build/dave_gz_sensor_plugins', 'catkin_cmake_args': None, 'catkin_skip_building_tests': False, 'cmake_args': None, 'cmake_clean_cache': False, 'cmake_clean_first': False, 'cmake_force_configure': False, 'cmake_target': None, 'cmake_target_skip_unavailable': False, 'install_base': '/home/namtruong/uuv_sim_home/install/dave_gz_sensor_plugins', 'merge_install': False, 'path': '/home/namtruong/uuv_sim_home/src/dave_gz_sensor_plugins', 'symlink_install': False, 'test_result_base': None}
[0.226s] Level 5:colcon.colcon_core.verb:set package 'dave_gz_world_plugins' build argument 'cmake_args' from command line to 'None'
[0.226s] Level 5:colcon.colcon_core.verb:set package 'dave_gz_world_plugins' build argument 'cmake_target' from command line to 'None'
[0.226s] Level 5:colcon.colcon_core.verb:set package 'dave_gz_world_plugins' build argument 'cmake_target_skip_unavailable' from command line to 'False'
[0.226s] Level 5:colcon.colcon_core.verb:set package 'dave_gz_world_plugins' build argument 'cmake_clean_cache' from command line to 'False'
[0.226s] Level 5:colcon.colcon_core.verb:set package 'dave_gz_world_plugins' build argument 'cmake_clean_first' from command line to 'False'
[0.226s] Level 5:colcon.colcon_core.verb:set package 'dave_gz_world_plugins' build argument 'cmake_force_configure' from command line to 'False'
[0.226s] Level 5:colcon.colcon_core.verb:set package 'dave_gz_world_plugins' build argument 'ament_cmake_args' from command line to 'None'
[0.226s] Level 5:colcon.colcon_core.verb:set package 'dave_gz_world_plugins' build argument 'catkin_cmake_args' from command line to 'None'
[0.226s] Level 5:colcon.colcon_core.verb:set package 'dave_gz_world_plugins' build argument 'catkin_skip_building_tests' from command line to 'False'
[0.226s] DEBUG:colcon.colcon_core.verb:Building package 'dave_gz_world_plugins' with the following arguments: {'ament_cmake_args': None, 'build_base': '/home/namtruong/uuv_sim_home/build/dave_gz_world_plugins', 'catkin_cmake_args': None, 'catkin_skip_building_tests': False, 'cmake_args': None, 'cmake_clean_cache': False, 'cmake_clean_first': False, 'cmake_force_configure': False, 'cmake_target': None, 'cmake_target_skip_unavailable': False, 'install_base': '/home/namtruong/uuv_sim_home/install/dave_gz_world_plugins', 'merge_install': False, 'path': '/home/namtruong/uuv_sim_home/src/dave_gz_world_plugins', 'symlink_install': False, 'test_result_base': None}
[0.226s] Level 5:colcon.colcon_core.verb:set package 'multibeam_sonar' build argument 'cmake_args' from command line to 'None'
[0.226s] Level 5:colcon.colcon_core.verb:set package 'multibeam_sonar' build argument 'cmake_target' from command line to 'None'
[0.226s] Level 5:colcon.colcon_core.verb:set package 'multibeam_sonar' build argument 'cmake_target_skip_unavailable' from command line to 'False'
[0.226s] Level 5:colcon.colcon_core.verb:set package 'multibeam_sonar' build argument 'cmake_clean_cache' from command line to 'False'
[0.226s] Level 5:colcon.colcon_core.verb:set package 'multibeam_sonar' build argument 'cmake_clean_first' from command line to 'False'
[0.227s] Level 5:colcon.colcon_core.verb:set package 'multibeam_sonar' build argument 'cmake_force_configure' from command line to 'False'
[0.227s] Level 5:colcon.colcon_core.verb:set package 'multibeam_sonar' build argument 'ament_cmake_args' from command line to 'None'
[0.227s] Level 5:colcon.colcon_core.verb:set package 'multibeam_sonar' build argument 'catkin_cmake_args' from command line to 'None'
[0.227s] Level 5:colcon.colcon_core.verb:set package 'multibeam_sonar' build argument 'catkin_skip_building_tests' from command line to 'False'
[0.227s] DEBUG:colcon.colcon_core.verb:Building package 'multibeam_sonar' with the following arguments: {'ament_cmake_args': None, 'build_base': '/home/namtruong/uuv_sim_home/build/multibeam_sonar', 'catkin_cmake_args': None, 'catkin_skip_building_tests': False, 'cmake_args': None, 'cmake_clean_cache': False, 'cmake_clean_first': False, 'cmake_force_configure': False, 'cmake_target': None, 'cmake_target_skip_unavailable': False, 'install_base': '/home/namtruong/uuv_sim_home/install/multibeam_sonar', 'merge_install': False, 'path': '/home/namtruong/uuv_sim_home/src/multibeam_sonar', 'symlink_install': False, 'test_result_base': None}
[0.227s] Level 5:colcon.colcon_core.verb:set package 'uuv_simu' build argument 'cmake_args' from command line to 'None'
[0.227s] Level 5:colcon.colcon_core.verb:set package 'uuv_simu' build argument 'cmake_target' from command line to 'None'
[0.227s] Level 5:colcon.colcon_core.verb:set package 'uuv_simu' build argument 'cmake_target_skip_unavailable' from command line to 'False'
[0.227s] Level 5:colcon.colcon_core.verb:set package 'uuv_simu' build argument 'cmake_clean_cache' from command line to 'False'
[0.227s] Level 5:colcon.colcon_core.verb:set package 'uuv_simu' build argument 'cmake_clean_first' from command line to 'False'
[0.227s] Level 5:colcon.colcon_core.verb:set package 'uuv_simu' build argument 'cmake_force_configure' from command line to 'False'
[0.227s] Level 5:colcon.colcon_core.verb:set package 'uuv_simu' build argument 'ament_cmake_args' from command line to 'None'
[0.227s] Level 5:colcon.colcon_core.verb:set package 'uuv_simu' build argument 'catkin_cmake_args' from command line to 'None'
[0.227s] Level 5:colcon.colcon_core.verb:set package 'uuv_simu' build argument 'catkin_skip_building_tests' from command line to 'False'
[0.227s] DEBUG:colcon.colcon_core.verb:Building package 'uuv_simu' with the following arguments: {'ament_cmake_args': None, 'build_base': '/home/namtruong/uuv_sim_home/build/uuv_simu', 'catkin_cmake_args': None, 'catkin_skip_building_tests': False, 'cmake_args': None, 'cmake_clean_cache': False, 'cmake_clean_first': False, 'cmake_force_configure': False, 'cmake_target': None, 'cmake_target_skip_unavailable': False, 'install_base': '/home/namtruong/uuv_sim_home/install/uuv_simu', 'merge_install': False, 'path': '/home/namtruong/uuv_sim_home/src/uuv_simu', 'symlink_install': False, 'test_result_base': None}
[0.227s] Level 5:colcon.colcon_core.verb:set package 'dave_ros_gz_plugins' build argument 'cmake_args' from command line to 'None'
[0.227s] Level 5:colcon.colcon_core.verb:set package 'dave_ros_gz_plugins' build argument 'cmake_target' from command line to 'None'
[0.227s] Level 5:colcon.colcon_core.verb:set package 'dave_ros_gz_plugins' build argument 'cmake_target_skip_unavailable' from command line to 'False'
[0.227s] Level 5:colcon.colcon_core.verb:set package 'dave_ros_gz_plugins' build argument 'cmake_clean_cache' from command line to 'False'
[0.227s] Level 5:colcon.colcon_core.verb:set package 'dave_ros_gz_plugins' build argument 'cmake_clean_first' from command line to 'False'
[0.227s] Level 5:colcon.colcon_core.verb:set package 'dave_ros_gz_plugins' build argument 'cmake_force_configure' from command line to 'False'
[0.227s] Level 5:colcon.colcon_core.verb:set package 'dave_ros_gz_plugins' build argument 'ament_cmake_args' from command line to 'None'
[0.227s] Level 5:colcon.colcon_core.verb:set package 'dave_ros_gz_plugins' build argument 'catkin_cmake_args' from command line to 'None'
[0.227s] Level 5:colcon.colcon_core.verb:set package 'dave_ros_gz_plugins' build argument 'catkin_skip_building_tests' from command line to 'False'
[0.227s] DEBUG:colcon.colcon_core.verb:Building package 'dave_ros_gz_plugins' with the following arguments: {'ament_cmake_args': None, 'build_base': '/home/namtruong/uuv_sim_home/build/dave_ros_gz_plugins', 'catkin_cmake_args': None, 'catkin_skip_building_tests': False, 'cmake_args': None, 'cmake_clean_cache': False, 'cmake_clean_first': False, 'cmake_force_configure': False, 'cmake_target': None, 'cmake_target_skip_unavailable': False, 'install_base': '/home/namtruong/uuv_sim_home/install/dave_ros_gz_plugins', 'merge_install': False, 'path': '/home/namtruong/uuv_sim_home/src/dave_ros_gz_plugins', 'symlink_install': False, 'test_result_base': None}
[0.227s] Level 5:colcon.colcon_core.verb:set package 'dave_gz_model_plugins' build argument 'cmake_args' from command line to 'None'
[0.227s] Level 5:colcon.colcon_core.verb:set package 'dave_gz_model_plugins' build argument 'cmake_target' from command line to 'None'
[0.227s] Level 5:colcon.colcon_core.verb:set package 'dave_gz_model_plugins' build argument 'cmake_target_skip_unavailable' from command line to 'False'
[0.227s] Level 5:colcon.colcon_core.verb:set package 'dave_gz_model_plugins' build argument 'cmake_clean_cache' from command line to 'False'
[0.227s] Level 5:colcon.colcon_core.verb:set package 'dave_gz_model_plugins' build argument 'cmake_clean_first' from command line to 'False'
[0.227s] Level 5:colcon.colcon_core.verb:set package 'dave_gz_model_plugins' build argument 'cmake_force_configure' from command line to 'False'
[0.227s] Level 5:colcon.colcon_core.verb:set package 'dave_gz_model_plugins' build argument 'ament_cmake_args' from command line to 'None'
[0.227s] Level 5:colcon.colcon_core.verb:set package 'dave_gz_model_plugins' build argument 'catkin_cmake_args' from command line to 'None'
[0.227s] Level 5:colcon.colcon_core.verb:set package 'dave_gz_model_plugins' build argument 'catkin_skip_building_tests' from command line to 'False'
[0.228s] DEBUG:colcon.colcon_core.verb:Building package 'dave_gz_model_plugins' with the following arguments: {'ament_cmake_args': None, 'build_base': '/home/namtruong/uuv_sim_home/build/dave_gz_model_plugins', 'catkin_cmake_args': None, 'catkin_skip_building_tests': False, 'cmake_args': None, 'cmake_clean_cache': False, 'cmake_clean_first': False, 'cmake_force_configure': False, 'cmake_target': None, 'cmake_target_skip_unavailable': False, 'install_base': '/home/namtruong/uuv_sim_home/install/dave_gz_model_plugins', 'merge_install': False, 'path': '/home/namtruong/uuv_sim_home/src/dave_gz_model_plugins', 'symlink_install': False, 'test_result_base': None}
[0.228s] INFO:colcon.colcon_core.executor:Executing jobs using 'parallel' executor
[0.228s] DEBUG:colcon.colcon_parallel_executor.executor.parallel:run_until_complete
[0.229s] INFO:colcon.colcon_ros.task.ament_cmake.build:Building ROS package in '/home/namtruong/uuv_sim_home/src/dave_interfaces' with build type 'ament_cmake'
[0.229s] INFO:colcon.colcon_cmake.task.cmake.build:Building CMake package in '/home/namtruong/uuv_sim_home/src/dave_interfaces'
[0.231s] INFO:colcon.colcon_core.plugin_system:Skipping extension 'colcon_core.shell.bat': Not used on non-Windows systems
[0.231s] INFO:colcon.colcon_core.shell:Skip shell extension 'powershell' for command environment: Not usable outside of PowerShell
[0.231s] DEBUG:colcon.colcon_core.shell:Skip shell extension 'dsv' for command environment
[0.235s] INFO:colcon.colcon_ros.task.ament_cmake.build:Building ROS package in '/home/namtruong/uuv_sim_home/src/dave_robot_models' with build type 'ament_cmake'
[0.235s] INFO:colcon.colcon_cmake.task.cmake.build:Building CMake package in '/home/namtruong/uuv_sim_home/src/dave_robot_models'
[0.235s] INFO:colcon.colcon_core.shell:Skip shell extension 'powershell' for command environment: Not usable outside of PowerShell
[0.235s] DEBUG:colcon.colcon_core.shell:Skip shell extension 'dsv' for command environment
[0.238s] INFO:colcon.colcon_ros.task.ament_cmake.build:Building ROS package in '/home/namtruong/uuv_sim_home/src/multibeam_sonar_demo' with build type 'ament_cmake'
[0.238s] INFO:colcon.colcon_cmake.task.cmake.build:Building CMake package in '/home/namtruong/uuv_sim_home/src/multibeam_sonar_demo'
[0.238s] INFO:colcon.colcon_core.shell:Skip shell extension 'powershell' for command environment: Not usable outside of PowerShell
[0.238s] DEBUG:colcon.colcon_core.shell:Skip shell extension 'dsv' for command environment
[0.241s] INFO:colcon.colcon_ros.task.ament_cmake.build:Building ROS package in '/home/namtruong/uuv_sim_home/src/dave_object_models' with build type 'ament_cmake'
[0.241s] INFO:colcon.colcon_cmake.task.cmake.build:Building CMake package in '/home/namtruong/uuv_sim_home/src/dave_object_models'
[0.241s] INFO:colcon.colcon_core.shell:Skip shell extension 'powershell' for command environment: Not usable outside of PowerShell
[0.241s] DEBUG:colcon.colcon_core.shell:Skip shell extension 'dsv' for command environment
[0.245s] INFO:colcon.colcon_ros.task.ament_cmake.build:Building ROS package in '/home/namtruong/uuv_sim_home/src/dave_worlds' with build type 'ament_cmake'
[0.245s] INFO:colcon.colcon_cmake.task.cmake.build:Building CMake package in '/home/namtruong/uuv_sim_home/src/dave_worlds'
[0.245s] INFO:colcon.colcon_core.shell:Skip shell extension 'powershell' for command environment: Not usable outside of PowerShell
[0.245s] DEBUG:colcon.colcon_core.shell:Skip shell extension 'dsv' for command environment
[0.248s] INFO:colcon.colcon_ros.task.ament_cmake.build:Building ROS package in '/home/namtruong/uuv_sim_home/src/multibeam_sonar_system' with build type 'ament_cmake'
[0.248s] INFO:colcon.colcon_cmake.task.cmake.build:Building CMake package in '/home/namtruong/uuv_sim_home/src/multibeam_sonar_system'
[0.248s] INFO:colcon.colcon_core.shell:Skip shell extension 'powershell' for command environment: Not usable outside of PowerShell
[0.248s] DEBUG:colcon.colcon_core.shell:Skip shell extension 'dsv' for command environment
[0.255s] DEBUG:colcon.colcon_core.event_handler.log_command:Invoking command in '/home/namtruong/uuv_sim_home/build/dave_interfaces': CMAKE_PREFIX_PATH=${CMAKE_PREFIX_PATH}:/home/namtruong/uuv_sim_home/install/uuv_simu:/opt/ros/jazzy DEBUGINFOD_URLS=https://debuginfod.ubuntu.com /usr/bin/cmake --build /home/namtruong/uuv_sim_home/build/dave_interfaces -- -j16 -l16
[0.257s] DEBUG:colcon.colcon_core.event_handler.log_command:Invoking command in '/home/namtruong/uuv_sim_home/build/dave_robot_models': CMAKE_PREFIX_PATH=${CMAKE_PREFIX_PATH}:/home/namtruong/uuv_sim_home/install/uuv_simu:/opt/ros/jazzy DEBUGINFOD_URLS=https://debuginfod.ubuntu.com /usr/bin/cmake --build /home/namtruong/uuv_sim_home/build/dave_robot_models -- -j16 -l16
[0.259s] DEBUG:colcon.colcon_core.event_handler.log_command:Invoking command in '/home/namtruong/uuv_sim_home/build/dave_multibeam_sonar_demo': CMAKE_PREFIX_PATH=${CMAKE_PREFIX_PATH}:/home/namtruong/uuv_sim_home/install/uuv_simu:/opt/ros/jazzy DEBUGINFOD_URLS=https://debuginfod.ubuntu.com /usr/bin/cmake --build /home/namtruong/uuv_sim_home/build/dave_multibeam_sonar_demo -- -j16 -l16
[0.263s] DEBUG:colcon.colcon_core.event_handler.log_command:Invoking command in '/home/namtruong/uuv_sim_home/build/dave_object_models': CMAKE_PREFIX_PATH=${CMAKE_PREFIX_PATH}:/home/namtruong/uuv_sim_home/install/uuv_simu:/opt/ros/jazzy DEBUGINFOD_URLS=https://debuginfod.ubuntu.com /usr/bin/cmake --build /home/namtruong/uuv_sim_home/build/dave_object_models -- -j16 -l16
[0.265s] DEBUG:colcon.colcon_core.event_handler.log_command:Invoking command in '/home/namtruong/uuv_sim_home/build/dave_worlds': CMAKE_PREFIX_PATH=${CMAKE_PREFIX_PATH}:/home/namtruong/uuv_sim_home/install/uuv_simu:/opt/ros/jazzy DEBUGINFOD_URLS=https://debuginfod.ubuntu.com /usr/bin/cmake --build /home/namtruong/uuv_sim_home/build/dave_worlds -- -j16 -l16
[0.269s] DEBUG:colcon.colcon_core.event_handler.log_command:Invoking command in '/home/namtruong/uuv_sim_home/build/multibeam_sonar_system': CMAKE_PREFIX_PATH=${CMAKE_PREFIX_PATH}:/home/namtruong/uuv_sim_home/install/uuv_simu:/opt/ros/jazzy DEBUGINFOD_URLS=https://debuginfod.ubuntu.com /usr/bin/cmake --build /home/namtruong/uuv_sim_home/build/multibeam_sonar_system -- -j16 -l16
[0.322s] DEBUG:colcon.colcon_core.event_handler.log_command:Invoked command in '/home/namtruong/uuv_sim_home/build/dave_object_models' returned '0': CMAKE_PREFIX_PATH=${CMAKE_PREFIX_PATH}:/home/namtruong/uuv_sim_home/install/uuv_simu:/opt/ros/jazzy DEBUGINFOD_URLS=https://debuginfod.ubuntu.com /usr/bin/cmake --build /home/namtruong/uuv_sim_home/build/dave_object_models -- -j16 -l16
[0.333s] DEBUG:colcon.colcon_core.event_handler.log_command:Invoking command in '/home/namtruong/uuv_sim_home/build/dave_object_models': CMAKE_PREFIX_PATH=${CMAKE_PREFIX_PATH}:/home/namtruong/uuv_sim_home/install/uuv_simu:/opt/ros/jazzy DEBUGINFOD_URLS=https://debuginfod.ubuntu.com /usr/bin/cmake --install /home/namtruong/uuv_sim_home/build/dave_object_models
[0.334s] DEBUG:colcon.colcon_core.event_handler.log_command:Invoked command in '/home/namtruong/uuv_sim_home/build/dave_multibeam_sonar_demo' returned '0': CMAKE_PREFIX_PATH=${CMAKE_PREFIX_PATH}:/home/namtruong/uuv_sim_home/install/uuv_simu:/opt/ros/jazzy DEBUGINFOD_URLS=https://debuginfod.ubuntu.com /usr/bin/cmake --build /home/namtruong/uuv_sim_home/build/dave_multibeam_sonar_demo -- -j16 -l16
[0.335s] DEBUG:colcon.colcon_core.event_handler.log_command:Invoking command in '/home/namtruong/uuv_sim_home/build/dave_multibeam_sonar_demo': CMAKE_PREFIX_PATH=${CMAKE_PREFIX_PATH}:/home/namtruong/uuv_sim_home/install/uuv_simu:/opt/ros/jazzy DEBUGINFOD_URLS=https://debuginfod.ubuntu.com /usr/bin/cmake --install /home/namtruong/uuv_sim_home/build/dave_multibeam_sonar_demo
[0.335s] DEBUG:colcon.colcon_core.event_handler.log_command:Invoked command in '/home/namtruong/uuv_sim_home/build/dave_robot_models' returned '0': CMAKE_PREFIX_PATH=${CMAKE_PREFIX_PATH}:/home/namtruong/uuv_sim_home/install/uuv_simu:/opt/ros/jazzy DEBUGINFOD_URLS=https://debuginfod.ubuntu.com /usr/bin/cmake --build /home/namtruong/uuv_sim_home/build/dave_robot_models -- -j16 -l16
[0.336s] DEBUG:colcon.colcon_core.event_handler.log_command:Invoking command in '/home/namtruong/uuv_sim_home/build/dave_robot_models': CMAKE_PREFIX_PATH=${CMAKE_PREFIX_PATH}:/home/namtruong/uuv_sim_home/install/uuv_simu:/opt/ros/jazzy DEBUGINFOD_URLS=https://debuginfod.ubuntu.com /usr/bin/cmake --install /home/namtruong/uuv_sim_home/build/dave_robot_models
[0.338s] DEBUG:colcon.colcon_core.event_handler.log_command:Invoked command in '/home/namtruong/uuv_sim_home/build/dave_worlds' returned '0': CMAKE_PREFIX_PATH=${CMAKE_PREFIX_PATH}:/home/namtruong/uuv_sim_home/install/uuv_simu:/opt/ros/jazzy DEBUGINFOD_URLS=https://debuginfod.ubuntu.com /usr/bin/cmake --build /home/namtruong/uuv_sim_home/build/dave_worlds -- -j16 -l16
[0.339s] DEBUG:colcon.colcon_core.event_handler.log_command:Invoking command in '/home/namtruong/uuv_sim_home/build/dave_worlds': CMAKE_PREFIX_PATH=${CMAKE_PREFIX_PATH}:/home/namtruong/uuv_sim_home/install/uuv_simu:/opt/ros/jazzy DEBUGINFOD_URLS=https://debuginfod.ubuntu.com /usr/bin/cmake --install /home/namtruong/uuv_sim_home/build/dave_worlds
[0.359s] Level 1:colcon.colcon_core.environment:create_environment_scripts_only(dave_multibeam_sonar_demo)
[0.360s] DEBUG:colcon.colcon_core.event_handler.log_command:Invoked command in '/home/namtruong/uuv_sim_home/build/dave_multibeam_sonar_demo' returned '0': CMAKE_PREFIX_PATH=${CMAKE_PREFIX_PATH}:/home/namtruong/uuv_sim_home/install/uuv_simu:/opt/ros/jazzy DEBUGINFOD_URLS=https://debuginfod.ubuntu.com /usr/bin/cmake --install /home/namtruong/uuv_sim_home/build/dave_multibeam_sonar_demo
[0.364s] Level 1:colcon.colcon_core.environment:checking '/home/namtruong/uuv_sim_home/install/dave_multibeam_sonar_demo' for CMake module files
[0.365s] Level 1:colcon.colcon_core.environment:checking '/home/namtruong/uuv_sim_home/install/dave_multibeam_sonar_demo' for CMake config files
[0.365s] Level 1:colcon.colcon_core.shell:create_environment_hook('dave_multibeam_sonar_demo', 'cmake_prefix_path')
[0.366s] INFO:colcon.colcon_core.shell:Creating environment hook '/home/namtruong/uuv_sim_home/install/dave_multibeam_sonar_demo/share/dave_multibeam_sonar_demo/hook/cmake_prefix_path.ps1'
[0.366s] INFO:colcon.colcon_core.shell:Creating environment descriptor '/home/namtruong/uuv_sim_home/install/dave_multibeam_sonar_demo/share/dave_multibeam_sonar_demo/hook/cmake_prefix_path.dsv'
[0.367s] INFO:colcon.colcon_core.shell:Creating environment hook '/home/namtruong/uuv_sim_home/install/dave_multibeam_sonar_demo/share/dave_multibeam_sonar_demo/hook/cmake_prefix_path.sh'
[0.367s] Level 1:colcon.colcon_core.environment:checking '/home/namtruong/uuv_sim_home/install/dave_multibeam_sonar_demo/bin'
[0.367s] Level 1:colcon.colcon_core.environment:checking '/home/namtruong/uuv_sim_home/install/dave_multibeam_sonar_demo/lib/pkgconfig/dave_multibeam_sonar_demo.pc'
[0.368s] Level 1:colcon.colcon_core.environment:checking '/home/namtruong/uuv_sim_home/install/dave_multibeam_sonar_demo/lib/python3.12/site-packages'
[0.368s] Level 1:colcon.colcon_core.environment:checking '/home/namtruong/uuv_sim_home/install/dave_multibeam_sonar_demo/bin'
[0.368s] INFO:colcon.colcon_core.shell:Creating package script '/home/namtruong/uuv_sim_home/install/dave_multibeam_sonar_demo/share/dave_multibeam_sonar_demo/package.ps1'
[0.369s] INFO:colcon.colcon_core.shell:Creating package descriptor '/home/namtruong/uuv_sim_home/install/dave_multibeam_sonar_demo/share/dave_multibeam_sonar_demo/package.dsv'
[0.369s] INFO:colcon.colcon_core.shell:Creating package script '/home/namtruong/uuv_sim_home/install/dave_multibeam_sonar_demo/share/dave_multibeam_sonar_demo/package.sh'
[0.370s] INFO:colcon.colcon_core.shell:Creating package script '/home/namtruong/uuv_sim_home/install/dave_multibeam_sonar_demo/share/dave_multibeam_sonar_demo/package.bash'
[0.370s] INFO:colcon.colcon_core.shell:Creating package script '/home/namtruong/uuv_sim_home/install/dave_multibeam_sonar_demo/share/dave_multibeam_sonar_demo/package.zsh'
[0.371s] Level 1:colcon.colcon_core.environment:create_file_with_runtime_dependencies(/home/namtruong/uuv_sim_home/install/dave_multibeam_sonar_demo/share/colcon-core/packages/dave_multibeam_sonar_demo)
[0.371s] Level 1:colcon.colcon_core.environment:create_environment_scripts_only(dave_multibeam_sonar_demo)
[0.372s] Level 1:colcon.colcon_core.environment:checking '/home/namtruong/uuv_sim_home/install/dave_multibeam_sonar_demo' for CMake module files
[0.372s] Level 1:colcon.colcon_core.environment:checking '/home/namtruong/uuv_sim_home/install/dave_multibeam_sonar_demo' for CMake config files
[0.372s] Level 1:colcon.colcon_core.shell:create_environment_hook('dave_multibeam_sonar_demo', 'cmake_prefix_path')
[0.373s] INFO:colcon.colcon_core.shell:Creating environment hook '/home/namtruong/uuv_sim_home/install/dave_multibeam_sonar_demo/share/dave_multibeam_sonar_demo/hook/cmake_prefix_path.ps1'
[0.373s] INFO:colcon.colcon_core.shell:Creating environment descriptor '/home/namtruong/uuv_sim_home/install/dave_multibeam_sonar_demo/share/dave_multibeam_sonar_demo/hook/cmake_prefix_path.dsv'
[0.373s] INFO:colcon.colcon_core.shell:Creating environment hook '/home/namtruong/uuv_sim_home/install/dave_multibeam_sonar_demo/share/dave_multibeam_sonar_demo/hook/cmake_prefix_path.sh'
[0.373s] Level 1:colcon.colcon_core.environment:checking '/home/namtruong/uuv_sim_home/install/dave_multibeam_sonar_demo/bin'
[0.374s] Level 1:colcon.colcon_core.environment:checking '/home/namtruong/uuv_sim_home/install/dave_multibeam_sonar_demo/lib/pkgconfig/dave_multibeam_sonar_demo.pc'
[0.374s] Level 1:colcon.colcon_core.environment:checking '/home/namtruong/uuv_sim_home/install/dave_multibeam_sonar_demo/lib/python3.12/site-packages'
[0.374s] Level 1:colcon.colcon_core.environment:checking '/home/namtruong/uuv_sim_home/install/dave_multibeam_sonar_demo/bin'
[0.374s] INFO:colcon.colcon_core.shell:Creating package script '/home/namtruong/uuv_sim_home/install/dave_multibeam_sonar_demo/share/dave_multibeam_sonar_demo/package.ps1'
[0.374s] INFO:colcon.colcon_core.shell:Creating package descriptor '/home/namtruong/uuv_sim_home/install/dave_multibeam_sonar_demo/share/dave_multibeam_sonar_demo/package.dsv'
[0.375s] INFO:colcon.colcon_core.shell:Creating package script '/home/namtruong/uuv_sim_home/install/dave_multibeam_sonar_demo/share/dave_multibeam_sonar_demo/package.sh'
[0.375s] INFO:colcon.colcon_core.shell:Creating package script '/home/namtruong/uuv_sim_home/install/dave_multibeam_sonar_demo/share/dave_multibeam_sonar_demo/package.bash'
[0.375s] INFO:colcon.colcon_core.shell:Creating package script '/home/namtruong/uuv_sim_home/install/dave_multibeam_sonar_demo/share/dave_multibeam_sonar_demo/package.zsh'
[0.376s] Level 1:colcon.colcon_core.environment:create_file_with_runtime_dependencies(/home/namtruong/uuv_sim_home/install/dave_multibeam_sonar_demo/share/colcon-core/packages/dave_multibeam_sonar_demo)
[0.377s] Level 1:colcon.colcon_core.environment:create_environment_scripts_only(dave_robot_models)
[0.377s] Level 1:colcon.colcon_core.environment:checking '/home/namtruong/uuv_sim_home/install/dave_robot_models' for CMake module files
[0.377s] DEBUG:colcon.colcon_core.event_handler.log_command:Invoked command in '/home/namtruong/uuv_sim_home/build/dave_robot_models' returned '0': CMAKE_PREFIX_PATH=${CMAKE_PREFIX_PATH}:/home/namtruong/uuv_sim_home/install/uuv_simu:/opt/ros/jazzy DEBUGINFOD_URLS=https://debuginfod.ubuntu.com /usr/bin/cmake --install /home/namtruong/uuv_sim_home/build/dave_robot_models
[0.378s] Level 1:colcon.colcon_core.environment:checking '/home/namtruong/uuv_sim_home/install/dave_robot_models' for CMake config files
[0.378s] Level 1:colcon.colcon_core.shell:create_environment_hook('dave_robot_models', 'cmake_prefix_path')
[0.378s] INFO:colcon.colcon_core.shell:Creating environment hook '/home/namtruong/uuv_sim_home/install/dave_robot_models/share/dave_robot_models/hook/cmake_prefix_path.ps1'
[0.379s] INFO:colcon.colcon_core.shell:Creating environment descriptor '/home/namtruong/uuv_sim_home/install/dave_robot_models/share/dave_robot_models/hook/cmake_prefix_path.dsv'
[0.379s] INFO:colcon.colcon_core.shell:Creating environment hook '/home/namtruong/uuv_sim_home/install/dave_robot_models/share/dave_robot_models/hook/cmake_prefix_path.sh'
[0.379s] Level 1:colcon.colcon_core.environment:checking '/home/namtruong/uuv_sim_home/install/dave_robot_models/lib'
[0.380s] Level 1:colcon.colcon_core.environment:checking '/home/namtruong/uuv_sim_home/install/dave_robot_models/bin'
[0.380s] Level 1:colcon.colcon_core.environment:checking '/home/namtruong/uuv_sim_home/install/dave_robot_models/lib/pkgconfig/dave_robot_models.pc'
[0.380s] Level 1:colcon.colcon_core.environment:checking '/home/namtruong/uuv_sim_home/install/dave_robot_models/lib/python3.12/site-packages'
[0.380s] Level 1:colcon.colcon_core.environment:checking '/home/namtruong/uuv_sim_home/install/dave_robot_models/bin'
[0.380s] INFO:colcon.colcon_core.shell:Creating package script '/home/namtruong/uuv_sim_home/install/dave_robot_models/share/dave_robot_models/package.ps1'
[0.380s] INFO:colcon.colcon_core.shell:Creating package descriptor '/home/namtruong/uuv_sim_home/install/dave_robot_models/share/dave_robot_models/package.dsv'
[0.381s] INFO:colcon.colcon_core.shell:Creating package script '/home/namtruong/uuv_sim_home/install/dave_robot_models/share/dave_robot_models/package.sh'
[0.381s] INFO:colcon.colcon_core.shell:Creating package script '/home/namtruong/uuv_sim_home/install/dave_robot_models/share/dave_robot_models/package.bash'
[0.381s] INFO:colcon.colcon_core.shell:Creating package script '/home/namtruong/uuv_sim_home/install/dave_robot_models/share/dave_robot_models/package.zsh'
[0.382s] Level 1:colcon.colcon_core.environment:create_file_with_runtime_dependencies(/home/namtruong/uuv_sim_home/install/dave_robot_models/share/colcon-core/packages/dave_robot_models)
[0.382s] Level 1:colcon.colcon_core.environment:create_environment_scripts_only(dave_robot_models)
[0.382s] Level 1:colcon.colcon_core.environment:checking '/home/namtruong/uuv_sim_home/install/dave_robot_models' for CMake module files
[0.382s] Level 1:colcon.colcon_core.environment:checking '/home/namtruong/uuv_sim_home/install/dave_robot_models' for CMake config files
[0.383s] Level 1:colcon.colcon_core.shell:create_environment_hook('dave_robot_models', 'cmake_prefix_path')
[0.383s] INFO:colcon.colcon_core.shell:Creating environment hook '/home/namtruong/uuv_sim_home/install/dave_robot_models/share/dave_robot_models/hook/cmake_prefix_path.ps1'
[0.383s] INFO:colcon.colcon_core.shell:Creating environment descriptor '/home/namtruong/uuv_sim_home/install/dave_robot_models/share/dave_robot_models/hook/cmake_prefix_path.dsv'
[0.384s] INFO:colcon.colcon_core.shell:Creating environment hook '/home/namtruong/uuv_sim_home/install/dave_robot_models/share/dave_robot_models/hook/cmake_prefix_path.sh'
[0.384s] Level 1:colcon.colcon_core.environment:checking '/home/namtruong/uuv_sim_home/install/dave_robot_models/lib'
[0.384s] Level 1:colcon.colcon_core.environment:checking '/home/namtruong/uuv_sim_home/install/dave_robot_models/bin'
[0.384s] Level 1:colcon.colcon_core.environment:checking '/home/namtruong/uuv_sim_home/install/dave_robot_models/lib/pkgconfig/dave_robot_models.pc'
[0.384s] Level 1:colcon.colcon_core.environment:checking '/home/namtruong/uuv_sim_home/install/dave_robot_models/lib/python3.12/site-packages'
[0.385s] Level 1:colcon.colcon_core.environment:checking '/home/namtruong/uuv_sim_home/install/dave_robot_models/bin'
[0.385s] INFO:colcon.colcon_core.shell:Creating package script '/home/namtruong/uuv_sim_home/install/dave_robot_models/share/dave_robot_models/package.ps1'
[0.385s] INFO:colcon.colcon_core.shell:Creating package descriptor '/home/namtruong/uuv_sim_home/install/dave_robot_models/share/dave_robot_models/package.dsv'
[0.385s] INFO:colcon.colcon_core.shell:Creating package script '/home/namtruong/uuv_sim_home/install/dave_robot_models/share/dave_robot_models/package.sh'
[0.386s] INFO:colcon.colcon_core.shell:Creating package script '/home/namtruong/uuv_sim_home/install/dave_robot_models/share/dave_robot_models/package.bash'
[0.386s] INFO:colcon.colcon_core.shell:Creating package script '/home/namtruong/uuv_sim_home/install/dave_robot_models/share/dave_robot_models/package.zsh'
[0.386s] Level 1:colcon.colcon_core.environment:create_file_with_runtime_dependencies(/home/namtruong/uuv_sim_home/install/dave_robot_models/share/colcon-core/packages/dave_robot_models)
[0.387s] INFO:colcon.colcon_ros.task.ament_python.build:Building ROS package in '/home/namtruong/uuv_sim_home/src/uuv_simu' with build type 'ament_python'
[0.387s] Level 1:colcon.colcon_core.shell:create_environment_hook('uuv_simu', 'ament_prefix_path')
[0.387s] INFO:colcon.colcon_core.shell:Creating environment hook '/home/namtruong/uuv_sim_home/install/uuv_simu/share/uuv_simu/hook/ament_prefix_path.ps1'
[0.388s] INFO:colcon.colcon_core.shell:Creating environment descriptor '/home/namtruong/uuv_sim_home/install/uuv_simu/share/uuv_simu/hook/ament_prefix_path.dsv'
[0.388s] INFO:colcon.colcon_core.shell:Creating environment hook '/home/namtruong/uuv_sim_home/install/uuv_simu/share/uuv_simu/hook/ament_prefix_path.sh'
[0.389s] INFO:colcon.colcon_core.shell:Skip shell extension 'powershell' for command environment: Not usable outside of PowerShell
[0.389s] DEBUG:colcon.colcon_core.shell:Skip shell extension 'dsv' for command environment
[0.393s] Level 1:colcon.colcon_core.environment:create_environment_scripts_only(dave_object_models)
[0.393s] Level 1:colcon.colcon_core.environment:checking '/home/namtruong/uuv_sim_home/install/dave_object_models' for CMake module files
[0.394s] DEBUG:colcon.colcon_core.event_handler.log_command:Invoked command in '/home/namtruong/uuv_sim_home/build/dave_object_models' returned '0': CMAKE_PREFIX_PATH=${CMAKE_PREFIX_PATH}:/home/namtruong/uuv_sim_home/install/uuv_simu:/opt/ros/jazzy DEBUGINFOD_URLS=https://debuginfod.ubuntu.com /usr/bin/cmake --install /home/namtruong/uuv_sim_home/build/dave_object_models
[0.394s] Level 1:colcon.colcon_core.environment:checking '/home/namtruong/uuv_sim_home/install/dave_object_models' for CMake config files
[0.395s] Level 1:colcon.colcon_core.shell:create_environment_hook('dave_object_models', 'cmake_prefix_path')
[0.395s] INFO:colcon.colcon_core.shell:Creating environment hook '/home/namtruong/uuv_sim_home/install/dave_object_models/share/dave_object_models/hook/cmake_prefix_path.ps1'
[0.395s] INFO:colcon.colcon_core.shell:Creating environment descriptor '/home/namtruong/uuv_sim_home/install/dave_object_models/share/dave_object_models/hook/cmake_prefix_path.dsv'
[0.396s] INFO:colcon.colcon_core.shell:Creating environment hook '/home/namtruong/uuv_sim_home/install/dave_object_models/share/dave_object_models/hook/cmake_prefix_path.sh'
[0.396s] Level 1:colcon.colcon_core.environment:checking '/home/namtruong/uuv_sim_home/install/dave_object_models/bin'
[0.396s] Level 1:colcon.colcon_core.environment:checking '/home/namtruong/uuv_sim_home/install/dave_object_models/lib/pkgconfig/dave_object_models.pc'
[0.396s] Level 1:colcon.colcon_core.environment:checking '/home/namtruong/uuv_sim_home/install/dave_object_models/lib/python3.12/site-packages'
[0.397s] Level 1:colcon.colcon_core.environment:checking '/home/namtruong/uuv_sim_home/install/dave_object_models/bin'
[0.397s] INFO:colcon.colcon_core.shell:Creating package script '/home/namtruong/uuv_sim_home/install/dave_object_models/share/dave_object_models/package.ps1'
[0.398s] INFO:colcon.colcon_core.shell:Creating package descriptor '/home/namtruong/uuv_sim_home/install/dave_object_models/share/dave_object_models/package.dsv'
[0.398s] INFO:colcon.colcon_core.shell:Creating package script '/home/namtruong/uuv_sim_home/install/dave_object_models/share/dave_object_models/package.sh'
[0.398s] INFO:colcon.colcon_core.shell:Creating package script '/home/namtruong/uuv_sim_home/install/dave_object_models/share/dave_object_models/package.bash'
[0.399s] INFO:colcon.colcon_core.shell:Creating package script '/home/namtruong/uuv_sim_home/install/dave_object_models/share/dave_object_models/package.zsh'
[0.399s] Level 1:colcon.colcon_core.environment:create_file_with_runtime_dependencies(/home/namtruong/uuv_sim_home/install/dave_object_models/share/colcon-core/packages/dave_object_models)
[0.399s] Level 1:colcon.colcon_core.environment:create_environment_scripts_only(dave_object_models)
[0.399s] Level 1:colcon.colcon_core.environment:checking '/home/namtruong/uuv_sim_home/install/dave_object_models' for CMake module files
[0.400s] Level 1:colcon.colcon_core.environment:checking '/home/namtruong/uuv_sim_home/install/dave_object_models' for CMake config files
[0.400s] Level 1:colcon.colcon_core.shell:create_environment_hook('dave_object_models', 'cmake_prefix_path')
[0.400s] INFO:colcon.colcon_core.shell:Creating environment hook '/home/namtruong/uuv_sim_home/install/dave_object_models/share/dave_object_models/hook/cmake_prefix_path.ps1'
[0.401s] INFO:colcon.colcon_core.shell:Creating environment descriptor '/home/namtruong/uuv_sim_home/install/dave_object_models/share/dave_object_models/hook/cmake_prefix_path.dsv'
[0.401s] INFO:colcon.colcon_core.shell:Creating environment hook '/home/namtruong/uuv_sim_home/install/dave_object_models/share/dave_object_models/hook/cmake_prefix_path.sh'
[0.401s] Level 1:colcon.colcon_core.environment:checking '/home/namtruong/uuv_sim_home/install/dave_object_models/bin'
[0.402s] Level 1:colcon.colcon_core.environment:checking '/home/namtruong/uuv_sim_home/install/dave_object_models/lib/pkgconfig/dave_object_models.pc'
[0.402s] Level 1:colcon.colcon_core.environment:checking '/home/namtruong/uuv_sim_home/install/dave_object_models/lib/python3.12/site-packages'
[0.402s] Level 1:colcon.colcon_core.environment:checking '/home/namtruong/uuv_sim_home/install/dave_object_models/bin'
[0.402s] INFO:colcon.colcon_core.shell:Creating package script '/home/namtruong/uuv_sim_home/install/dave_object_models/share/dave_object_models/package.ps1'
[0.403s] INFO:colcon.colcon_core.shell:Creating package descriptor '/home/namtruong/uuv_sim_home/install/dave_object_models/share/dave_object_models/package.dsv'
[0.404s] INFO:colcon.colcon_core.shell:Creating package script '/home/namtruong/uuv_sim_home/install/dave_object_models/share/dave_object_models/package.sh'
[0.404s] INFO:colcon.colcon_core.shell:Creating package script '/home/namtruong/uuv_sim_home/install/dave_object_models/share/dave_object_models/package.bash'
[0.404s] INFO:colcon.colcon_core.shell:Creating package script '/home/namtruong/uuv_sim_home/install/dave_object_models/share/dave_object_models/package.zsh'
[0.404s] Level 1:colcon.colcon_core.environment:create_file_with_runtime_dependencies(/home/namtruong/uuv_sim_home/install/dave_object_models/share/colcon-core/packages/dave_object_models)
[0.405s] Level 1:colcon.colcon_core.environment:create_environment_scripts_only(dave_worlds)
[0.405s] Level 1:colcon.colcon_core.environment:checking '/home/namtruong/uuv_sim_home/install/dave_worlds' for CMake module files
[0.406s] DEBUG:colcon.colcon_core.event_handler.log_command:Invoked command in '/home/namtruong/uuv_sim_home/build/dave_worlds' returned '0': CMAKE_PREFIX_PATH=${CMAKE_PREFIX_PATH}:/home/namtruong/uuv_sim_home/install/uuv_simu:/opt/ros/jazzy DEBUGINFOD_URLS=https://debuginfod.ubuntu.com /usr/bin/cmake --install /home/namtruong/uuv_sim_home/build/dave_worlds
[0.406s] Level 1:colcon.colcon_core.environment:checking '/home/namtruong/uuv_sim_home/install/dave_worlds' for CMake config files
[0.406s] Level 1:colcon.colcon_core.shell:create_environment_hook('dave_worlds', 'cmake_prefix_path')
[0.407s] INFO:colcon.colcon_core.shell:Creating environment hook '/home/namtruong/uuv_sim_home/install/dave_worlds/share/dave_worlds/hook/cmake_prefix_path.ps1'
[0.407s] INFO:colcon.colcon_core.shell:Creating environment descriptor '/home/namtruong/uuv_sim_home/install/dave_worlds/share/dave_worlds/hook/cmake_prefix_path.dsv'
[0.407s] INFO:colcon.colcon_core.shell:Creating environment hook '/home/namtruong/uuv_sim_home/install/dave_worlds/share/dave_worlds/hook/cmake_prefix_path.sh'
[0.408s] Level 1:colcon.colcon_core.environment:checking '/home/namtruong/uuv_sim_home/install/dave_worlds/bin'
[0.408s] Level 1:colcon.colcon_core.environment:checking '/home/namtruong/uuv_sim_home/install/dave_worlds/lib/pkgconfig/dave_worlds.pc'
[0.408s] Level 1:colcon.colcon_core.environment:checking '/home/namtruong/uuv_sim_home/install/dave_worlds/lib/python3.12/site-packages'
[0.408s] Level 1:colcon.colcon_core.environment:checking '/home/namtruong/uuv_sim_home/install/dave_worlds/bin'
[0.409s] INFO:colcon.colcon_core.shell:Creating package script '/home/namtruong/uuv_sim_home/install/dave_worlds/share/dave_worlds/package.ps1'
[0.409s] INFO:colcon.colcon_core.shell:Creating package descriptor '/home/namtruong/uuv_sim_home/install/dave_worlds/share/dave_worlds/package.dsv'
[0.409s] INFO:colcon.colcon_core.shell:Creating package script '/home/namtruong/uuv_sim_home/install/dave_worlds/share/dave_worlds/package.sh'
[0.410s] INFO:colcon.colcon_core.shell:Creating package script '/home/namtruong/uuv_sim_home/install/dave_worlds/share/dave_worlds/package.bash'
[0.410s] INFO:colcon.colcon_core.shell:Creating package script '/home/namtruong/uuv_sim_home/install/dave_worlds/share/dave_worlds/package.zsh'
[0.410s] Level 1:colcon.colcon_core.environment:create_file_with_runtime_dependencies(/home/namtruong/uuv_sim_home/install/dave_worlds/share/colcon-core/packages/dave_worlds)
[0.411s] Level 1:colcon.colcon_core.environment:create_environment_scripts_only(dave_worlds)
[0.411s] Level 1:colcon.colcon_core.environment:checking '/home/namtruong/uuv_sim_home/install/dave_worlds' for CMake module files
[0.411s] Level 1:colcon.colcon_core.environment:checking '/home/namtruong/uuv_sim_home/install/dave_worlds' for CMake config files
[0.412s] Level 1:colcon.colcon_core.shell:create_environment_hook('dave_worlds', 'cmake_prefix_path')
[0.412s] INFO:colcon.colcon_core.shell:Creating environment hook '/home/namtruong/uuv_sim_home/install/dave_worlds/share/dave_worlds/hook/cmake_prefix_path.ps1'
[0.412s] INFO:colcon.colcon_core.shell:Creating environment descriptor '/home/namtruong/uuv_sim_home/install/dave_worlds/share/dave_worlds/hook/cmake_prefix_path.dsv'
[0.413s] INFO:colcon.colcon_core.shell:Creating environment hook '/home/namtruong/uuv_sim_home/install/dave_worlds/share/dave_worlds/hook/cmake_prefix_path.sh'
[0.413s] Level 1:colcon.colcon_core.environment:checking '/home/namtruong/uuv_sim_home/install/dave_worlds/bin'
[0.413s] Level 1:colcon.colcon_core.environment:checking '/home/namtruong/uuv_sim_home/install/dave_worlds/lib/pkgconfig/dave_worlds.pc'
[0.413s] Level 1:colcon.colcon_core.environment:checking '/home/namtruong/uuv_sim_home/install/dave_worlds/lib/python3.12/site-packages'
[0.414s] Level 1:colcon.colcon_core.environment:checking '/home/namtruong/uuv_sim_home/install/dave_worlds/bin'
[0.414s] INFO:colcon.colcon_core.shell:Creating package script '/home/namtruong/uuv_sim_home/install/dave_worlds/share/dave_worlds/package.ps1'
[0.414s] INFO:colcon.colcon_core.shell:Creating package descriptor '/home/namtruong/uuv_sim_home/install/dave_worlds/share/dave_worlds/package.dsv'
[0.415s] INFO:colcon.colcon_core.shell:Creating package script '/home/namtruong/uuv_sim_home/install/dave_worlds/share/dave_worlds/package.sh'
[0.415s] INFO:colcon.colcon_core.shell:Creating package script '/home/namtruong/uuv_sim_home/install/dave_worlds/share/dave_worlds/package.bash'
[0.416s] INFO:colcon.colcon_core.shell:Creating package script '/home/namtruong/uuv_sim_home/install/dave_worlds/share/dave_worlds/package.zsh'
[0.416s] Level 1:colcon.colcon_core.environment:create_file_with_runtime_dependencies(/home/namtruong/uuv_sim_home/install/dave_worlds/share/colcon-core/packages/dave_worlds)
[0.585s] INFO:colcon.colcon_core.task.python.build:Building Python package in '/home/namtruong/uuv_sim_home/src/uuv_simu'
[0.585s] INFO:colcon.colcon_core.shell:Skip shell extension 'powershell' for command environment: Not usable outside of PowerShell
[0.585s] DEBUG:colcon.colcon_core.shell:Skip shell extension 'dsv' for command environment
[0.590s] DEBUG:colcon.colcon_core.event_handler.log_command:Invoked command in '/home/namtruong/uuv_sim_home/build/multibeam_sonar_system' returned '0': CMAKE_PREFIX_PATH=${CMAKE_PREFIX_PATH}:/home/namtruong/uuv_sim_home/install/uuv_simu:/opt/ros/jazzy DEBUGINFOD_URLS=https://debuginfod.ubuntu.com /usr/bin/cmake --build /home/namtruong/uuv_sim_home/build/multibeam_sonar_system -- -j16 -l16
[0.591s] DEBUG:colcon.colcon_core.event_handler.log_command:Invoking command in '/home/namtruong/uuv_sim_home/build/multibeam_sonar_system': CMAKE_PREFIX_PATH=${CMAKE_PREFIX_PATH}:/home/namtruong/uuv_sim_home/install/uuv_simu:/opt/ros/jazzy DEBUGINFOD_URLS=https://debuginfod.ubuntu.com /usr/bin/cmake --install /home/namtruong/uuv_sim_home/build/multibeam_sonar_system
[0.618s] Level 1:colcon.colcon_core.environment:create_environment_scripts_only(multibeam_sonar_system)
[0.618s] Level 1:colcon.colcon_core.environment:checking '/home/namtruong/uuv_sim_home/install/multibeam_sonar_system' for CMake module files
[0.618s] DEBUG:colcon.colcon_core.event_handler.log_command:Invoked command in '/home/namtruong/uuv_sim_home/build/multibeam_sonar_system' returned '0': CMAKE_PREFIX_PATH=${CMAKE_PREFIX_PATH}:/home/namtruong/uuv_sim_home/install/uuv_simu:/opt/ros/jazzy DEBUGINFOD_URLS=https://debuginfod.ubuntu.com /usr/bin/cmake --install /home/namtruong/uuv_sim_home/build/multibeam_sonar_system
[0.619s] Level 1:colcon.colcon_core.environment:checking '/home/namtruong/uuv_sim_home/install/multibeam_sonar_system' for CMake config files
[0.619s] Level 1:colcon.colcon_core.shell:create_environment_hook('multibeam_sonar_system', 'cmake_prefix_path')
[0.619s] INFO:colcon.colcon_core.shell:Creating environment hook '/home/namtruong/uuv_sim_home/install/multibeam_sonar_system/share/multibeam_sonar_system/hook/cmake_prefix_path.ps1'
[0.619s] INFO:colcon.colcon_core.shell:Creating environment descriptor '/home/namtruong/uuv_sim_home/install/multibeam_sonar_system/share/multibeam_sonar_system/hook/cmake_prefix_path.dsv'
[0.620s] INFO:colcon.colcon_core.shell:Creating environment hook '/home/namtruong/uuv_sim_home/install/multibeam_sonar_system/share/multibeam_sonar_system/hook/cmake_prefix_path.sh'
[0.620s] Level 1:colcon.colcon_core.environment:checking '/home/namtruong/uuv_sim_home/install/multibeam_sonar_system/lib'
[0.620s] Level 1:colcon.colcon_core.environment:checking '/home/namtruong/uuv_sim_home/install/multibeam_sonar_system/bin'
[0.620s] Level 1:colcon.colcon_core.environment:checking '/home/namtruong/uuv_sim_home/install/multibeam_sonar_system/lib/pkgconfig/multibeam_sonar_system.pc'
[0.620s] Level 1:colcon.colcon_core.environment:checking '/home/namtruong/uuv_sim_home/install/multibeam_sonar_system/lib/python3.12/site-packages'
[0.621s] Level 1:colcon.colcon_core.environment:checking '/home/namtruong/uuv_sim_home/install/multibeam_sonar_system/bin'
[0.621s] INFO:colcon.colcon_core.shell:Creating package script '/home/namtruong/uuv_sim_home/install/multibeam_sonar_system/share/multibeam_sonar_system/package.ps1'
[0.621s] INFO:colcon.colcon_core.shell:Creating package descriptor '/home/namtruong/uuv_sim_home/install/multibeam_sonar_system/share/multibeam_sonar_system/package.dsv'
[0.621s] INFO:colcon.colcon_core.shell:Creating package script '/home/namtruong/uuv_sim_home/install/multibeam_sonar_system/share/multibeam_sonar_system/package.sh'
[0.622s] INFO:colcon.colcon_core.shell:Creating package script '/home/namtruong/uuv_sim_home/install/multibeam_sonar_system/share/multibeam_sonar_system/package.bash'
[0.622s] INFO:colcon.colcon_core.shell:Creating package script '/home/namtruong/uuv_sim_home/install/multibeam_sonar_system/share/multibeam_sonar_system/package.zsh'
[0.622s] Level 1:colcon.colcon_core.environment:create_file_with_runtime_dependencies(/home/namtruong/uuv_sim_home/install/multibeam_sonar_system/share/colcon-core/packages/multibeam_sonar_system)
[0.623s] Level 1:colcon.colcon_core.environment:create_environment_scripts_only(multibeam_sonar_system)
[0.623s] Level 1:colcon.colcon_core.environment:checking '/home/namtruong/uuv_sim_home/install/multibeam_sonar_system' for CMake module files
[0.623s] Level 1:colcon.colcon_core.environment:checking '/home/namtruong/uuv_sim_home/install/multibeam_sonar_system' for CMake config files
[0.623s] Level 1:colcon.colcon_core.shell:create_environment_hook('multibeam_sonar_system', 'cmake_prefix_path')
[0.623s] INFO:colcon.colcon_core.shell:Creating environment hook '/home/namtruong/uuv_sim_home/install/multibeam_sonar_system/share/multibeam_sonar_system/hook/cmake_prefix_path.ps1'
[0.624s] INFO:colcon.colcon_core.shell:Creating environment descriptor '/home/namtruong/uuv_sim_home/install/multibeam_sonar_system/share/multibeam_sonar_system/hook/cmake_prefix_path.dsv'
[0.624s] INFO:colcon.colcon_core.shell:Creating environment hook '/home/namtruong/uuv_sim_home/install/multibeam_sonar_system/share/multibeam_sonar_system/hook/cmake_prefix_path.sh'
[0.624s] Level 1:colcon.colcon_core.environment:checking '/home/namtruong/uuv_sim_home/install/multibeam_sonar_system/lib'
[0.624s] Level 1:colcon.colcon_core.environment:checking '/home/namtruong/uuv_sim_home/install/multibeam_sonar_system/bin'
[0.625s] Level 1:colcon.colcon_core.environment:checking '/home/namtruong/uuv_sim_home/install/multibeam_sonar_system/lib/pkgconfig/multibeam_sonar_system.pc'
[0.625s] Level 1:colcon.colcon_core.environment:checking '/home/namtruong/uuv_sim_home/install/multibeam_sonar_system/lib/python3.12/site-packages'
[0.625s] Level 1:colcon.colcon_core.environment:checking '/home/namtruong/uuv_sim_home/install/multibeam_sonar_system/bin'
[0.625s] INFO:colcon.colcon_core.shell:Creating package script '/home/namtruong/uuv_sim_home/install/multibeam_sonar_system/share/multibeam_sonar_system/package.ps1'
[0.625s] INFO:colcon.colcon_core.shell:Creating package descriptor '/home/namtruong/uuv_sim_home/install/multibeam_sonar_system/share/multibeam_sonar_system/package.dsv'
[0.626s] INFO:colcon.colcon_core.shell:Creating package script '/home/namtruong/uuv_sim_home/install/multibeam_sonar_system/share/multibeam_sonar_system/package.sh'
[0.626s] INFO:colcon.colcon_core.shell:Creating package script '/home/namtruong/uuv_sim_home/install/multibeam_sonar_system/share/multibeam_sonar_system/package.bash'
[0.626s] INFO:colcon.colcon_core.shell:Creating package script '/home/namtruong/uuv_sim_home/install/multibeam_sonar_system/share/multibeam_sonar_system/package.zsh'
[0.627s] Level 1:colcon.colcon_core.environment:create_file_with_runtime_dependencies(/home/namtruong/uuv_sim_home/install/multibeam_sonar_system/share/colcon-core/packages/multibeam_sonar_system)
[0.648s] DEBUG:colcon.colcon_core.event_handler.log_command:Invoked command in '/home/namtruong/uuv_sim_home/build/dave_interfaces' returned '0': CMAKE_PREFIX_PATH=${CMAKE_PREFIX_PATH}:/home/namtruong/uuv_sim_home/install/uuv_simu:/opt/ros/jazzy DEBUGINFOD_URLS=https://debuginfod.ubuntu.com /usr/bin/cmake --build /home/namtruong/uuv_sim_home/build/dave_interfaces -- -j16 -l16
[0.650s] DEBUG:colcon.colcon_core.event_handler.log_command:Invoking command in '/home/namtruong/uuv_sim_home/build/dave_interfaces': CMAKE_PREFIX_PATH=${CMAKE_PREFIX_PATH}:/home/namtruong/uuv_sim_home/install/uuv_simu:/opt/ros/jazzy DEBUGINFOD_URLS=https://debuginfod.ubuntu.com /usr/bin/cmake --install /home/namtruong/uuv_sim_home/build/dave_interfaces
[0.769s] Level 1:colcon.colcon_core.environment:create_environment_scripts_only(dave_interfaces)
[0.769s] Level 1:colcon.colcon_core.environment:checking '/home/namtruong/uuv_sim_home/install/dave_interfaces' for CMake module files
[0.769s] DEBUG:colcon.colcon_core.event_handler.log_command:Invoked command in '/home/namtruong/uuv_sim_home/build/dave_interfaces' returned '0': CMAKE_PREFIX_PATH=${CMAKE_PREFIX_PATH}:/home/namtruong/uuv_sim_home/install/uuv_simu:/opt/ros/jazzy DEBUGINFOD_URLS=https://debuginfod.ubuntu.com /usr/bin/cmake --install /home/namtruong/uuv_sim_home/build/dave_interfaces
[0.770s] Level 1:colcon.colcon_core.environment:checking '/home/namtruong/uuv_sim_home/install/dave_interfaces' for CMake config files
[0.772s] Level 1:colcon.colcon_core.shell:create_environment_hook('dave_interfaces', 'cmake_prefix_path')
[0.772s] INFO:colcon.colcon_core.shell:Creating environment hook '/home/namtruong/uuv_sim_home/install/dave_interfaces/share/dave_interfaces/hook/cmake_prefix_path.ps1'
[0.772s] INFO:colcon.colcon_core.shell:Creating environment descriptor '/home/namtruong/uuv_sim_home/install/dave_interfaces/share/dave_interfaces/hook/cmake_prefix_path.dsv'
[0.772s] INFO:colcon.colcon_core.shell:Creating environment hook '/home/namtruong/uuv_sim_home/install/dave_interfaces/share/dave_interfaces/hook/cmake_prefix_path.sh'
[0.773s] Level 1:colcon.colcon_core.environment:checking '/home/namtruong/uuv_sim_home/install/dave_interfaces/lib'
[0.773s] Level 1:colcon.colcon_core.shell:create_environment_hook('dave_interfaces', 'ld_library_path_lib')
[0.773s] INFO:colcon.colcon_core.shell:Creating environment hook '/home/namtruong/uuv_sim_home/install/dave_interfaces/share/dave_interfaces/hook/ld_library_path_lib.ps1'
[0.773s] INFO:colcon.colcon_core.shell:Creating environment descriptor '/home/namtruong/uuv_sim_home/install/dave_interfaces/share/dave_interfaces/hook/ld_library_path_lib.dsv'
[0.773s] INFO:colcon.colcon_core.shell:Creating environment hook '/home/namtruong/uuv_sim_home/install/dave_interfaces/share/dave_interfaces/hook/ld_library_path_lib.sh'
[0.774s] Level 1:colcon.colcon_core.environment:checking '/home/namtruong/uuv_sim_home/install/dave_interfaces/bin'
[0.774s] Level 1:colcon.colcon_core.environment:checking '/home/namtruong/uuv_sim_home/install/dave_interfaces/lib/pkgconfig/dave_interfaces.pc'
[0.774s] Level 1:colcon.colcon_core.environment:checking '/home/namtruong/uuv_sim_home/install/dave_interfaces/lib/python3.12/site-packages'
[0.774s] Level 1:colcon.colcon_core.shell:create_environment_hook('dave_interfaces', 'pythonpath')
[0.774s] INFO:colcon.colcon_core.shell:Creating environment hook '/home/namtruong/uuv_sim_home/install/dave_interfaces/share/dave_interfaces/hook/pythonpath.ps1'
[0.774s] INFO:colcon.colcon_core.shell:Creating environment descriptor '/home/namtruong/uuv_sim_home/install/dave_interfaces/share/dave_interfaces/hook/pythonpath.dsv'
[0.775s] INFO:colcon.colcon_core.shell:Creating environment hook '/home/namtruong/uuv_sim_home/install/dave_interfaces/share/dave_interfaces/hook/pythonpath.sh'
[0.775s] Level 1:colcon.colcon_core.environment:checking '/home/namtruong/uuv_sim_home/install/dave_interfaces/bin'
[0.775s] INFO:colcon.colcon_core.shell:Creating package script '/home/namtruong/uuv_sim_home/install/dave_interfaces/share/dave_interfaces/package.ps1'
[0.776s] INFO:colcon.colcon_core.shell:Creating package descriptor '/home/namtruong/uuv_sim_home/install/dave_interfaces/share/dave_interfaces/package.dsv'
[0.776s] INFO:colcon.colcon_core.shell:Creating package script '/home/namtruong/uuv_sim_home/install/dave_interfaces/share/dave_interfaces/package.sh'
[0.776s] INFO:colcon.colcon_core.shell:Creating package script '/home/namtruong/uuv_sim_home/install/dave_interfaces/share/dave_interfaces/package.bash'
[0.777s] INFO:colcon.colcon_core.shell:Creating package script '/home/namtruong/uuv_sim_home/install/dave_interfaces/share/dave_interfaces/package.zsh'
[0.777s] Level 1:colcon.colcon_core.environment:create_file_with_runtime_dependencies(/home/namtruong/uuv_sim_home/install/dave_interfaces/share/colcon-core/packages/dave_interfaces)
[0.777s] Level 1:colcon.colcon_core.environment:create_environment_scripts_only(dave_interfaces)
[0.777s] Level 1:colcon.colcon_core.environment:checking '/home/namtruong/uuv_sim_home/install/dave_interfaces' for CMake module files
[0.778s] Level 1:colcon.colcon_core.environment:checking '/home/namtruong/uuv_sim_home/install/dave_interfaces' for CMake config files
[0.780s] Level 1:colcon.colcon_core.shell:create_environment_hook('dave_interfaces', 'cmake_prefix_path')
[0.780s] INFO:colcon.colcon_core.shell:Creating environment hook '/home/namtruong/uuv_sim_home/install/dave_interfaces/share/dave_interfaces/hook/cmake_prefix_path.ps1'
[0.780s] INFO:colcon.colcon_core.shell:Creating environment descriptor '/home/namtruong/uuv_sim_home/install/dave_interfaces/share/dave_interfaces/hook/cmake_prefix_path.dsv'
[0.780s] INFO:colcon.colcon_core.shell:Creating environment hook '/home/namtruong/uuv_sim_home/install/dave_interfaces/share/dave_interfaces/hook/cmake_prefix_path.sh'
[0.781s] Level 1:colcon.colcon_core.environment:checking '/home/namtruong/uuv_sim_home/install/dave_interfaces/lib'
[0.781s] Level 1:colcon.colcon_core.shell:create_environment_hook('dave_interfaces', 'ld_library_path_lib')
[0.781s] INFO:colcon.colcon_core.shell:Creating environment hook '/home/namtruong/uuv_sim_home/install/dave_interfaces/share/dave_interfaces/hook/ld_library_path_lib.ps1'
[0.781s] INFO:colcon.colcon_core.shell:Creating environment descriptor '/home/namtruong/uuv_sim_home/install/dave_interfaces/share/dave_interfaces/hook/ld_library_path_lib.dsv'
[0.781s] INFO:colcon.colcon_core.shell:Creating environment hook '/home/namtruong/uuv_sim_home/install/dave_interfaces/share/dave_interfaces/hook/ld_library_path_lib.sh'
[0.782s] Level 1:colcon.colcon_core.environment:checking '/home/namtruong/uuv_sim_home/install/dave_interfaces/bin'
[0.782s] Level 1:colcon.colcon_core.environment:checking '/home/namtruong/uuv_sim_home/install/dave_interfaces/lib/pkgconfig/dave_interfaces.pc'
[0.782s] Level 1:colcon.colcon_core.environment:checking '/home/namtruong/uuv_sim_home/install/dave_interfaces/lib/python3.12/site-packages'
[0.782s] Level 1:colcon.colcon_core.shell:create_environment_hook('dave_interfaces', 'pythonpath')
[0.782s] INFO:colcon.colcon_core.shell:Creating environment hook '/home/namtruong/uuv_sim_home/install/dave_interfaces/share/dave_interfaces/hook/pythonpath.ps1'
[0.782s] INFO:colcon.colcon_core.shell:Creating environment descriptor '/home/namtruong/uuv_sim_home/install/dave_interfaces/share/dave_interfaces/hook/pythonpath.dsv'
[0.782s] INFO:colcon.colcon_core.shell:Creating environment hook '/home/namtruong/uuv_sim_home/install/dave_interfaces/share/dave_interfaces/hook/pythonpath.sh'
[0.783s] Level 1:colcon.colcon_core.environment:checking '/home/namtruong/uuv_sim_home/install/dave_interfaces/bin'
[0.783s] INFO:colcon.colcon_core.shell:Creating package script '/home/namtruong/uuv_sim_home/install/dave_interfaces/share/dave_interfaces/package.ps1'
[0.784s] INFO:colcon.colcon_core.shell:Creating package descriptor '/home/namtruong/uuv_sim_home/install/dave_interfaces/share/dave_interfaces/package.dsv'
[0.784s] INFO:colcon.colcon_core.shell:Creating package script '/home/namtruong/uuv_sim_home/install/dave_interfaces/share/dave_interfaces/package.sh'
[0.784s] INFO:colcon.colcon_core.shell:Creating package script '/home/namtruong/uuv_sim_home/install/dave_interfaces/share/dave_interfaces/package.bash'
[0.785s] INFO:colcon.colcon_core.shell:Creating package script '/home/namtruong/uuv_sim_home/install/dave_interfaces/share/dave_interfaces/package.zsh'
[0.785s] Level 1:colcon.colcon_core.environment:create_file_with_runtime_dependencies(/home/namtruong/uuv_sim_home/install/dave_interfaces/share/colcon-core/packages/dave_interfaces)
[0.785s] INFO:colcon.colcon_ros.task.ament_cmake.build:Building ROS package in '/home/namtruong/uuv_sim_home/src/dave_gz_world_plugins' with build type 'ament_cmake'
[0.785s] INFO:colcon.colcon_cmake.task.cmake.build:Building CMake package in '/home/namtruong/uuv_sim_home/src/dave_gz_world_plugins'
[0.785s] INFO:colcon.colcon_core.shell:Skip shell extension 'powershell' for command environment: Not usable outside of PowerShell
[0.785s] DEBUG:colcon.colcon_core.shell:Skip shell extension 'dsv' for command environment
[0.789s] INFO:colcon.colcon_ros.task.ament_cmake.build:Building ROS package in '/home/namtruong/uuv_sim_home/src/dave_gz_sensor_plugins' with build type 'ament_cmake'
[0.789s] INFO:colcon.colcon_cmake.task.cmake.build:Building CMake package in '/home/namtruong/uuv_sim_home/src/dave_gz_sensor_plugins'
[0.789s] INFO:colcon.colcon_core.shell:Skip shell extension 'powershell' for command environment: Not usable outside of PowerShell
[0.789s] DEBUG:colcon.colcon_core.shell:Skip shell extension 'dsv' for command environment
[0.792s] INFO:colcon.colcon_ros.task.ament_cmake.build:Building ROS package in '/home/namtruong/uuv_sim_home/src/multibeam_sonar' with build type 'ament_cmake'
[0.792s] INFO:colcon.colcon_cmake.task.cmake.build:Building CMake package in '/home/namtruong/uuv_sim_home/src/multibeam_sonar'
[0.792s] INFO:colcon.colcon_core.shell:Skip shell extension 'powershell' for command environment: Not usable outside of PowerShell
[0.792s] DEBUG:colcon.colcon_core.shell:Skip shell extension 'dsv' for command environment
[0.799s] DEBUG:colcon.colcon_core.event_handler.log_command:Invoking command in '/home/namtruong/uuv_sim_home/build/dave_gz_world_plugins': CMAKE_PREFIX_PATH=/home/namtruong/uuv_sim_home/install/dave_interfaces:/home/namtruong/uuv_sim_home/install/multibeam_sonar_system:/home/namtruong/uuv_sim_home/install/multibeam_sonar:/home/namtruong/uuv_sim_home/install/dave_worlds:/home/namtruong/uuv_sim_home/install/dave_gz_model_plugins:/home/namtruong/uuv_sim_home/install/dave_ros_gz_plugins:/home/namtruong/uuv_sim_home/install/dave_robot_models:/home/namtruong/uuv_sim_home/install/dave_object_models:/home/namtruong/uuv_sim_home/install/dave_multibeam_sonar_demo:/home/namtruong/uuv_sim_home/install/dave_gz_world_plugins:/home/namtruong/uuv_sim_home/install/dave_gz_sensor_plugins:/opt/ros/jazzy/opt/gz_sim_vendor:/opt/ros/jazzy/opt/gz_sensors_vendor:/opt/ros/jazzy/opt/gz_physics_vendor:/opt/ros/jazzy/opt/sdformat_vendor:/opt/ros/jazzy/opt/gz_gui_vendor:/opt/ros/jazzy/opt/gz_transport_vendor:/opt/ros/jazzy/opt/gz_rendering_vendor:/opt/ros/jazzy/opt/gz_plugin_vendor:/opt/ros/jazzy/opt/gz_fuel_tools_vendor:/opt/ros/jazzy/opt/gz_msgs_vendor:/opt/ros/jazzy/opt/gz_common_vendor:/opt/ros/jazzy/opt/gz_math_vendor:/opt/ros/jazzy/opt/gz_utils_vendor:/opt/ros/jazzy/opt/gz_tools_vendor:/opt/ros/jazzy/opt/gz_ogre_next_vendor:/opt/ros/jazzy/opt/gz_dartsim_vendor:/opt/ros/jazzy/opt/gz_cmake_vendor:/home/namtruong/uuv_sim_home/install/uuv_simu:/opt/ros/jazzy DEBUGINFOD_URLS=https://debuginfod.ubuntu.com LD_LIBRARY_PATH=/home/namtruong/uuv_sim_home/install/dave_interfaces/lib:/home/namtruong/uuv_sim_home/install/multibeam_sonar_system/lib/multibeam_sonar_system/:/home/namtruong/uuv_sim_home/install/multibeam_sonar/lib/multibeam_sonar/:/home/namtruong/uuv_sim_home/install/dave_ros_gz_plugins/lib:/home/namtruong/uuv_sim_home/install/dave_gz_world_plugins/lib:/opt/ros/jazzy/opt/gz_sim_vendor/lib:/opt/ros/jazzy/opt/gz_sensors_vendor/lib:/opt/ros/jazzy/opt/gz_physics_vendor/lib:/opt/ros/jazzy/opt/sdformat_vendor/lib:/opt/ros/jazzy/opt/rviz_ogre_vendor/lib:/opt/ros/jazzy/lib/x86_64-linux-gnu:/opt/ros/jazzy/opt/gz_gui_vendor/lib:/opt/ros/jazzy/opt/gz_transport_vendor/lib:/opt/ros/jazzy/opt/gz_rendering_vendor/lib:/opt/ros/jazzy/opt/gz_plugin_vendor/lib:/opt/ros/jazzy/opt/gz_fuel_tools_vendor/lib:/opt/ros/jazzy/opt/gz_msgs_vendor/lib:/opt/ros/jazzy/opt/gz_common_vendor/lib:/opt/ros/jazzy/opt/gz_math_vendor/lib:/opt/ros/jazzy/opt/gz_utils_vendor/lib:/opt/ros/jazzy/opt/gz_tools_vendor/lib:/opt/ros/jazzy/opt/gz_ogre_next_vendor/lib:/opt/ros/jazzy/opt/gz_dartsim_vendor/lib:/opt/ros/jazzy/opt/gz_cmake_vendor/lib:/opt/ros/jazzy/lib PYTHONPATH=/home/namtruong/uuv_sim_home/install/dave_interfaces/lib/python3.12/site-packages:/home/namtruong/uuv_sim_home/install/uuv_simu/lib/python3.12/site-packages:/opt/ros/jazzy/lib/python3.12/site-packages /usr/bin/cmake --build /home/namtruong/uuv_sim_home/build/dave_gz_world_plugins -- -j16 -l16
[0.801s] DEBUG:colcon.colcon_core.event_handler.log_command:Invoking command in '/home/namtruong/uuv_sim_home/build/dave_gz_sensor_plugins': CMAKE_PREFIX_PATH=/home/namtruong/uuv_sim_home/install/dave_interfaces:/home/namtruong/uuv_sim_home/install/multibeam_sonar_system:/home/namtruong/uuv_sim_home/install/multibeam_sonar:/home/namtruong/uuv_sim_home/install/dave_worlds:/home/namtruong/uuv_sim_home/install/dave_gz_model_plugins:/home/namtruong/uuv_sim_home/install/dave_ros_gz_plugins:/home/namtruong/uuv_sim_home/install/dave_robot_models:/home/namtruong/uuv_sim_home/install/dave_object_models:/home/namtruong/uuv_sim_home/install/dave_multibeam_sonar_demo:/home/namtruong/uuv_sim_home/install/dave_gz_world_plugins:/home/namtruong/uuv_sim_home/install/dave_gz_sensor_plugins:/opt/ros/jazzy/opt/gz_sim_vendor:/opt/ros/jazzy/opt/gz_sensors_vendor:/opt/ros/jazzy/opt/gz_physics_vendor:/opt/ros/jazzy/opt/sdformat_vendor:/opt/ros/jazzy/opt/gz_gui_vendor:/opt/ros/jazzy/opt/gz_transport_vendor:/opt/ros/jazzy/opt/gz_rendering_vendor:/opt/ros/jazzy/opt/gz_plugin_vendor:/opt/ros/jazzy/opt/gz_fuel_tools_vendor:/opt/ros/jazzy/opt/gz_msgs_vendor:/opt/ros/jazzy/opt/gz_common_vendor:/opt/ros/jazzy/opt/gz_math_vendor:/opt/ros/jazzy/opt/gz_utils_vendor:/opt/ros/jazzy/opt/gz_tools_vendor:/opt/ros/jazzy/opt/gz_ogre_next_vendor:/opt/ros/jazzy/opt/gz_dartsim_vendor:/opt/ros/jazzy/opt/gz_cmake_vendor:/home/namtruong/uuv_sim_home/install/uuv_simu:/opt/ros/jazzy DEBUGINFOD_URLS=https://debuginfod.ubuntu.com LD_LIBRARY_PATH=/home/namtruong/uuv_sim_home/install/dave_interfaces/lib:/home/namtruong/uuv_sim_home/install/multibeam_sonar_system/lib/multibeam_sonar_system/:/home/namtruong/uuv_sim_home/install/multibeam_sonar/lib/multibeam_sonar/:/home/namtruong/uuv_sim_home/install/dave_ros_gz_plugins/lib:/home/namtruong/uuv_sim_home/install/dave_gz_world_plugins/lib:/opt/ros/jazzy/opt/gz_sim_vendor/lib:/opt/ros/jazzy/opt/gz_sensors_vendor/lib:/opt/ros/jazzy/opt/gz_physics_vendor/lib:/opt/ros/jazzy/opt/sdformat_vendor/lib:/opt/ros/jazzy/opt/rviz_ogre_vendor/lib:/opt/ros/jazzy/lib/x86_64-linux-gnu:/opt/ros/jazzy/opt/gz_gui_vendor/lib:/opt/ros/jazzy/opt/gz_transport_vendor/lib:/opt/ros/jazzy/opt/gz_rendering_vendor/lib:/opt/ros/jazzy/opt/gz_plugin_vendor/lib:/opt/ros/jazzy/opt/gz_fuel_tools_vendor/lib:/opt/ros/jazzy/opt/gz_msgs_vendor/lib:/opt/ros/jazzy/opt/gz_common_vendor/lib:/opt/ros/jazzy/opt/gz_math_vendor/lib:/opt/ros/jazzy/opt/gz_utils_vendor/lib:/opt/ros/jazzy/opt/gz_tools_vendor/lib:/opt/ros/jazzy/opt/gz_ogre_next_vendor/lib:/opt/ros/jazzy/opt/gz_dartsim_vendor/lib:/opt/ros/jazzy/opt/gz_cmake_vendor/lib:/opt/ros/jazzy/lib PYTHONPATH=/home/namtruong/uuv_sim_home/install/dave_interfaces/lib/python3.12/site-packages:/home/namtruong/uuv_sim_home/install/uuv_simu/lib/python3.12/site-packages:/opt/ros/jazzy/lib/python3.12/site-packages /usr/bin/cmake --build /home/namtruong/uuv_sim_home/build/dave_gz_sensor_plugins -- -j16 -l16
[0.804s] DEBUG:colcon.colcon_core.event_handler.log_command:Invoking command in '/home/namtruong/uuv_sim_home/build/multibeam_sonar': CMAKE_PREFIX_PATH=/home/namtruong/uuv_sim_home/install/dave_interfaces:/home/namtruong/uuv_sim_home/install/multibeam_sonar_system:/home/namtruong/uuv_sim_home/install/multibeam_sonar:/home/namtruong/uuv_sim_home/install/dave_worlds:/home/namtruong/uuv_sim_home/install/dave_gz_model_plugins:/home/namtruong/uuv_sim_home/install/dave_ros_gz_plugins:/home/namtruong/uuv_sim_home/install/dave_robot_models:/home/namtruong/uuv_sim_home/install/dave_object_models:/home/namtruong/uuv_sim_home/install/dave_multibeam_sonar_demo:/home/namtruong/uuv_sim_home/install/dave_gz_world_plugins:/home/namtruong/uuv_sim_home/install/dave_gz_sensor_plugins:/opt/ros/jazzy/opt/gz_sim_vendor:/opt/ros/jazzy/opt/gz_sensors_vendor:/opt/ros/jazzy/opt/gz_physics_vendor:/opt/ros/jazzy/opt/sdformat_vendor:/opt/ros/jazzy/opt/gz_gui_vendor:/opt/ros/jazzy/opt/gz_transport_vendor:/opt/ros/jazzy/opt/gz_rendering_vendor:/opt/ros/jazzy/opt/gz_plugin_vendor:/opt/ros/jazzy/opt/gz_fuel_tools_vendor:/opt/ros/jazzy/opt/gz_msgs_vendor:/opt/ros/jazzy/opt/gz_common_vendor:/opt/ros/jazzy/opt/gz_math_vendor:/opt/ros/jazzy/opt/gz_utils_vendor:/opt/ros/jazzy/opt/gz_tools_vendor:/opt/ros/jazzy/opt/gz_ogre_next_vendor:/opt/ros/jazzy/opt/gz_dartsim_vendor:/opt/ros/jazzy/opt/gz_cmake_vendor:/home/namtruong/uuv_sim_home/install/uuv_simu:/opt/ros/jazzy DEBUGINFOD_URLS=https://debuginfod.ubuntu.com LD_LIBRARY_PATH=/home/namtruong/uuv_sim_home/install/dave_interfaces/lib:/home/namtruong/uuv_sim_home/install/multibeam_sonar_system/lib/multibeam_sonar_system/:/home/namtruong/uuv_sim_home/install/multibeam_sonar/lib/multibeam_sonar/:/home/namtruong/uuv_sim_home/install/dave_ros_gz_plugins/lib:/home/namtruong/uuv_sim_home/install/dave_gz_world_plugins/lib:/opt/ros/jazzy/opt/gz_sim_vendor/lib:/opt/ros/jazzy/opt/gz_sensors_vendor/lib:/opt/ros/jazzy/opt/gz_physics_vendor/lib:/opt/ros/jazzy/opt/sdformat_vendor/lib:/opt/ros/jazzy/opt/rviz_ogre_vendor/lib:/opt/ros/jazzy/lib/x86_64-linux-gnu:/opt/ros/jazzy/opt/gz_gui_vendor/lib:/opt/ros/jazzy/opt/gz_transport_vendor/lib:/opt/ros/jazzy/opt/gz_rendering_vendor/lib:/opt/ros/jazzy/opt/gz_plugin_vendor/lib:/opt/ros/jazzy/opt/gz_fuel_tools_vendor/lib:/opt/ros/jazzy/opt/gz_msgs_vendor/lib:/opt/ros/jazzy/opt/gz_common_vendor/lib:/opt/ros/jazzy/opt/gz_math_vendor/lib:/opt/ros/jazzy/opt/gz_utils_vendor/lib:/opt/ros/jazzy/opt/gz_tools_vendor/lib:/opt/ros/jazzy/opt/gz_ogre_next_vendor/lib:/opt/ros/jazzy/opt/gz_dartsim_vendor/lib:/opt/ros/jazzy/opt/gz_cmake_vendor/lib:/opt/ros/jazzy/lib PYTHONPATH=/home/namtruong/uuv_sim_home/install/dave_interfaces/lib/python3.12/site-packages:/home/namtruong/uuv_sim_home/install/uuv_simu/lib/python3.12/site-packages:/opt/ros/jazzy/lib/python3.12/site-packages /usr/bin/cmake --build /home/namtruong/uuv_sim_home/build/multibeam_sonar -- -j16 -l16
[0.880s] DEBUG:colcon.colcon_core.event_handler.log_command:Invoked command in '/home/namtruong/uuv_sim_home/build/dave_gz_sensor_plugins' returned '0': CMAKE_PREFIX_PATH=/home/namtruong/uuv_sim_home/install/dave_interfaces:/home/namtruong/uuv_sim_home/install/multibeam_sonar_system:/home/namtruong/uuv_sim_home/install/multibeam_sonar:/home/namtruong/uuv_sim_home/install/dave_worlds:/home/namtruong/uuv_sim_home/install/dave_gz_model_plugins:/home/namtruong/uuv_sim_home/install/dave_ros_gz_plugins:/home/namtruong/uuv_sim_home/install/dave_robot_models:/home/namtruong/uuv_sim_home/install/dave_object_models:/home/namtruong/uuv_sim_home/install/dave_multibeam_sonar_demo:/home/namtruong/uuv_sim_home/install/dave_gz_world_plugins:/home/namtruong/uuv_sim_home/install/dave_gz_sensor_plugins:/opt/ros/jazzy/opt/gz_sim_vendor:/opt/ros/jazzy/opt/gz_sensors_vendor:/opt/ros/jazzy/opt/gz_physics_vendor:/opt/ros/jazzy/opt/sdformat_vendor:/opt/ros/jazzy/opt/gz_gui_vendor:/opt/ros/jazzy/opt/gz_transport_vendor:/opt/ros/jazzy/opt/gz_rendering_vendor:/opt/ros/jazzy/opt/gz_plugin_vendor:/opt/ros/jazzy/opt/gz_fuel_tools_vendor:/opt/ros/jazzy/opt/gz_msgs_vendor:/opt/ros/jazzy/opt/gz_common_vendor:/opt/ros/jazzy/opt/gz_math_vendor:/opt/ros/jazzy/opt/gz_utils_vendor:/opt/ros/jazzy/opt/gz_tools_vendor:/opt/ros/jazzy/opt/gz_ogre_next_vendor:/opt/ros/jazzy/opt/gz_dartsim_vendor:/opt/ros/jazzy/opt/gz_cmake_vendor:/home/namtruong/uuv_sim_home/install/uuv_simu:/opt/ros/jazzy DEBUGINFOD_URLS=https://debuginfod.ubuntu.com LD_LIBRARY_PATH=/home/namtruong/uuv_sim_home/install/dave_interfaces/lib:/home/namtruong/uuv_sim_home/install/multibeam_sonar_system/lib/multibeam_sonar_system/:/home/namtruong/uuv_sim_home/install/multibeam_sonar/lib/multibeam_sonar/:/home/namtruong/uuv_sim_home/install/dave_ros_gz_plugins/lib:/home/namtruong/uuv_sim_home/install/dave_gz_world_plugins/lib:/opt/ros/jazzy/opt/gz_sim_vendor/lib:/opt/ros/jazzy/opt/gz_sensors_vendor/lib:/opt/ros/jazzy/opt/gz_physics_vendor/lib:/opt/ros/jazzy/opt/sdformat_vendor/lib:/opt/ros/jazzy/opt/rviz_ogre_vendor/lib:/opt/ros/jazzy/lib/x86_64-linux-gnu:/opt/ros/jazzy/opt/gz_gui_vendor/lib:/opt/ros/jazzy/opt/gz_transport_vendor/lib:/opt/ros/jazzy/opt/gz_rendering_vendor/lib:/opt/ros/jazzy/opt/gz_plugin_vendor/lib:/opt/ros/jazzy/opt/gz_fuel_tools_vendor/lib:/opt/ros/jazzy/opt/gz_msgs_vendor/lib:/opt/ros/jazzy/opt/gz_common_vendor/lib:/opt/ros/jazzy/opt/gz_math_vendor/lib:/opt/ros/jazzy/opt/gz_utils_vendor/lib:/opt/ros/jazzy/opt/gz_tools_vendor/lib:/opt/ros/jazzy/opt/gz_ogre_next_vendor/lib:/opt/ros/jazzy/opt/gz_dartsim_vendor/lib:/opt/ros/jazzy/opt/gz_cmake_vendor/lib:/opt/ros/jazzy/lib PYTHONPATH=/home/namtruong/uuv_sim_home/install/dave_interfaces/lib/python3.12/site-packages:/home/namtruong/uuv_sim_home/install/uuv_simu/lib/python3.12/site-packages:/opt/ros/jazzy/lib/python3.12/site-packages /usr/bin/cmake --build /home/namtruong/uuv_sim_home/build/dave_gz_sensor_plugins -- -j16 -l16
[0.881s] DEBUG:colcon.colcon_core.event_handler.log_command:Invoking command in '/home/namtruong/uuv_sim_home/build/dave_gz_sensor_plugins': CMAKE_PREFIX_PATH=/home/namtruong/uuv_sim_home/install/dave_interfaces:/home/namtruong/uuv_sim_home/install/multibeam_sonar_system:/home/namtruong/uuv_sim_home/install/multibeam_sonar:/home/namtruong/uuv_sim_home/install/dave_worlds:/home/namtruong/uuv_sim_home/install/dave_gz_model_plugins:/home/namtruong/uuv_sim_home/install/dave_ros_gz_plugins:/home/namtruong/uuv_sim_home/install/dave_robot_models:/home/namtruong/uuv_sim_home/install/dave_object_models:/home/namtruong/uuv_sim_home/install/dave_multibeam_sonar_demo:/home/namtruong/uuv_sim_home/install/dave_gz_world_plugins:/home/namtruong/uuv_sim_home/install/dave_gz_sensor_plugins:/opt/ros/jazzy/opt/gz_sim_vendor:/opt/ros/jazzy/opt/gz_sensors_vendor:/opt/ros/jazzy/opt/gz_physics_vendor:/opt/ros/jazzy/opt/sdformat_vendor:/opt/ros/jazzy/opt/gz_gui_vendor:/opt/ros/jazzy/opt/gz_transport_vendor:/opt/ros/jazzy/opt/gz_rendering_vendor:/opt/ros/jazzy/opt/gz_plugin_vendor:/opt/ros/jazzy/opt/gz_fuel_tools_vendor:/opt/ros/jazzy/opt/gz_msgs_vendor:/opt/ros/jazzy/opt/gz_common_vendor:/opt/ros/jazzy/opt/gz_math_vendor:/opt/ros/jazzy/opt/gz_utils_vendor:/opt/ros/jazzy/opt/gz_tools_vendor:/opt/ros/jazzy/opt/gz_ogre_next_vendor:/opt/ros/jazzy/opt/gz_dartsim_vendor:/opt/ros/jazzy/opt/gz_cmake_vendor:/home/namtruong/uuv_sim_home/install/uuv_simu:/opt/ros/jazzy DEBUGINFOD_URLS=https://debuginfod.ubuntu.com LD_LIBRARY_PATH=/home/namtruong/uuv_sim_home/install/dave_interfaces/lib:/home/namtruong/uuv_sim_home/install/multibeam_sonar_system/lib/multibeam_sonar_system/:/home/namtruong/uuv_sim_home/install/multibeam_sonar/lib/multibeam_sonar/:/home/namtruong/uuv_sim_home/install/dave_ros_gz_plugins/lib:/home/namtruong/uuv_sim_home/install/dave_gz_world_plugins/lib:/opt/ros/jazzy/opt/gz_sim_vendor/lib:/opt/ros/jazzy/opt/gz_sensors_vendor/lib:/opt/ros/jazzy/opt/gz_physics_vendor/lib:/opt/ros/jazzy/opt/sdformat_vendor/lib:/opt/ros/jazzy/opt/rviz_ogre_vendor/lib:/opt/ros/jazzy/lib/x86_64-linux-gnu:/opt/ros/jazzy/opt/gz_gui_vendor/lib:/opt/ros/jazzy/opt/gz_transport_vendor/lib:/opt/ros/jazzy/opt/gz_rendering_vendor/lib:/opt/ros/jazzy/opt/gz_plugin_vendor/lib:/opt/ros/jazzy/opt/gz_fuel_tools_vendor/lib:/opt/ros/jazzy/opt/gz_msgs_vendor/lib:/opt/ros/jazzy/opt/gz_common_vendor/lib:/opt/ros/jazzy/opt/gz_math_vendor/lib:/opt/ros/jazzy/opt/gz_utils_vendor/lib:/opt/ros/jazzy/opt/gz_tools_vendor/lib:/opt/ros/jazzy/opt/gz_ogre_next_vendor/lib:/opt/ros/jazzy/opt/gz_dartsim_vendor/lib:/opt/ros/jazzy/opt/gz_cmake_vendor/lib:/opt/ros/jazzy/lib PYTHONPATH=/home/namtruong/uuv_sim_home/install/dave_interfaces/lib/python3.12/site-packages:/home/namtruong/uuv_sim_home/install/uuv_simu/lib/python3.12/site-packages:/opt/ros/jazzy/lib/python3.12/site-packages /usr/bin/cmake --install /home/namtruong/uuv_sim_home/build/dave_gz_sensor_plugins
[0.897s] DEBUG:colcon.colcon_core.event_handler.log_command:Invoked command in '/home/namtruong/uuv_sim_home/build/multibeam_sonar' returned '0': CMAKE_PREFIX_PATH=/home/namtruong/uuv_sim_home/install/dave_interfaces:/home/namtruong/uuv_sim_home/install/multibeam_sonar_system:/home/namtruong/uuv_sim_home/install/multibeam_sonar:/home/namtruong/uuv_sim_home/install/dave_worlds:/home/namtruong/uuv_sim_home/install/dave_gz_model_plugins:/home/namtruong/uuv_sim_home/install/dave_ros_gz_plugins:/home/namtruong/uuv_sim_home/install/dave_robot_models:/home/namtruong/uuv_sim_home/install/dave_object_models:/home/namtruong/uuv_sim_home/install/dave_multibeam_sonar_demo:/home/namtruong/uuv_sim_home/install/dave_gz_world_plugins:/home/namtruong/uuv_sim_home/install/dave_gz_sensor_plugins:/opt/ros/jazzy/opt/gz_sim_vendor:/opt/ros/jazzy/opt/gz_sensors_vendor:/opt/ros/jazzy/opt/gz_physics_vendor:/opt/ros/jazzy/opt/sdformat_vendor:/opt/ros/jazzy/opt/gz_gui_vendor:/opt/ros/jazzy/opt/gz_transport_vendor:/opt/ros/jazzy/opt/gz_rendering_vendor:/opt/ros/jazzy/opt/gz_plugin_vendor:/opt/ros/jazzy/opt/gz_fuel_tools_vendor:/opt/ros/jazzy/opt/gz_msgs_vendor:/opt/ros/jazzy/opt/gz_common_vendor:/opt/ros/jazzy/opt/gz_math_vendor:/opt/ros/jazzy/opt/gz_utils_vendor:/opt/ros/jazzy/opt/gz_tools_vendor:/opt/ros/jazzy/opt/gz_ogre_next_vendor:/opt/ros/jazzy/opt/gz_dartsim_vendor:/opt/ros/jazzy/opt/gz_cmake_vendor:/home/namtruong/uuv_sim_home/install/uuv_simu:/opt/ros/jazzy DEBUGINFOD_URLS=https://debuginfod.ubuntu.com LD_LIBRARY_PATH=/home/namtruong/uuv_sim_home/install/dave_interfaces/lib:/home/namtruong/uuv_sim_home/install/multibeam_sonar_system/lib/multibeam_sonar_system/:/home/namtruong/uuv_sim_home/install/multibeam_sonar/lib/multibeam_sonar/:/home/namtruong/uuv_sim_home/install/dave_ros_gz_plugins/lib:/home/namtruong/uuv_sim_home/install/dave_gz_world_plugins/lib:/opt/ros/jazzy/opt/gz_sim_vendor/lib:/opt/ros/jazzy/opt/gz_sensors_vendor/lib:/opt/ros/jazzy/opt/gz_physics_vendor/lib:/opt/ros/jazzy/opt/sdformat_vendor/lib:/opt/ros/jazzy/opt/rviz_ogre_vendor/lib:/opt/ros/jazzy/lib/x86_64-linux-gnu:/opt/ros/jazzy/opt/gz_gui_vendor/lib:/opt/ros/jazzy/opt/gz_transport_vendor/lib:/opt/ros/jazzy/opt/gz_rendering_vendor/lib:/opt/ros/jazzy/opt/gz_plugin_vendor/lib:/opt/ros/jazzy/opt/gz_fuel_tools_vendor/lib:/opt/ros/jazzy/opt/gz_msgs_vendor/lib:/opt/ros/jazzy/opt/gz_common_vendor/lib:/opt/ros/jazzy/opt/gz_math_vendor/lib:/opt/ros/jazzy/opt/gz_utils_vendor/lib:/opt/ros/jazzy/opt/gz_tools_vendor/lib:/opt/ros/jazzy/opt/gz_ogre_next_vendor/lib:/opt/ros/jazzy/opt/gz_dartsim_vendor/lib:/opt/ros/jazzy/opt/gz_cmake_vendor/lib:/opt/ros/jazzy/lib PYTHONPATH=/home/namtruong/uuv_sim_home/install/dave_interfaces/lib/python3.12/site-packages:/home/namtruong/uuv_sim_home/install/uuv_simu/lib/python3.12/site-packages:/opt/ros/jazzy/lib/python3.12/site-packages /usr/bin/cmake --build /home/namtruong/uuv_sim_home/build/multibeam_sonar -- -j16 -l16
[0.899s] DEBUG:colcon.colcon_core.event_handler.log_command:Invoking command in '/home/namtruong/uuv_sim_home/build/multibeam_sonar': CMAKE_PREFIX_PATH=/home/namtruong/uuv_sim_home/install/dave_interfaces:/home/namtruong/uuv_sim_home/install/multibeam_sonar_system:/home/namtruong/uuv_sim_home/install/multibeam_sonar:/home/namtruong/uuv_sim_home/install/dave_worlds:/home/namtruong/uuv_sim_home/install/dave_gz_model_plugins:/home/namtruong/uuv_sim_home/install/dave_ros_gz_plugins:/home/namtruong/uuv_sim_home/install/dave_robot_models:/home/namtruong/uuv_sim_home/install/dave_object_models:/home/namtruong/uuv_sim_home/install/dave_multibeam_sonar_demo:/home/namtruong/uuv_sim_home/install/dave_gz_world_plugins:/home/namtruong/uuv_sim_home/install/dave_gz_sensor_plugins:/opt/ros/jazzy/opt/gz_sim_vendor:/opt/ros/jazzy/opt/gz_sensors_vendor:/opt/ros/jazzy/opt/gz_physics_vendor:/opt/ros/jazzy/opt/sdformat_vendor:/opt/ros/jazzy/opt/gz_gui_vendor:/opt/ros/jazzy/opt/gz_transport_vendor:/opt/ros/jazzy/opt/gz_rendering_vendor:/opt/ros/jazzy/opt/gz_plugin_vendor:/opt/ros/jazzy/opt/gz_fuel_tools_vendor:/opt/ros/jazzy/opt/gz_msgs_vendor:/opt/ros/jazzy/opt/gz_common_vendor:/opt/ros/jazzy/opt/gz_math_vendor:/opt/ros/jazzy/opt/gz_utils_vendor:/opt/ros/jazzy/opt/gz_tools_vendor:/opt/ros/jazzy/opt/gz_ogre_next_vendor:/opt/ros/jazzy/opt/gz_dartsim_vendor:/opt/ros/jazzy/opt/gz_cmake_vendor:/home/namtruong/uuv_sim_home/install/uuv_simu:/opt/ros/jazzy DEBUGINFOD_URLS=https://debuginfod.ubuntu.com LD_LIBRARY_PATH=/home/namtruong/uuv_sim_home/install/dave_interfaces/lib:/home/namtruong/uuv_sim_home/install/multibeam_sonar_system/lib/multibeam_sonar_system/:/home/namtruong/uuv_sim_home/install/multibeam_sonar/lib/multibeam_sonar/:/home/namtruong/uuv_sim_home/install/dave_ros_gz_plugins/lib:/home/namtruong/uuv_sim_home/install/dave_gz_world_plugins/lib:/opt/ros/jazzy/opt/gz_sim_vendor/lib:/opt/ros/jazzy/opt/gz_sensors_vendor/lib:/opt/ros/jazzy/opt/gz_physics_vendor/lib:/opt/ros/jazzy/opt/sdformat_vendor/lib:/opt/ros/jazzy/opt/rviz_ogre_vendor/lib:/opt/ros/jazzy/lib/x86_64-linux-gnu:/opt/ros/jazzy/opt/gz_gui_vendor/lib:/opt/ros/jazzy/opt/gz_transport_vendor/lib:/opt/ros/jazzy/opt/gz_rendering_vendor/lib:/opt/ros/jazzy/opt/gz_plugin_vendor/lib:/opt/ros/jazzy/opt/gz_fuel_tools_vendor/lib:/opt/ros/jazzy/opt/gz_msgs_vendor/lib:/opt/ros/jazzy/opt/gz_common_vendor/lib:/opt/ros/jazzy/opt/gz_math_vendor/lib:/opt/ros/jazzy/opt/gz_utils_vendor/lib:/opt/ros/jazzy/opt/gz_tools_vendor/lib:/opt/ros/jazzy/opt/gz_ogre_next_vendor/lib:/opt/ros/jazzy/opt/gz_dartsim_vendor/lib:/opt/ros/jazzy/opt/gz_cmake_vendor/lib:/opt/ros/jazzy/lib PYTHONPATH=/home/namtruong/uuv_sim_home/install/dave_interfaces/lib/python3.12/site-packages:/home/namtruong/uuv_sim_home/install/uuv_simu/lib/python3.12/site-packages:/opt/ros/jazzy/lib/python3.12/site-packages /usr/bin/cmake --install /home/namtruong/uuv_sim_home/build/multibeam_sonar
[0.908s] Level 1:colcon.colcon_core.environment:create_environment_scripts_only(dave_gz_sensor_plugins)
[0.908s] Level 1:colcon.colcon_core.environment:checking '/home/namtruong/uuv_sim_home/install/dave_gz_sensor_plugins' for CMake module files
[0.909s] DEBUG:colcon.colcon_core.event_handler.log_command:Invoked command in '/home/namtruong/uuv_sim_home/build/dave_gz_sensor_plugins' returned '0': CMAKE_PREFIX_PATH=/home/namtruong/uuv_sim_home/install/dave_interfaces:/home/namtruong/uuv_sim_home/install/multibeam_sonar_system:/home/namtruong/uuv_sim_home/install/multibeam_sonar:/home/namtruong/uuv_sim_home/install/dave_worlds:/home/namtruong/uuv_sim_home/install/dave_gz_model_plugins:/home/namtruong/uuv_sim_home/install/dave_ros_gz_plugins:/home/namtruong/uuv_sim_home/install/dave_robot_models:/home/namtruong/uuv_sim_home/install/dave_object_models:/home/namtruong/uuv_sim_home/install/dave_multibeam_sonar_demo:/home/namtruong/uuv_sim_home/install/dave_gz_world_plugins:/home/namtruong/uuv_sim_home/install/dave_gz_sensor_plugins:/opt/ros/jazzy/opt/gz_sim_vendor:/opt/ros/jazzy/opt/gz_sensors_vendor:/opt/ros/jazzy/opt/gz_physics_vendor:/opt/ros/jazzy/opt/sdformat_vendor:/opt/ros/jazzy/opt/gz_gui_vendor:/opt/ros/jazzy/opt/gz_transport_vendor:/opt/ros/jazzy/opt/gz_rendering_vendor:/opt/ros/jazzy/opt/gz_plugin_vendor:/opt/ros/jazzy/opt/gz_fuel_tools_vendor:/opt/ros/jazzy/opt/gz_msgs_vendor:/opt/ros/jazzy/opt/gz_common_vendor:/opt/ros/jazzy/opt/gz_math_vendor:/opt/ros/jazzy/opt/gz_utils_vendor:/opt/ros/jazzy/opt/gz_tools_vendor:/opt/ros/jazzy/opt/gz_ogre_next_vendor:/opt/ros/jazzy/opt/gz_dartsim_vendor:/opt/ros/jazzy/opt/gz_cmake_vendor:/home/namtruong/uuv_sim_home/install/uuv_simu:/opt/ros/jazzy DEBUGINFOD_URLS=https://debuginfod.ubuntu.com LD_LIBRARY_PATH=/home/namtruong/uuv_sim_home/install/dave_interfaces/lib:/home/namtruong/uuv_sim_home/install/multibeam_sonar_system/lib/multibeam_sonar_system/:/home/namtruong/uuv_sim_home/install/multibeam_sonar/lib/multibeam_sonar/:/home/namtruong/uuv_sim_home/install/dave_ros_gz_plugins/lib:/home/namtruong/uuv_sim_home/install/dave_gz_world_plugins/lib:/opt/ros/jazzy/opt/gz_sim_vendor/lib:/opt/ros/jazzy/opt/gz_sensors_vendor/lib:/opt/ros/jazzy/opt/gz_physics_vendor/lib:/opt/ros/jazzy/opt/sdformat_vendor/lib:/opt/ros/jazzy/opt/rviz_ogre_vendor/lib:/opt/ros/jazzy/lib/x86_64-linux-gnu:/opt/ros/jazzy/opt/gz_gui_vendor/lib:/opt/ros/jazzy/opt/gz_transport_vendor/lib:/opt/ros/jazzy/opt/gz_rendering_vendor/lib:/opt/ros/jazzy/opt/gz_plugin_vendor/lib:/opt/ros/jazzy/opt/gz_fuel_tools_vendor/lib:/opt/ros/jazzy/opt/gz_msgs_vendor/lib:/opt/ros/jazzy/opt/gz_common_vendor/lib:/opt/ros/jazzy/opt/gz_math_vendor/lib:/opt/ros/jazzy/opt/gz_utils_vendor/lib:/opt/ros/jazzy/opt/gz_tools_vendor/lib:/opt/ros/jazzy/opt/gz_ogre_next_vendor/lib:/opt/ros/jazzy/opt/gz_dartsim_vendor/lib:/opt/ros/jazzy/opt/gz_cmake_vendor/lib:/opt/ros/jazzy/lib PYTHONPATH=/home/namtruong/uuv_sim_home/install/dave_interfaces/lib/python3.12/site-packages:/home/namtruong/uuv_sim_home/install/uuv_simu/lib/python3.12/site-packages:/opt/ros/jazzy/lib/python3.12/site-packages /usr/bin/cmake --install /home/namtruong/uuv_sim_home/build/dave_gz_sensor_plugins
[0.910s] Level 1:colcon.colcon_core.environment:checking '/home/namtruong/uuv_sim_home/install/dave_gz_sensor_plugins' for CMake config files
[0.911s] Level 1:colcon.colcon_core.shell:create_environment_hook('dave_gz_sensor_plugins', 'cmake_prefix_path')
[0.911s] INFO:colcon.colcon_core.shell:Creating environment hook '/home/namtruong/uuv_sim_home/install/dave_gz_sensor_plugins/share/dave_gz_sensor_plugins/hook/cmake_prefix_path.ps1'
[0.912s] INFO:colcon.colcon_core.shell:Creating environment descriptor '/home/namtruong/uuv_sim_home/install/dave_gz_sensor_plugins/share/dave_gz_sensor_plugins/hook/cmake_prefix_path.dsv'
[0.912s] INFO:colcon.colcon_core.shell:Creating environment hook '/home/namtruong/uuv_sim_home/install/dave_gz_sensor_plugins/share/dave_gz_sensor_plugins/hook/cmake_prefix_path.sh'
[0.912s] Level 1:colcon.colcon_core.environment:checking '/home/namtruong/uuv_sim_home/install/dave_gz_sensor_plugins/lib'
[0.912s] Level 1:colcon.colcon_core.environment:checking '/home/namtruong/uuv_sim_home/install/dave_gz_sensor_plugins/bin'
[0.912s] Level 1:colcon.colcon_core.environment:checking '/home/namtruong/uuv_sim_home/install/dave_gz_sensor_plugins/lib/pkgconfig/dave_gz_sensor_plugins.pc'
[0.913s] Level 1:colcon.colcon_core.environment:checking '/home/namtruong/uuv_sim_home/install/dave_gz_sensor_plugins/lib/python3.12/site-packages'
[0.913s] Level 1:colcon.colcon_core.environment:checking '/home/namtruong/uuv_sim_home/install/dave_gz_sensor_plugins/bin'
[0.913s] INFO:colcon.colcon_core.shell:Creating package script '/home/namtruong/uuv_sim_home/install/dave_gz_sensor_plugins/share/dave_gz_sensor_plugins/package.ps1'
[0.913s] INFO:colcon.colcon_core.shell:Creating package descriptor '/home/namtruong/uuv_sim_home/install/dave_gz_sensor_plugins/share/dave_gz_sensor_plugins/package.dsv'
[0.914s] INFO:colcon.colcon_core.shell:Creating package script '/home/namtruong/uuv_sim_home/install/dave_gz_sensor_plugins/share/dave_gz_sensor_plugins/package.sh'
[0.914s] INFO:colcon.colcon_core.shell:Creating package script '/home/namtruong/uuv_sim_home/install/dave_gz_sensor_plugins/share/dave_gz_sensor_plugins/package.bash'
[0.914s] INFO:colcon.colcon_core.shell:Creating package script '/home/namtruong/uuv_sim_home/install/dave_gz_sensor_plugins/share/dave_gz_sensor_plugins/package.zsh'
[0.914s] Level 1:colcon.colcon_core.environment:create_file_with_runtime_dependencies(/home/namtruong/uuv_sim_home/install/dave_gz_sensor_plugins/share/colcon-core/packages/dave_gz_sensor_plugins)
[0.915s] Level 1:colcon.colcon_core.environment:create_environment_scripts_only(dave_gz_sensor_plugins)
[0.915s] Level 1:colcon.colcon_core.environment:checking '/home/namtruong/uuv_sim_home/install/dave_gz_sensor_plugins' for CMake module files
[0.915s] Level 1:colcon.colcon_core.environment:checking '/home/namtruong/uuv_sim_home/install/dave_gz_sensor_plugins' for CMake config files
[0.916s] Level 1:colcon.colcon_core.shell:create_environment_hook('dave_gz_sensor_plugins', 'cmake_prefix_path')
[0.916s] INFO:colcon.colcon_core.shell:Creating environment hook '/home/namtruong/uuv_sim_home/install/dave_gz_sensor_plugins/share/dave_gz_sensor_plugins/hook/cmake_prefix_path.ps1'
[0.916s] INFO:colcon.colcon_core.shell:Creating environment descriptor '/home/namtruong/uuv_sim_home/install/dave_gz_sensor_plugins/share/dave_gz_sensor_plugins/hook/cmake_prefix_path.dsv'
[0.917s] INFO:colcon.colcon_core.shell:Creating environment hook '/home/namtruong/uuv_sim_home/install/dave_gz_sensor_plugins/share/dave_gz_sensor_plugins/hook/cmake_prefix_path.sh'
[0.917s] Level 1:colcon.colcon_core.environment:checking '/home/namtruong/uuv_sim_home/install/dave_gz_sensor_plugins/lib'
[0.917s] Level 1:colcon.colcon_core.environment:checking '/home/namtruong/uuv_sim_home/install/dave_gz_sensor_plugins/bin'
[0.917s] Level 1:colcon.colcon_core.environment:checking '/home/namtruong/uuv_sim_home/install/dave_gz_sensor_plugins/lib/pkgconfig/dave_gz_sensor_plugins.pc'
[0.917s] Level 1:colcon.colcon_core.environment:checking '/home/namtruong/uuv_sim_home/install/dave_gz_sensor_plugins/lib/python3.12/site-packages'
[0.918s] Level 1:colcon.colcon_core.environment:checking '/home/namtruong/uuv_sim_home/install/dave_gz_sensor_plugins/bin'
[0.918s] INFO:colcon.colcon_core.shell:Creating package script '/home/namtruong/uuv_sim_home/install/dave_gz_sensor_plugins/share/dave_gz_sensor_plugins/package.ps1'
[0.918s] INFO:colcon.colcon_core.shell:Creating package descriptor '/home/namtruong/uuv_sim_home/install/dave_gz_sensor_plugins/share/dave_gz_sensor_plugins/package.dsv'
[0.918s] INFO:colcon.colcon_core.shell:Creating package script '/home/namtruong/uuv_sim_home/install/dave_gz_sensor_plugins/share/dave_gz_sensor_plugins/package.sh'
[0.919s] INFO:colcon.colcon_core.shell:Creating package script '/home/namtruong/uuv_sim_home/install/dave_gz_sensor_plugins/share/dave_gz_sensor_plugins/package.bash'
[0.919s] INFO:colcon.colcon_core.shell:Creating package script '/home/namtruong/uuv_sim_home/install/dave_gz_sensor_plugins/share/dave_gz_sensor_plugins/package.zsh'
[0.920s] Level 1:colcon.colcon_core.environment:create_file_with_runtime_dependencies(/home/namtruong/uuv_sim_home/install/dave_gz_sensor_plugins/share/colcon-core/packages/dave_gz_sensor_plugins)
[0.923s] Level 1:colcon.colcon_core.environment:create_environment_scripts_only(multibeam_sonar)
[0.924s] Level 1:colcon.colcon_core.environment:checking '/home/namtruong/uuv_sim_home/install/multibeam_sonar' for CMake module files
[0.924s] DEBUG:colcon.colcon_core.event_handler.log_command:Invoked command in '/home/namtruong/uuv_sim_home/build/multibeam_sonar' returned '0': CMAKE_PREFIX_PATH=/home/namtruong/uuv_sim_home/install/dave_interfaces:/home/namtruong/uuv_sim_home/install/multibeam_sonar_system:/home/namtruong/uuv_sim_home/install/multibeam_sonar:/home/namtruong/uuv_sim_home/install/dave_worlds:/home/namtruong/uuv_sim_home/install/dave_gz_model_plugins:/home/namtruong/uuv_sim_home/install/dave_ros_gz_plugins:/home/namtruong/uuv_sim_home/install/dave_robot_models:/home/namtruong/uuv_sim_home/install/dave_object_models:/home/namtruong/uuv_sim_home/install/dave_multibeam_sonar_demo:/home/namtruong/uuv_sim_home/install/dave_gz_world_plugins:/home/namtruong/uuv_sim_home/install/dave_gz_sensor_plugins:/opt/ros/jazzy/opt/gz_sim_vendor:/opt/ros/jazzy/opt/gz_sensors_vendor:/opt/ros/jazzy/opt/gz_physics_vendor:/opt/ros/jazzy/opt/sdformat_vendor:/opt/ros/jazzy/opt/gz_gui_vendor:/opt/ros/jazzy/opt/gz_transport_vendor:/opt/ros/jazzy/opt/gz_rendering_vendor:/opt/ros/jazzy/opt/gz_plugin_vendor:/opt/ros/jazzy/opt/gz_fuel_tools_vendor:/opt/ros/jazzy/opt/gz_msgs_vendor:/opt/ros/jazzy/opt/gz_common_vendor:/opt/ros/jazzy/opt/gz_math_vendor:/opt/ros/jazzy/opt/gz_utils_vendor:/opt/ros/jazzy/opt/gz_tools_vendor:/opt/ros/jazzy/opt/gz_ogre_next_vendor:/opt/ros/jazzy/opt/gz_dartsim_vendor:/opt/ros/jazzy/opt/gz_cmake_vendor:/home/namtruong/uuv_sim_home/install/uuv_simu:/opt/ros/jazzy DEBUGINFOD_URLS=https://debuginfod.ubuntu.com LD_LIBRARY_PATH=/home/namtruong/uuv_sim_home/install/dave_interfaces/lib:/home/namtruong/uuv_sim_home/install/multibeam_sonar_system/lib/multibeam_sonar_system/:/home/namtruong/uuv_sim_home/install/multibeam_sonar/lib/multibeam_sonar/:/home/namtruong/uuv_sim_home/install/dave_ros_gz_plugins/lib:/home/namtruong/uuv_sim_home/install/dave_gz_world_plugins/lib:/opt/ros/jazzy/opt/gz_sim_vendor/lib:/opt/ros/jazzy/opt/gz_sensors_vendor/lib:/opt/ros/jazzy/opt/gz_physics_vendor/lib:/opt/ros/jazzy/opt/sdformat_vendor/lib:/opt/ros/jazzy/opt/rviz_ogre_vendor/lib:/opt/ros/jazzy/lib/x86_64-linux-gnu:/opt/ros/jazzy/opt/gz_gui_vendor/lib:/opt/ros/jazzy/opt/gz_transport_vendor/lib:/opt/ros/jazzy/opt/gz_rendering_vendor/lib:/opt/ros/jazzy/opt/gz_plugin_vendor/lib:/opt/ros/jazzy/opt/gz_fuel_tools_vendor/lib:/opt/ros/jazzy/opt/gz_msgs_vendor/lib:/opt/ros/jazzy/opt/gz_common_vendor/lib:/opt/ros/jazzy/opt/gz_math_vendor/lib:/opt/ros/jazzy/opt/gz_utils_vendor/lib:/opt/ros/jazzy/opt/gz_tools_vendor/lib:/opt/ros/jazzy/opt/gz_ogre_next_vendor/lib:/opt/ros/jazzy/opt/gz_dartsim_vendor/lib:/opt/ros/jazzy/opt/gz_cmake_vendor/lib:/opt/ros/jazzy/lib PYTHONPATH=/home/namtruong/uuv_sim_home/install/dave_interfaces/lib/python3.12/site-packages:/home/namtruong/uuv_sim_home/install/uuv_simu/lib/python3.12/site-packages:/opt/ros/jazzy/lib/python3.12/site-packages /usr/bin/cmake --install /home/namtruong/uuv_sim_home/build/multibeam_sonar
[0.924s] Level 1:colcon.colcon_core.environment:checking '/home/namtruong/uuv_sim_home/install/multibeam_sonar' for CMake config files
[0.925s] Level 1:colcon.colcon_core.shell:create_environment_hook('multibeam_sonar', 'cmake_prefix_path')
[0.925s] INFO:colcon.colcon_core.shell:Creating environment hook '/home/namtruong/uuv_sim_home/install/multibeam_sonar/share/multibeam_sonar/hook/cmake_prefix_path.ps1'
[0.925s] INFO:colcon.colcon_core.shell:Creating environment descriptor '/home/namtruong/uuv_sim_home/install/multibeam_sonar/share/multibeam_sonar/hook/cmake_prefix_path.dsv'
[0.926s] INFO:colcon.colcon_core.shell:Creating environment hook '/home/namtruong/uuv_sim_home/install/multibeam_sonar/share/multibeam_sonar/hook/cmake_prefix_path.sh'
[0.926s] Level 1:colcon.colcon_core.environment:checking '/home/namtruong/uuv_sim_home/install/multibeam_sonar/lib'
[0.926s] Level 1:colcon.colcon_core.environment:checking '/home/namtruong/uuv_sim_home/install/multibeam_sonar/bin'
[0.926s] Level 1:colcon.colcon_core.environment:checking '/home/namtruong/uuv_sim_home/install/multibeam_sonar/lib/pkgconfig/multibeam_sonar.pc'
[0.926s] Level 1:colcon.colcon_core.environment:checking '/home/namtruong/uuv_sim_home/install/multibeam_sonar/lib/python3.12/site-packages'
[0.927s] Level 1:colcon.colcon_core.environment:checking '/home/namtruong/uuv_sim_home/install/multibeam_sonar/bin'
[0.927s] INFO:colcon.colcon_core.shell:Creating package script '/home/namtruong/uuv_sim_home/install/multibeam_sonar/share/multibeam_sonar/package.ps1'
[0.928s] INFO:colcon.colcon_core.shell:Creating package descriptor '/home/namtruong/uuv_sim_home/install/multibeam_sonar/share/multibeam_sonar/package.dsv'
[0.928s] INFO:colcon.colcon_core.shell:Creating package script '/home/namtruong/uuv_sim_home/install/multibeam_sonar/share/multibeam_sonar/package.sh'
[0.928s] INFO:colcon.colcon_core.shell:Creating package script '/home/namtruong/uuv_sim_home/install/multibeam_sonar/share/multibeam_sonar/package.bash'
[0.929s] INFO:colcon.colcon_core.shell:Creating package script '/home/namtruong/uuv_sim_home/install/multibeam_sonar/share/multibeam_sonar/package.zsh'
[0.929s] Level 1:colcon.colcon_core.environment:create_file_with_runtime_dependencies(/home/namtruong/uuv_sim_home/install/multibeam_sonar/share/colcon-core/packages/multibeam_sonar)
[0.929s] Level 1:colcon.colcon_core.environment:create_environment_scripts_only(multibeam_sonar)
[0.929s] Level 1:colcon.colcon_core.environment:checking '/home/namtruong/uuv_sim_home/install/multibeam_sonar' for CMake module files
[0.930s] Level 1:colcon.colcon_core.environment:checking '/home/namtruong/uuv_sim_home/install/multibeam_sonar' for CMake config files
[0.930s] Level 1:colcon.colcon_core.shell:create_environment_hook('multibeam_sonar', 'cmake_prefix_path')
[0.930s] INFO:colcon.colcon_core.shell:Creating environment hook '/home/namtruong/uuv_sim_home/install/multibeam_sonar/share/multibeam_sonar/hook/cmake_prefix_path.ps1'
[0.931s] INFO:colcon.colcon_core.shell:Creating environment descriptor '/home/namtruong/uuv_sim_home/install/multibeam_sonar/share/multibeam_sonar/hook/cmake_prefix_path.dsv'
[0.931s] INFO:colcon.colcon_core.shell:Creating environment hook '/home/namtruong/uuv_sim_home/install/multibeam_sonar/share/multibeam_sonar/hook/cmake_prefix_path.sh'
[0.931s] Level 1:colcon.colcon_core.environment:checking '/home/namtruong/uuv_sim_home/install/multibeam_sonar/lib'
[0.931s] Level 1:colcon.colcon_core.environment:checking '/home/namtruong/uuv_sim_home/install/multibeam_sonar/bin'
[0.931s] Level 1:colcon.colcon_core.environment:checking '/home/namtruong/uuv_sim_home/install/multibeam_sonar/lib/pkgconfig/multibeam_sonar.pc'
[0.932s] Level 1:colcon.colcon_core.environment:checking '/home/namtruong/uuv_sim_home/install/multibeam_sonar/lib/python3.12/site-packages'
[0.932s] Level 1:colcon.colcon_core.environment:checking '/home/namtruong/uuv_sim_home/install/multibeam_sonar/bin'
[0.932s] INFO:colcon.colcon_core.shell:Creating package script '/home/namtruong/uuv_sim_home/install/multibeam_sonar/share/multibeam_sonar/package.ps1'
[0.933s] INFO:colcon.colcon_core.shell:Creating package descriptor '/home/namtruong/uuv_sim_home/install/multibeam_sonar/share/multibeam_sonar/package.dsv'
[0.933s] INFO:colcon.colcon_core.shell:Creating package script '/home/namtruong/uuv_sim_home/install/multibeam_sonar/share/multibeam_sonar/package.sh'
[0.933s] INFO:colcon.colcon_core.shell:Creating package script '/home/namtruong/uuv_sim_home/install/multibeam_sonar/share/multibeam_sonar/package.bash'
[0.934s] INFO:colcon.colcon_core.shell:Creating package script '/home/namtruong/uuv_sim_home/install/multibeam_sonar/share/multibeam_sonar/package.zsh'
[0.934s] Level 1:colcon.colcon_core.environment:create_file_with_runtime_dependencies(/home/namtruong/uuv_sim_home/install/multibeam_sonar/share/colcon-core/packages/multibeam_sonar)
[0.941s] DEBUG:colcon.colcon_core.event_handler.log_command:Invoked command in '/home/namtruong/uuv_sim_home/build/dave_gz_world_plugins' returned '0': CMAKE_PREFIX_PATH=/home/namtruong/uuv_sim_home/install/dave_interfaces:/home/namtruong/uuv_sim_home/install/multibeam_sonar_system:/home/namtruong/uuv_sim_home/install/multibeam_sonar:/home/namtruong/uuv_sim_home/install/dave_worlds:/home/namtruong/uuv_sim_home/install/dave_gz_model_plugins:/home/namtruong/uuv_sim_home/install/dave_ros_gz_plugins:/home/namtruong/uuv_sim_home/install/dave_robot_models:/home/namtruong/uuv_sim_home/install/dave_object_models:/home/namtruong/uuv_sim_home/install/dave_multibeam_sonar_demo:/home/namtruong/uuv_sim_home/install/dave_gz_world_plugins:/home/namtruong/uuv_sim_home/install/dave_gz_sensor_plugins:/opt/ros/jazzy/opt/gz_sim_vendor:/opt/ros/jazzy/opt/gz_sensors_vendor:/opt/ros/jazzy/opt/gz_physics_vendor:/opt/ros/jazzy/opt/sdformat_vendor:/opt/ros/jazzy/opt/gz_gui_vendor:/opt/ros/jazzy/opt/gz_transport_vendor:/opt/ros/jazzy/opt/gz_rendering_vendor:/opt/ros/jazzy/opt/gz_plugin_vendor:/opt/ros/jazzy/opt/gz_fuel_tools_vendor:/opt/ros/jazzy/opt/gz_msgs_vendor:/opt/ros/jazzy/opt/gz_common_vendor:/opt/ros/jazzy/opt/gz_math_vendor:/opt/ros/jazzy/opt/gz_utils_vendor:/opt/ros/jazzy/opt/gz_tools_vendor:/opt/ros/jazzy/opt/gz_ogre_next_vendor:/opt/ros/jazzy/opt/gz_dartsim_vendor:/opt/ros/jazzy/opt/gz_cmake_vendor:/home/namtruong/uuv_sim_home/install/uuv_simu:/opt/ros/jazzy DEBUGINFOD_URLS=https://debuginfod.ubuntu.com LD_LIBRARY_PATH=/home/namtruong/uuv_sim_home/install/dave_interfaces/lib:/home/namtruong/uuv_sim_home/install/multibeam_sonar_system/lib/multibeam_sonar_system/:/home/namtruong/uuv_sim_home/install/multibeam_sonar/lib/multibeam_sonar/:/home/namtruong/uuv_sim_home/install/dave_ros_gz_plugins/lib:/home/namtruong/uuv_sim_home/install/dave_gz_world_plugins/lib:/opt/ros/jazzy/opt/gz_sim_vendor/lib:/opt/ros/jazzy/opt/gz_sensors_vendor/lib:/opt/ros/jazzy/opt/gz_physics_vendor/lib:/opt/ros/jazzy/opt/sdformat_vendor/lib:/opt/ros/jazzy/opt/rviz_ogre_vendor/lib:/opt/ros/jazzy/lib/x86_64-linux-gnu:/opt/ros/jazzy/opt/gz_gui_vendor/lib:/opt/ros/jazzy/opt/gz_transport_vendor/lib:/opt/ros/jazzy/opt/gz_rendering_vendor/lib:/opt/ros/jazzy/opt/gz_plugin_vendor/lib:/opt/ros/jazzy/opt/gz_fuel_tools_vendor/lib:/opt/ros/jazzy/opt/gz_msgs_vendor/lib:/opt/ros/jazzy/opt/gz_common_vendor/lib:/opt/ros/jazzy/opt/gz_math_vendor/lib:/opt/ros/jazzy/opt/gz_utils_vendor/lib:/opt/ros/jazzy/opt/gz_tools_vendor/lib:/opt/ros/jazzy/opt/gz_ogre_next_vendor/lib:/opt/ros/jazzy/opt/gz_dartsim_vendor/lib:/opt/ros/jazzy/opt/gz_cmake_vendor/lib:/opt/ros/jazzy/lib PYTHONPATH=/home/namtruong/uuv_sim_home/install/dave_interfaces/lib/python3.12/site-packages:/home/namtruong/uuv_sim_home/install/uuv_simu/lib/python3.12/site-packages:/opt/ros/jazzy/lib/python3.12/site-packages /usr/bin/cmake --build /home/namtruong/uuv_sim_home/build/dave_gz_world_plugins -- -j16 -l16
[0.942s] DEBUG:colcon.colcon_core.event_handler.log_command:Invoking command in '/home/namtruong/uuv_sim_home/build/dave_gz_world_plugins': CMAKE_PREFIX_PATH=/home/namtruong/uuv_sim_home/install/dave_interfaces:/home/namtruong/uuv_sim_home/install/multibeam_sonar_system:/home/namtruong/uuv_sim_home/install/multibeam_sonar:/home/namtruong/uuv_sim_home/install/dave_worlds:/home/namtruong/uuv_sim_home/install/dave_gz_model_plugins:/home/namtruong/uuv_sim_home/install/dave_ros_gz_plugins:/home/namtruong/uuv_sim_home/install/dave_robot_models:/home/namtruong/uuv_sim_home/install/dave_object_models:/home/namtruong/uuv_sim_home/install/dave_multibeam_sonar_demo:/home/namtruong/uuv_sim_home/install/dave_gz_world_plugins:/home/namtruong/uuv_sim_home/install/dave_gz_sensor_plugins:/opt/ros/jazzy/opt/gz_sim_vendor:/opt/ros/jazzy/opt/gz_sensors_vendor:/opt/ros/jazzy/opt/gz_physics_vendor:/opt/ros/jazzy/opt/sdformat_vendor:/opt/ros/jazzy/opt/gz_gui_vendor:/opt/ros/jazzy/opt/gz_transport_vendor:/opt/ros/jazzy/opt/gz_rendering_vendor:/opt/ros/jazzy/opt/gz_plugin_vendor:/opt/ros/jazzy/opt/gz_fuel_tools_vendor:/opt/ros/jazzy/opt/gz_msgs_vendor:/opt/ros/jazzy/opt/gz_common_vendor:/opt/ros/jazzy/opt/gz_math_vendor:/opt/ros/jazzy/opt/gz_utils_vendor:/opt/ros/jazzy/opt/gz_tools_vendor:/opt/ros/jazzy/opt/gz_ogre_next_vendor:/opt/ros/jazzy/opt/gz_dartsim_vendor:/opt/ros/jazzy/opt/gz_cmake_vendor:/home/namtruong/uuv_sim_home/install/uuv_simu:/opt/ros/jazzy DEBUGINFOD_URLS=https://debuginfod.ubuntu.com LD_LIBRARY_PATH=/home/namtruong/uuv_sim_home/install/dave_interfaces/lib:/home/namtruong/uuv_sim_home/install/multibeam_sonar_system/lib/multibeam_sonar_system/:/home/namtruong/uuv_sim_home/install/multibeam_sonar/lib/multibeam_sonar/:/home/namtruong/uuv_sim_home/install/dave_ros_gz_plugins/lib:/home/namtruong/uuv_sim_home/install/dave_gz_world_plugins/lib:/opt/ros/jazzy/opt/gz_sim_vendor/lib:/opt/ros/jazzy/opt/gz_sensors_vendor/lib:/opt/ros/jazzy/opt/gz_physics_vendor/lib:/opt/ros/jazzy/opt/sdformat_vendor/lib:/opt/ros/jazzy/opt/rviz_ogre_vendor/lib:/opt/ros/jazzy/lib/x86_64-linux-gnu:/opt/ros/jazzy/opt/gz_gui_vendor/lib:/opt/ros/jazzy/opt/gz_transport_vendor/lib:/opt/ros/jazzy/opt/gz_rendering_vendor/lib:/opt/ros/jazzy/opt/gz_plugin_vendor/lib:/opt/ros/jazzy/opt/gz_fuel_tools_vendor/lib:/opt/ros/jazzy/opt/gz_msgs_vendor/lib:/opt/ros/jazzy/opt/gz_common_vendor/lib:/opt/ros/jazzy/opt/gz_math_vendor/lib:/opt/ros/jazzy/opt/gz_utils_vendor/lib:/opt/ros/jazzy/opt/gz_tools_vendor/lib:/opt/ros/jazzy/opt/gz_ogre_next_vendor/lib:/opt/ros/jazzy/opt/gz_dartsim_vendor/lib:/opt/ros/jazzy/opt/gz_cmake_vendor/lib:/opt/ros/jazzy/lib PYTHONPATH=/home/namtruong/uuv_sim_home/install/dave_interfaces/lib/python3.12/site-packages:/home/namtruong/uuv_sim_home/install/uuv_simu/lib/python3.12/site-packages:/opt/ros/jazzy/lib/python3.12/site-packages /usr/bin/cmake --install /home/namtruong/uuv_sim_home/build/dave_gz_world_plugins
[0.974s] Level 1:colcon.colcon_core.environment:create_environment_scripts_only(dave_gz_world_plugins)
[0.975s] Level 1:colcon.colcon_core.environment:checking '/home/namtruong/uuv_sim_home/install/dave_gz_world_plugins' for CMake module files
[0.975s] DEBUG:colcon.colcon_core.event_handler.log_command:Invoked command in '/home/namtruong/uuv_sim_home/build/dave_gz_world_plugins' returned '0': CMAKE_PREFIX_PATH=/home/namtruong/uuv_sim_home/install/dave_interfaces:/home/namtruong/uuv_sim_home/install/multibeam_sonar_system:/home/namtruong/uuv_sim_home/install/multibeam_sonar:/home/namtruong/uuv_sim_home/install/dave_worlds:/home/namtruong/uuv_sim_home/install/dave_gz_model_plugins:/home/namtruong/uuv_sim_home/install/dave_ros_gz_plugins:/home/namtruong/uuv_sim_home/install/dave_robot_models:/home/namtruong/uuv_sim_home/install/dave_object_models:/home/namtruong/uuv_sim_home/install/dave_multibeam_sonar_demo:/home/namtruong/uuv_sim_home/install/dave_gz_world_plugins:/home/namtruong/uuv_sim_home/install/dave_gz_sensor_plugins:/opt/ros/jazzy/opt/gz_sim_vendor:/opt/ros/jazzy/opt/gz_sensors_vendor:/opt/ros/jazzy/opt/gz_physics_vendor:/opt/ros/jazzy/opt/sdformat_vendor:/opt/ros/jazzy/opt/gz_gui_vendor:/opt/ros/jazzy/opt/gz_transport_vendor:/opt/ros/jazzy/opt/gz_rendering_vendor:/opt/ros/jazzy/opt/gz_plugin_vendor:/opt/ros/jazzy/opt/gz_fuel_tools_vendor:/opt/ros/jazzy/opt/gz_msgs_vendor:/opt/ros/jazzy/opt/gz_common_vendor:/opt/ros/jazzy/opt/gz_math_vendor:/opt/ros/jazzy/opt/gz_utils_vendor:/opt/ros/jazzy/opt/gz_tools_vendor:/opt/ros/jazzy/opt/gz_ogre_next_vendor:/opt/ros/jazzy/opt/gz_dartsim_vendor:/opt/ros/jazzy/opt/gz_cmake_vendor:/home/namtruong/uuv_sim_home/install/uuv_simu:/opt/ros/jazzy DEBUGINFOD_URLS=https://debuginfod.ubuntu.com LD_LIBRARY_PATH=/home/namtruong/uuv_sim_home/install/dave_interfaces/lib:/home/namtruong/uuv_sim_home/install/multibeam_sonar_system/lib/multibeam_sonar_system/:/home/namtruong/uuv_sim_home/install/multibeam_sonar/lib/multibeam_sonar/:/home/namtruong/uuv_sim_home/install/dave_ros_gz_plugins/lib:/home/namtruong/uuv_sim_home/install/dave_gz_world_plugins/lib:/opt/ros/jazzy/opt/gz_sim_vendor/lib:/opt/ros/jazzy/opt/gz_sensors_vendor/lib:/opt/ros/jazzy/opt/gz_physics_vendor/lib:/opt/ros/jazzy/opt/sdformat_vendor/lib:/opt/ros/jazzy/opt/rviz_ogre_vendor/lib:/opt/ros/jazzy/lib/x86_64-linux-gnu:/opt/ros/jazzy/opt/gz_gui_vendor/lib:/opt/ros/jazzy/opt/gz_transport_vendor/lib:/opt/ros/jazzy/opt/gz_rendering_vendor/lib:/opt/ros/jazzy/opt/gz_plugin_vendor/lib:/opt/ros/jazzy/opt/gz_fuel_tools_vendor/lib:/opt/ros/jazzy/opt/gz_msgs_vendor/lib:/opt/ros/jazzy/opt/gz_common_vendor/lib:/opt/ros/jazzy/opt/gz_math_vendor/lib:/opt/ros/jazzy/opt/gz_utils_vendor/lib:/opt/ros/jazzy/opt/gz_tools_vendor/lib:/opt/ros/jazzy/opt/gz_ogre_next_vendor/lib:/opt/ros/jazzy/opt/gz_dartsim_vendor/lib:/opt/ros/jazzy/opt/gz_cmake_vendor/lib:/opt/ros/jazzy/lib PYTHONPATH=/home/namtruong/uuv_sim_home/install/dave_interfaces/lib/python3.12/site-packages:/home/namtruong/uuv_sim_home/install/uuv_simu/lib/python3.12/site-packages:/opt/ros/jazzy/lib/python3.12/site-packages /usr/bin/cmake --install /home/namtruong/uuv_sim_home/build/dave_gz_world_plugins
[0.976s] Level 1:colcon.colcon_core.environment:checking '/home/namtruong/uuv_sim_home/install/dave_gz_world_plugins' for CMake config files
[0.976s] Level 1:colcon.colcon_core.shell:create_environment_hook('dave_gz_world_plugins', 'cmake_prefix_path')
[0.976s] INFO:colcon.colcon_core.shell:Creating environment hook '/home/namtruong/uuv_sim_home/install/dave_gz_world_plugins/share/dave_gz_world_plugins/hook/cmake_prefix_path.ps1'
[0.977s] INFO:colcon.colcon_core.shell:Creating environment descriptor '/home/namtruong/uuv_sim_home/install/dave_gz_world_plugins/share/dave_gz_world_plugins/hook/cmake_prefix_path.dsv'
[0.977s] INFO:colcon.colcon_core.shell:Creating environment hook '/home/namtruong/uuv_sim_home/install/dave_gz_world_plugins/share/dave_gz_world_plugins/hook/cmake_prefix_path.sh'
[0.978s] Level 1:colcon.colcon_core.environment:checking '/home/namtruong/uuv_sim_home/install/dave_gz_world_plugins/lib'
[0.978s] Level 1:colcon.colcon_core.shell:create_environment_hook('dave_gz_world_plugins', 'ld_library_path_lib')
[0.978s] INFO:colcon.colcon_core.shell:Creating environment hook '/home/namtruong/uuv_sim_home/install/dave_gz_world_plugins/share/dave_gz_world_plugins/hook/ld_library_path_lib.ps1'
[0.978s] INFO:colcon.colcon_core.shell:Creating environment descriptor '/home/namtruong/uuv_sim_home/install/dave_gz_world_plugins/share/dave_gz_world_plugins/hook/ld_library_path_lib.dsv'
[0.978s] INFO:colcon.colcon_core.shell:Creating environment hook '/home/namtruong/uuv_sim_home/install/dave_gz_world_plugins/share/dave_gz_world_plugins/hook/ld_library_path_lib.sh'
[0.979s] Level 1:colcon.colcon_core.environment:checking '/home/namtruong/uuv_sim_home/install/dave_gz_world_plugins/bin'
[0.979s] Level 1:colcon.colcon_core.environment:checking '/home/namtruong/uuv_sim_home/install/dave_gz_world_plugins/lib/pkgconfig/dave_gz_world_plugins.pc'
[0.979s] Level 1:colcon.colcon_core.environment:checking '/home/namtruong/uuv_sim_home/install/dave_gz_world_plugins/lib/python3.12/site-packages'
[0.979s] Level 1:colcon.colcon_core.environment:checking '/home/namtruong/uuv_sim_home/install/dave_gz_world_plugins/bin'
[0.979s] INFO:colcon.colcon_core.shell:Creating package script '/home/namtruong/uuv_sim_home/install/dave_gz_world_plugins/share/dave_gz_world_plugins/package.ps1'
[0.980s] INFO:colcon.colcon_core.shell:Creating package descriptor '/home/namtruong/uuv_sim_home/install/dave_gz_world_plugins/share/dave_gz_world_plugins/package.dsv'
[0.980s] INFO:colcon.colcon_core.shell:Creating package script '/home/namtruong/uuv_sim_home/install/dave_gz_world_plugins/share/dave_gz_world_plugins/package.sh'
[0.980s] INFO:colcon.colcon_core.shell:Creating package script '/home/namtruong/uuv_sim_home/install/dave_gz_world_plugins/share/dave_gz_world_plugins/package.bash'
[0.981s] INFO:colcon.colcon_core.shell:Creating package script '/home/namtruong/uuv_sim_home/install/dave_gz_world_plugins/share/dave_gz_world_plugins/package.zsh'
[0.981s] Level 1:colcon.colcon_core.environment:create_file_with_runtime_dependencies(/home/namtruong/uuv_sim_home/install/dave_gz_world_plugins/share/colcon-core/packages/dave_gz_world_plugins)
[0.981s] Level 1:colcon.colcon_core.environment:create_environment_scripts_only(dave_gz_world_plugins)
[0.981s] Level 1:colcon.colcon_core.environment:checking '/home/namtruong/uuv_sim_home/install/dave_gz_world_plugins' for CMake module files
[0.982s] Level 1:colcon.colcon_core.environment:checking '/home/namtruong/uuv_sim_home/install/dave_gz_world_plugins' for CMake config files
[0.982s] Level 1:colcon.colcon_core.shell:create_environment_hook('dave_gz_world_plugins', 'cmake_prefix_path')
[0.982s] INFO:colcon.colcon_core.shell:Creating environment hook '/home/namtruong/uuv_sim_home/install/dave_gz_world_plugins/share/dave_gz_world_plugins/hook/cmake_prefix_path.ps1'
[0.982s] INFO:colcon.colcon_core.shell:Creating environment descriptor '/home/namtruong/uuv_sim_home/install/dave_gz_world_plugins/share/dave_gz_world_plugins/hook/cmake_prefix_path.dsv'
[0.983s] INFO:colcon.colcon_core.shell:Creating environment hook '/home/namtruong/uuv_sim_home/install/dave_gz_world_plugins/share/dave_gz_world_plugins/hook/cmake_prefix_path.sh'
[0.983s] Level 1:colcon.colcon_core.environment:checking '/home/namtruong/uuv_sim_home/install/dave_gz_world_plugins/lib'
[0.983s] Level 1:colcon.colcon_core.shell:create_environment_hook('dave_gz_world_plugins', 'ld_library_path_lib')
[0.983s] INFO:colcon.colcon_core.shell:Creating environment hook '/home/namtruong/uuv_sim_home/install/dave_gz_world_plugins/share/dave_gz_world_plugins/hook/ld_library_path_lib.ps1'
[0.983s] INFO:colcon.colcon_core.shell:Creating environment descriptor '/home/namtruong/uuv_sim_home/install/dave_gz_world_plugins/share/dave_gz_world_plugins/hook/ld_library_path_lib.dsv'
[0.984s] INFO:colcon.colcon_core.shell:Creating environment hook '/home/namtruong/uuv_sim_home/install/dave_gz_world_plugins/share/dave_gz_world_plugins/hook/ld_library_path_lib.sh'
[0.984s] Level 1:colcon.colcon_core.environment:checking '/home/namtruong/uuv_sim_home/install/dave_gz_world_plugins/bin'
[0.984s] Level 1:colcon.colcon_core.environment:checking '/home/namtruong/uuv_sim_home/install/dave_gz_world_plugins/lib/pkgconfig/dave_gz_world_plugins.pc'
[0.984s] Level 1:colcon.colcon_core.environment:checking '/home/namtruong/uuv_sim_home/install/dave_gz_world_plugins/lib/python3.12/site-packages'
[0.984s] Level 1:colcon.colcon_core.environment:checking '/home/namtruong/uuv_sim_home/install/dave_gz_world_plugins/bin'
[0.984s] INFO:colcon.colcon_core.shell:Creating package script '/home/namtruong/uuv_sim_home/install/dave_gz_world_plugins/share/dave_gz_world_plugins/package.ps1'
[0.985s] INFO:colcon.colcon_core.shell:Creating package descriptor '/home/namtruong/uuv_sim_home/install/dave_gz_world_plugins/share/dave_gz_world_plugins/package.dsv'
[0.985s] INFO:colcon.colcon_core.shell:Creating package script '/home/namtruong/uuv_sim_home/install/dave_gz_world_plugins/share/dave_gz_world_plugins/package.sh'
[0.986s] INFO:colcon.colcon_core.shell:Creating package script '/home/namtruong/uuv_sim_home/install/dave_gz_world_plugins/share/dave_gz_world_plugins/package.bash'
[0.986s] INFO:colcon.colcon_core.shell:Creating package script '/home/namtruong/uuv_sim_home/install/dave_gz_world_plugins/share/dave_gz_world_plugins/package.zsh'
[0.986s] Level 1:colcon.colcon_core.environment:create_file_with_runtime_dependencies(/home/namtruong/uuv_sim_home/install/dave_gz_world_plugins/share/colcon-core/packages/dave_gz_world_plugins)
[0.986s] INFO:colcon.colcon_ros.task.ament_cmake.build:Building ROS package in '/home/namtruong/uuv_sim_home/src/dave_ros_gz_plugins' with build type 'ament_cmake'
[0.987s] INFO:colcon.colcon_cmake.task.cmake.build:Building CMake package in '/home/namtruong/uuv_sim_home/src/dave_ros_gz_plugins'
[0.987s] INFO:colcon.colcon_core.shell:Skip shell extension 'powershell' for command environment: Not usable outside of PowerShell
[0.987s] DEBUG:colcon.colcon_core.shell:Skip shell extension 'dsv' for command environment
[1.001s] DEBUG:colcon.colcon_core.event_handler.log_command:Invoking command in '/home/namtruong/uuv_sim_home/build/dave_ros_gz_plugins': CMAKE_PREFIX_PATH=/home/namtruong/uuv_sim_home/install/dave_gz_world_plugins:/home/namtruong/uuv_sim_home/install/dave_interfaces:/home/namtruong/uuv_sim_home/install/multibeam_sonar_system:/home/namtruong/uuv_sim_home/install/multibeam_sonar:/home/namtruong/uuv_sim_home/install/dave_worlds:/home/namtruong/uuv_sim_home/install/dave_gz_model_plugins:/home/namtruong/uuv_sim_home/install/dave_ros_gz_plugins:/home/namtruong/uuv_sim_home/install/dave_robot_models:/home/namtruong/uuv_sim_home/install/dave_object_models:/home/namtruong/uuv_sim_home/install/dave_multibeam_sonar_demo:/home/namtruong/uuv_sim_home/install/dave_gz_sensor_plugins:/opt/ros/jazzy/opt/gz_sim_vendor:/opt/ros/jazzy/opt/gz_sensors_vendor:/opt/ros/jazzy/opt/gz_physics_vendor:/opt/ros/jazzy/opt/sdformat_vendor:/opt/ros/jazzy/opt/gz_gui_vendor:/opt/ros/jazzy/opt/gz_transport_vendor:/opt/ros/jazzy/opt/gz_rendering_vendor:/opt/ros/jazzy/opt/gz_plugin_vendor:/opt/ros/jazzy/opt/gz_fuel_tools_vendor:/opt/ros/jazzy/opt/gz_msgs_vendor:/opt/ros/jazzy/opt/gz_common_vendor:/opt/ros/jazzy/opt/gz_math_vendor:/opt/ros/jazzy/opt/gz_utils_vendor:/opt/ros/jazzy/opt/gz_tools_vendor:/opt/ros/jazzy/opt/gz_ogre_next_vendor:/opt/ros/jazzy/opt/gz_dartsim_vendor:/opt/ros/jazzy/opt/gz_cmake_vendor:/home/namtruong/uuv_sim_home/install/uuv_simu:/opt/ros/jazzy DEBUGINFOD_URLS=https://debuginfod.ubuntu.com LD_LIBRARY_PATH=/home/namtruong/uuv_sim_home/install/dave_gz_world_plugins/lib:/home/namtruong/uuv_sim_home/install/dave_interfaces/lib:/home/namtruong/uuv_sim_home/install/multibeam_sonar_system/lib/multibeam_sonar_system/:/home/namtruong/uuv_sim_home/install/multibeam_sonar/lib/multibeam_sonar/:/home/namtruong/uuv_sim_home/install/dave_ros_gz_plugins/lib:/opt/ros/jazzy/opt/gz_sim_vendor/lib:/opt/ros/jazzy/opt/gz_sensors_vendor/lib:/opt/ros/jazzy/opt/gz_physics_vendor/lib:/opt/ros/jazzy/opt/sdformat_vendor/lib:/opt/ros/jazzy/opt/rviz_ogre_vendor/lib:/opt/ros/jazzy/lib/x86_64-linux-gnu:/opt/ros/jazzy/opt/gz_gui_vendor/lib:/opt/ros/jazzy/opt/gz_transport_vendor/lib:/opt/ros/jazzy/opt/gz_rendering_vendor/lib:/opt/ros/jazzy/opt/gz_plugin_vendor/lib:/opt/ros/jazzy/opt/gz_fuel_tools_vendor/lib:/opt/ros/jazzy/opt/gz_msgs_vendor/lib:/opt/ros/jazzy/opt/gz_common_vendor/lib:/opt/ros/jazzy/opt/gz_math_vendor/lib:/opt/ros/jazzy/opt/gz_utils_vendor/lib:/opt/ros/jazzy/opt/gz_tools_vendor/lib:/opt/ros/jazzy/opt/gz_ogre_next_vendor/lib:/opt/ros/jazzy/opt/gz_dartsim_vendor/lib:/opt/ros/jazzy/opt/gz_cmake_vendor/lib:/opt/ros/jazzy/lib PYTHONPATH=/home/namtruong/uuv_sim_home/install/dave_interfaces/lib/python3.12/site-packages:/home/namtruong/uuv_sim_home/install/uuv_simu/lib/python3.12/site-packages:/opt/ros/jazzy/lib/python3.12/site-packages /usr/bin/cmake --build /home/namtruong/uuv_sim_home/build/dave_ros_gz_plugins -- -j16 -l16
[1.092s] DEBUG:colcon.colcon_core.event_handler.log_command:Invoked command in '/home/namtruong/uuv_sim_home/build/dave_ros_gz_plugins' returned '0': CMAKE_PREFIX_PATH=/home/namtruong/uuv_sim_home/install/dave_gz_world_plugins:/home/namtruong/uuv_sim_home/install/dave_interfaces:/home/namtruong/uuv_sim_home/install/multibeam_sonar_system:/home/namtruong/uuv_sim_home/install/multibeam_sonar:/home/namtruong/uuv_sim_home/install/dave_worlds:/home/namtruong/uuv_sim_home/install/dave_gz_model_plugins:/home/namtruong/uuv_sim_home/install/dave_ros_gz_plugins:/home/namtruong/uuv_sim_home/install/dave_robot_models:/home/namtruong/uuv_sim_home/install/dave_object_models:/home/namtruong/uuv_sim_home/install/dave_multibeam_sonar_demo:/home/namtruong/uuv_sim_home/install/dave_gz_sensor_plugins:/opt/ros/jazzy/opt/gz_sim_vendor:/opt/ros/jazzy/opt/gz_sensors_vendor:/opt/ros/jazzy/opt/gz_physics_vendor:/opt/ros/jazzy/opt/sdformat_vendor:/opt/ros/jazzy/opt/gz_gui_vendor:/opt/ros/jazzy/opt/gz_transport_vendor:/opt/ros/jazzy/opt/gz_rendering_vendor:/opt/ros/jazzy/opt/gz_plugin_vendor:/opt/ros/jazzy/opt/gz_fuel_tools_vendor:/opt/ros/jazzy/opt/gz_msgs_vendor:/opt/ros/jazzy/opt/gz_common_vendor:/opt/ros/jazzy/opt/gz_math_vendor:/opt/ros/jazzy/opt/gz_utils_vendor:/opt/ros/jazzy/opt/gz_tools_vendor:/opt/ros/jazzy/opt/gz_ogre_next_vendor:/opt/ros/jazzy/opt/gz_dartsim_vendor:/opt/ros/jazzy/opt/gz_cmake_vendor:/home/namtruong/uuv_sim_home/install/uuv_simu:/opt/ros/jazzy DEBUGINFOD_URLS=https://debuginfod.ubuntu.com LD_LIBRARY_PATH=/home/namtruong/uuv_sim_home/install/dave_gz_world_plugins/lib:/home/namtruong/uuv_sim_home/install/dave_interfaces/lib:/home/namtruong/uuv_sim_home/install/multibeam_sonar_system/lib/multibeam_sonar_system/:/home/namtruong/uuv_sim_home/install/multibeam_sonar/lib/multibeam_sonar/:/home/namtruong/uuv_sim_home/install/dave_ros_gz_plugins/lib:/opt/ros/jazzy/opt/gz_sim_vendor/lib:/opt/ros/jazzy/opt/gz_sensors_vendor/lib:/opt/ros/jazzy/opt/gz_physics_vendor/lib:/opt/ros/jazzy/opt/sdformat_vendor/lib:/opt/ros/jazzy/opt/rviz_ogre_vendor/lib:/opt/ros/jazzy/lib/x86_64-linux-gnu:/opt/ros/jazzy/opt/gz_gui_vendor/lib:/opt/ros/jazzy/opt/gz_transport_vendor/lib:/opt/ros/jazzy/opt/gz_rendering_vendor/lib:/opt/ros/jazzy/opt/gz_plugin_vendor/lib:/opt/ros/jazzy/opt/gz_fuel_tools_vendor/lib:/opt/ros/jazzy/opt/gz_msgs_vendor/lib:/opt/ros/jazzy/opt/gz_common_vendor/lib:/opt/ros/jazzy/opt/gz_math_vendor/lib:/opt/ros/jazzy/opt/gz_utils_vendor/lib:/opt/ros/jazzy/opt/gz_tools_vendor/lib:/opt/ros/jazzy/opt/gz_ogre_next_vendor/lib:/opt/ros/jazzy/opt/gz_dartsim_vendor/lib:/opt/ros/jazzy/opt/gz_cmake_vendor/lib:/opt/ros/jazzy/lib PYTHONPATH=/home/namtruong/uuv_sim_home/install/dave_interfaces/lib/python3.12/site-packages:/home/namtruong/uuv_sim_home/install/uuv_simu/lib/python3.12/site-packages:/opt/ros/jazzy/lib/python3.12/site-packages /usr/bin/cmake --build /home/namtruong/uuv_sim_home/build/dave_ros_gz_plugins -- -j16 -l16
[1.094s] DEBUG:colcon.colcon_core.event_handler.log_command:Invoking command in '/home/namtruong/uuv_sim_home/build/dave_ros_gz_plugins': CMAKE_PREFIX_PATH=/home/namtruong/uuv_sim_home/install/dave_gz_world_plugins:/home/namtruong/uuv_sim_home/install/dave_interfaces:/home/namtruong/uuv_sim_home/install/multibeam_sonar_system:/home/namtruong/uuv_sim_home/install/multibeam_sonar:/home/namtruong/uuv_sim_home/install/dave_worlds:/home/namtruong/uuv_sim_home/install/dave_gz_model_plugins:/home/namtruong/uuv_sim_home/install/dave_ros_gz_plugins:/home/namtruong/uuv_sim_home/install/dave_robot_models:/home/namtruong/uuv_sim_home/install/dave_object_models:/home/namtruong/uuv_sim_home/install/dave_multibeam_sonar_demo:/home/namtruong/uuv_sim_home/install/dave_gz_sensor_plugins:/opt/ros/jazzy/opt/gz_sim_vendor:/opt/ros/jazzy/opt/gz_sensors_vendor:/opt/ros/jazzy/opt/gz_physics_vendor:/opt/ros/jazzy/opt/sdformat_vendor:/opt/ros/jazzy/opt/gz_gui_vendor:/opt/ros/jazzy/opt/gz_transport_vendor:/opt/ros/jazzy/opt/gz_rendering_vendor:/opt/ros/jazzy/opt/gz_plugin_vendor:/opt/ros/jazzy/opt/gz_fuel_tools_vendor:/opt/ros/jazzy/opt/gz_msgs_vendor:/opt/ros/jazzy/opt/gz_common_vendor:/opt/ros/jazzy/opt/gz_math_vendor:/opt/ros/jazzy/opt/gz_utils_vendor:/opt/ros/jazzy/opt/gz_tools_vendor:/opt/ros/jazzy/opt/gz_ogre_next_vendor:/opt/ros/jazzy/opt/gz_dartsim_vendor:/opt/ros/jazzy/opt/gz_cmake_vendor:/home/namtruong/uuv_sim_home/install/uuv_simu:/opt/ros/jazzy DEBUGINFOD_URLS=https://debuginfod.ubuntu.com LD_LIBRARY_PATH=/home/namtruong/uuv_sim_home/install/dave_gz_world_plugins/lib:/home/namtruong/uuv_sim_home/install/dave_interfaces/lib:/home/namtruong/uuv_sim_home/install/multibeam_sonar_system/lib/multibeam_sonar_system/:/home/namtruong/uuv_sim_home/install/multibeam_sonar/lib/multibeam_sonar/:/home/namtruong/uuv_sim_home/install/dave_ros_gz_plugins/lib:/opt/ros/jazzy/opt/gz_sim_vendor/lib:/opt/ros/jazzy/opt/gz_sensors_vendor/lib:/opt/ros/jazzy/opt/gz_physics_vendor/lib:/opt/ros/jazzy/opt/sdformat_vendor/lib:/opt/ros/jazzy/opt/rviz_ogre_vendor/lib:/opt/ros/jazzy/lib/x86_64-linux-gnu:/opt/ros/jazzy/opt/gz_gui_vendor/lib:/opt/ros/jazzy/opt/gz_transport_vendor/lib:/opt/ros/jazzy/opt/gz_rendering_vendor/lib:/opt/ros/jazzy/opt/gz_plugin_vendor/lib:/opt/ros/jazzy/opt/gz_fuel_tools_vendor/lib:/opt/ros/jazzy/opt/gz_msgs_vendor/lib:/opt/ros/jazzy/opt/gz_common_vendor/lib:/opt/ros/jazzy/opt/gz_math_vendor/lib:/opt/ros/jazzy/opt/gz_utils_vendor/lib:/opt/ros/jazzy/opt/gz_tools_vendor/lib:/opt/ros/jazzy/opt/gz_ogre_next_vendor/lib:/opt/ros/jazzy/opt/gz_dartsim_vendor/lib:/opt/ros/jazzy/opt/gz_cmake_vendor/lib:/opt/ros/jazzy/lib PYTHONPATH=/home/namtruong/uuv_sim_home/install/dave_interfaces/lib/python3.12/site-packages:/home/namtruong/uuv_sim_home/install/uuv_simu/lib/python3.12/site-packages:/opt/ros/jazzy/lib/python3.12/site-packages /usr/bin/cmake --install /home/namtruong/uuv_sim_home/build/dave_ros_gz_plugins
[1.123s] Level 1:colcon.colcon_core.environment:create_environment_scripts_only(dave_ros_gz_plugins)
[1.123s] Level 1:colcon.colcon_core.environment:checking '/home/namtruong/uuv_sim_home/install/dave_ros_gz_plugins' for CMake module files
[1.123s] DEBUG:colcon.colcon_core.event_handler.log_command:Invoked command in '/home/namtruong/uuv_sim_home/build/dave_ros_gz_plugins' returned '0': CMAKE_PREFIX_PATH=/home/namtruong/uuv_sim_home/install/dave_gz_world_plugins:/home/namtruong/uuv_sim_home/install/dave_interfaces:/home/namtruong/uuv_sim_home/install/multibeam_sonar_system:/home/namtruong/uuv_sim_home/install/multibeam_sonar:/home/namtruong/uuv_sim_home/install/dave_worlds:/home/namtruong/uuv_sim_home/install/dave_gz_model_plugins:/home/namtruong/uuv_sim_home/install/dave_ros_gz_plugins:/home/namtruong/uuv_sim_home/install/dave_robot_models:/home/namtruong/uuv_sim_home/install/dave_object_models:/home/namtruong/uuv_sim_home/install/dave_multibeam_sonar_demo:/home/namtruong/uuv_sim_home/install/dave_gz_sensor_plugins:/opt/ros/jazzy/opt/gz_sim_vendor:/opt/ros/jazzy/opt/gz_sensors_vendor:/opt/ros/jazzy/opt/gz_physics_vendor:/opt/ros/jazzy/opt/sdformat_vendor:/opt/ros/jazzy/opt/gz_gui_vendor:/opt/ros/jazzy/opt/gz_transport_vendor:/opt/ros/jazzy/opt/gz_rendering_vendor:/opt/ros/jazzy/opt/gz_plugin_vendor:/opt/ros/jazzy/opt/gz_fuel_tools_vendor:/opt/ros/jazzy/opt/gz_msgs_vendor:/opt/ros/jazzy/opt/gz_common_vendor:/opt/ros/jazzy/opt/gz_math_vendor:/opt/ros/jazzy/opt/gz_utils_vendor:/opt/ros/jazzy/opt/gz_tools_vendor:/opt/ros/jazzy/opt/gz_ogre_next_vendor:/opt/ros/jazzy/opt/gz_dartsim_vendor:/opt/ros/jazzy/opt/gz_cmake_vendor:/home/namtruong/uuv_sim_home/install/uuv_simu:/opt/ros/jazzy DEBUGINFOD_URLS=https://debuginfod.ubuntu.com LD_LIBRARY_PATH=/home/namtruong/uuv_sim_home/install/dave_gz_world_plugins/lib:/home/namtruong/uuv_sim_home/install/dave_interfaces/lib:/home/namtruong/uuv_sim_home/install/multibeam_sonar_system/lib/multibeam_sonar_system/:/home/namtruong/uuv_sim_home/install/multibeam_sonar/lib/multibeam_sonar/:/home/namtruong/uuv_sim_home/install/dave_ros_gz_plugins/lib:/opt/ros/jazzy/opt/gz_sim_vendor/lib:/opt/ros/jazzy/opt/gz_sensors_vendor/lib:/opt/ros/jazzy/opt/gz_physics_vendor/lib:/opt/ros/jazzy/opt/sdformat_vendor/lib:/opt/ros/jazzy/opt/rviz_ogre_vendor/lib:/opt/ros/jazzy/lib/x86_64-linux-gnu:/opt/ros/jazzy/opt/gz_gui_vendor/lib:/opt/ros/jazzy/opt/gz_transport_vendor/lib:/opt/ros/jazzy/opt/gz_rendering_vendor/lib:/opt/ros/jazzy/opt/gz_plugin_vendor/lib:/opt/ros/jazzy/opt/gz_fuel_tools_vendor/lib:/opt/ros/jazzy/opt/gz_msgs_vendor/lib:/opt/ros/jazzy/opt/gz_common_vendor/lib:/opt/ros/jazzy/opt/gz_math_vendor/lib:/opt/ros/jazzy/opt/gz_utils_vendor/lib:/opt/ros/jazzy/opt/gz_tools_vendor/lib:/opt/ros/jazzy/opt/gz_ogre_next_vendor/lib:/opt/ros/jazzy/opt/gz_dartsim_vendor/lib:/opt/ros/jazzy/opt/gz_cmake_vendor/lib:/opt/ros/jazzy/lib PYTHONPATH=/home/namtruong/uuv_sim_home/install/dave_interfaces/lib/python3.12/site-packages:/home/namtruong/uuv_sim_home/install/uuv_simu/lib/python3.12/site-packages:/opt/ros/jazzy/lib/python3.12/site-packages /usr/bin/cmake --install /home/namtruong/uuv_sim_home/build/dave_ros_gz_plugins
[1.124s] Level 1:colcon.colcon_core.environment:checking '/home/namtruong/uuv_sim_home/install/dave_ros_gz_plugins' for CMake config files
[1.124s] Level 1:colcon.colcon_core.shell:create_environment_hook('dave_ros_gz_plugins', 'cmake_prefix_path')
[1.124s] INFO:colcon.colcon_core.shell:Creating environment hook '/home/namtruong/uuv_sim_home/install/dave_ros_gz_plugins/share/dave_ros_gz_plugins/hook/cmake_prefix_path.ps1'
[1.125s] INFO:colcon.colcon_core.shell:Creating environment descriptor '/home/namtruong/uuv_sim_home/install/dave_ros_gz_plugins/share/dave_ros_gz_plugins/hook/cmake_prefix_path.dsv'
[1.125s] INFO:colcon.colcon_core.shell:Creating environment hook '/home/namtruong/uuv_sim_home/install/dave_ros_gz_plugins/share/dave_ros_gz_plugins/hook/cmake_prefix_path.sh'
[1.125s] Level 1:colcon.colcon_core.environment:checking '/home/namtruong/uuv_sim_home/install/dave_ros_gz_plugins/lib'
[1.125s] Level 1:colcon.colcon_core.shell:create_environment_hook('dave_ros_gz_plugins', 'ld_library_path_lib')
[1.125s] INFO:colcon.colcon_core.shell:Creating environment hook '/home/namtruong/uuv_sim_home/install/dave_ros_gz_plugins/share/dave_ros_gz_plugins/hook/ld_library_path_lib.ps1'
[1.126s] INFO:colcon.colcon_core.shell:Creating environment descriptor '/home/namtruong/uuv_sim_home/install/dave_ros_gz_plugins/share/dave_ros_gz_plugins/hook/ld_library_path_lib.dsv'
[1.126s] INFO:colcon.colcon_core.shell:Creating environment hook '/home/namtruong/uuv_sim_home/install/dave_ros_gz_plugins/share/dave_ros_gz_plugins/hook/ld_library_path_lib.sh'
[1.126s] Level 1:colcon.colcon_core.environment:checking '/home/namtruong/uuv_sim_home/install/dave_ros_gz_plugins/bin'
[1.126s] Level 1:colcon.colcon_core.environment:checking '/home/namtruong/uuv_sim_home/install/dave_ros_gz_plugins/lib/pkgconfig/dave_ros_gz_plugins.pc'
[1.126s] Level 1:colcon.colcon_core.environment:checking '/home/namtruong/uuv_sim_home/install/dave_ros_gz_plugins/lib/python3.12/site-packages'
[1.127s] Level 1:colcon.colcon_core.environment:checking '/home/namtruong/uuv_sim_home/install/dave_ros_gz_plugins/bin'
[1.127s] INFO:colcon.colcon_core.shell:Creating package script '/home/namtruong/uuv_sim_home/install/dave_ros_gz_plugins/share/dave_ros_gz_plugins/package.ps1'
[1.127s] INFO:colcon.colcon_core.shell:Creating package descriptor '/home/namtruong/uuv_sim_home/install/dave_ros_gz_plugins/share/dave_ros_gz_plugins/package.dsv'
[1.128s] INFO:colcon.colcon_core.shell:Creating package script '/home/namtruong/uuv_sim_home/install/dave_ros_gz_plugins/share/dave_ros_gz_plugins/package.sh'
[1.128s] INFO:colcon.colcon_core.shell:Creating package script '/home/namtruong/uuv_sim_home/install/dave_ros_gz_plugins/share/dave_ros_gz_plugins/package.bash'
[1.128s] INFO:colcon.colcon_core.shell:Creating package script '/home/namtruong/uuv_sim_home/install/dave_ros_gz_plugins/share/dave_ros_gz_plugins/package.zsh'
[1.128s] Level 1:colcon.colcon_core.environment:create_file_with_runtime_dependencies(/home/namtruong/uuv_sim_home/install/dave_ros_gz_plugins/share/colcon-core/packages/dave_ros_gz_plugins)
[1.129s] Level 1:colcon.colcon_core.environment:create_environment_scripts_only(dave_ros_gz_plugins)
[1.129s] Level 1:colcon.colcon_core.environment:checking '/home/namtruong/uuv_sim_home/install/dave_ros_gz_plugins' for CMake module files
[1.130s] Level 1:colcon.colcon_core.environment:checking '/home/namtruong/uuv_sim_home/install/dave_ros_gz_plugins' for CMake config files
[1.130s] Level 1:colcon.colcon_core.shell:create_environment_hook('dave_ros_gz_plugins', 'cmake_prefix_path')
[1.130s] INFO:colcon.colcon_core.shell:Creating environment hook '/home/namtruong/uuv_sim_home/install/dave_ros_gz_plugins/share/dave_ros_gz_plugins/hook/cmake_prefix_path.ps1'
[1.130s] INFO:colcon.colcon_core.shell:Creating environment descriptor '/home/namtruong/uuv_sim_home/install/dave_ros_gz_plugins/share/dave_ros_gz_plugins/hook/cmake_prefix_path.dsv'
[1.131s] INFO:colcon.colcon_core.shell:Creating environment hook '/home/namtruong/uuv_sim_home/install/dave_ros_gz_plugins/share/dave_ros_gz_plugins/hook/cmake_prefix_path.sh'
[1.131s] Level 1:colcon.colcon_core.environment:checking '/home/namtruong/uuv_sim_home/install/dave_ros_gz_plugins/lib'
[1.131s] Level 1:colcon.colcon_core.shell:create_environment_hook('dave_ros_gz_plugins', 'ld_library_path_lib')
[1.131s] INFO:colcon.colcon_core.shell:Creating environment hook '/home/namtruong/uuv_sim_home/install/dave_ros_gz_plugins/share/dave_ros_gz_plugins/hook/ld_library_path_lib.ps1'
[1.132s] INFO:colcon.colcon_core.shell:Creating environment descriptor '/home/namtruong/uuv_sim_home/install/dave_ros_gz_plugins/share/dave_ros_gz_plugins/hook/ld_library_path_lib.dsv'
[1.132s] INFO:colcon.colcon_core.shell:Creating environment hook '/home/namtruong/uuv_sim_home/install/dave_ros_gz_plugins/share/dave_ros_gz_plugins/hook/ld_library_path_lib.sh'
[1.132s] Level 1:colcon.colcon_core.environment:checking '/home/namtruong/uuv_sim_home/install/dave_ros_gz_plugins/bin'
[1.132s] Level 1:colcon.colcon_core.environment:checking '/home/namtruong/uuv_sim_home/install/dave_ros_gz_plugins/lib/pkgconfig/dave_ros_gz_plugins.pc'
[1.132s] Level 1:colcon.colcon_core.environment:checking '/home/namtruong/uuv_sim_home/install/dave_ros_gz_plugins/lib/python3.12/site-packages'
[1.133s] Level 1:colcon.colcon_core.environment:checking '/home/namtruong/uuv_sim_home/install/dave_ros_gz_plugins/bin'
[1.133s] INFO:colcon.colcon_core.shell:Creating package script '/home/namtruong/uuv_sim_home/install/dave_ros_gz_plugins/share/dave_ros_gz_plugins/package.ps1'
[1.133s] INFO:colcon.colcon_core.shell:Creating package descriptor '/home/namtruong/uuv_sim_home/install/dave_ros_gz_plugins/share/dave_ros_gz_plugins/package.dsv'
[1.134s] INFO:colcon.colcon_core.shell:Creating package script '/home/namtruong/uuv_sim_home/install/dave_ros_gz_plugins/share/dave_ros_gz_plugins/package.sh'
[1.134s] INFO:colcon.colcon_core.shell:Creating package script '/home/namtruong/uuv_sim_home/install/dave_ros_gz_plugins/share/dave_ros_gz_plugins/package.bash'
[1.134s] INFO:colcon.colcon_core.shell:Creating package script '/home/namtruong/uuv_sim_home/install/dave_ros_gz_plugins/share/dave_ros_gz_plugins/package.zsh'
[1.135s] Level 1:colcon.colcon_core.environment:create_file_with_runtime_dependencies(/home/namtruong/uuv_sim_home/install/dave_ros_gz_plugins/share/colcon-core/packages/dave_ros_gz_plugins)
[1.135s] INFO:colcon.colcon_ros.task.ament_cmake.build:Building ROS package in '/home/namtruong/uuv_sim_home/src/dave_gz_model_plugins' with build type 'ament_cmake'
[1.135s] INFO:colcon.colcon_cmake.task.cmake.build:Building CMake package in '/home/namtruong/uuv_sim_home/src/dave_gz_model_plugins'
[1.135s] INFO:colcon.colcon_core.shell:Skip shell extension 'powershell' for command environment: Not usable outside of PowerShell
[1.135s] DEBUG:colcon.colcon_core.shell:Skip shell extension 'dsv' for command environment
[1.150s] DEBUG:colcon.colcon_core.event_handler.log_command:Invoking command in '/home/namtruong/uuv_sim_home/build/dave_gz_model_plugins': CMAKE_PREFIX_PATH=/home/namtruong/uuv_sim_home/install/dave_ros_gz_plugins:/home/namtruong/uuv_sim_home/install/dave_gz_world_plugins:/home/namtruong/uuv_sim_home/install/dave_interfaces:/home/namtruong/uuv_sim_home/install/multibeam_sonar_system:/home/namtruong/uuv_sim_home/install/multibeam_sonar:/home/namtruong/uuv_sim_home/install/dave_worlds:/home/namtruong/uuv_sim_home/install/dave_gz_model_plugins:/home/namtruong/uuv_sim_home/install/dave_robot_models:/home/namtruong/uuv_sim_home/install/dave_object_models:/home/namtruong/uuv_sim_home/install/dave_multibeam_sonar_demo:/home/namtruong/uuv_sim_home/install/dave_gz_sensor_plugins:/opt/ros/jazzy/opt/gz_sim_vendor:/opt/ros/jazzy/opt/gz_sensors_vendor:/opt/ros/jazzy/opt/gz_physics_vendor:/opt/ros/jazzy/opt/sdformat_vendor:/opt/ros/jazzy/opt/gz_gui_vendor:/opt/ros/jazzy/opt/gz_transport_vendor:/opt/ros/jazzy/opt/gz_rendering_vendor:/opt/ros/jazzy/opt/gz_plugin_vendor:/opt/ros/jazzy/opt/gz_fuel_tools_vendor:/opt/ros/jazzy/opt/gz_msgs_vendor:/opt/ros/jazzy/opt/gz_common_vendor:/opt/ros/jazzy/opt/gz_math_vendor:/opt/ros/jazzy/opt/gz_utils_vendor:/opt/ros/jazzy/opt/gz_tools_vendor:/opt/ros/jazzy/opt/gz_ogre_next_vendor:/opt/ros/jazzy/opt/gz_dartsim_vendor:/opt/ros/jazzy/opt/gz_cmake_vendor:/home/namtruong/uuv_sim_home/install/uuv_simu:/opt/ros/jazzy DEBUGINFOD_URLS=https://debuginfod.ubuntu.com LD_LIBRARY_PATH=/home/namtruong/uuv_sim_home/install/dave_ros_gz_plugins/lib:/home/namtruong/uuv_sim_home/install/dave_gz_world_plugins/lib:/home/namtruong/uuv_sim_home/install/dave_interfaces/lib:/home/namtruong/uuv_sim_home/install/multibeam_sonar_system/lib/multibeam_sonar_system/:/home/namtruong/uuv_sim_home/install/multibeam_sonar/lib/multibeam_sonar/:/opt/ros/jazzy/opt/gz_sim_vendor/lib:/opt/ros/jazzy/opt/gz_sensors_vendor/lib:/opt/ros/jazzy/opt/gz_physics_vendor/lib:/opt/ros/jazzy/opt/sdformat_vendor/lib:/opt/ros/jazzy/opt/rviz_ogre_vendor/lib:/opt/ros/jazzy/lib/x86_64-linux-gnu:/opt/ros/jazzy/opt/gz_gui_vendor/lib:/opt/ros/jazzy/opt/gz_transport_vendor/lib:/opt/ros/jazzy/opt/gz_rendering_vendor/lib:/opt/ros/jazzy/opt/gz_plugin_vendor/lib:/opt/ros/jazzy/opt/gz_fuel_tools_vendor/lib:/opt/ros/jazzy/opt/gz_msgs_vendor/lib:/opt/ros/jazzy/opt/gz_common_vendor/lib:/opt/ros/jazzy/opt/gz_math_vendor/lib:/opt/ros/jazzy/opt/gz_utils_vendor/lib:/opt/ros/jazzy/opt/gz_tools_vendor/lib:/opt/ros/jazzy/opt/gz_ogre_next_vendor/lib:/opt/ros/jazzy/opt/gz_dartsim_vendor/lib:/opt/ros/jazzy/opt/gz_cmake_vendor/lib:/opt/ros/jazzy/lib PYTHONPATH=/home/namtruong/uuv_sim_home/install/dave_interfaces/lib/python3.12/site-packages:/home/namtruong/uuv_sim_home/install/uuv_simu/lib/python3.12/site-packages:/opt/ros/jazzy/lib/python3.12/site-packages /usr/bin/cmake --build /home/namtruong/uuv_sim_home/build/dave_gz_model_plugins -- -j16 -l16
[1.235s] DEBUG:colcon.colcon_core.event_handler.log_command:Invoked command in '/home/namtruong/uuv_sim_home/build/dave_gz_model_plugins' returned '0': CMAKE_PREFIX_PATH=/home/namtruong/uuv_sim_home/install/dave_ros_gz_plugins:/home/namtruong/uuv_sim_home/install/dave_gz_world_plugins:/home/namtruong/uuv_sim_home/install/dave_interfaces:/home/namtruong/uuv_sim_home/install/multibeam_sonar_system:/home/namtruong/uuv_sim_home/install/multibeam_sonar:/home/namtruong/uuv_sim_home/install/dave_worlds:/home/namtruong/uuv_sim_home/install/dave_gz_model_plugins:/home/namtruong/uuv_sim_home/install/dave_robot_models:/home/namtruong/uuv_sim_home/install/dave_object_models:/home/namtruong/uuv_sim_home/install/dave_multibeam_sonar_demo:/home/namtruong/uuv_sim_home/install/dave_gz_sensor_plugins:/opt/ros/jazzy/opt/gz_sim_vendor:/opt/ros/jazzy/opt/gz_sensors_vendor:/opt/ros/jazzy/opt/gz_physics_vendor:/opt/ros/jazzy/opt/sdformat_vendor:/opt/ros/jazzy/opt/gz_gui_vendor:/opt/ros/jazzy/opt/gz_transport_vendor:/opt/ros/jazzy/opt/gz_rendering_vendor:/opt/ros/jazzy/opt/gz_plugin_vendor:/opt/ros/jazzy/opt/gz_fuel_tools_vendor:/opt/ros/jazzy/opt/gz_msgs_vendor:/opt/ros/jazzy/opt/gz_common_vendor:/opt/ros/jazzy/opt/gz_math_vendor:/opt/ros/jazzy/opt/gz_utils_vendor:/opt/ros/jazzy/opt/gz_tools_vendor:/opt/ros/jazzy/opt/gz_ogre_next_vendor:/opt/ros/jazzy/opt/gz_dartsim_vendor:/opt/ros/jazzy/opt/gz_cmake_vendor:/home/namtruong/uuv_sim_home/install/uuv_simu:/opt/ros/jazzy DEBUGINFOD_URLS=https://debuginfod.ubuntu.com LD_LIBRARY_PATH=/home/namtruong/uuv_sim_home/install/dave_ros_gz_plugins/lib:/home/namtruong/uuv_sim_home/install/dave_gz_world_plugins/lib:/home/namtruong/uuv_sim_home/install/dave_interfaces/lib:/home/namtruong/uuv_sim_home/install/multibeam_sonar_system/lib/multibeam_sonar_system/:/home/namtruong/uuv_sim_home/install/multibeam_sonar/lib/multibeam_sonar/:/opt/ros/jazzy/opt/gz_sim_vendor/lib:/opt/ros/jazzy/opt/gz_sensors_vendor/lib:/opt/ros/jazzy/opt/gz_physics_vendor/lib:/opt/ros/jazzy/opt/sdformat_vendor/lib:/opt/ros/jazzy/opt/rviz_ogre_vendor/lib:/opt/ros/jazzy/lib/x86_64-linux-gnu:/opt/ros/jazzy/opt/gz_gui_vendor/lib:/opt/ros/jazzy/opt/gz_transport_vendor/lib:/opt/ros/jazzy/opt/gz_rendering_vendor/lib:/opt/ros/jazzy/opt/gz_plugin_vendor/lib:/opt/ros/jazzy/opt/gz_fuel_tools_vendor/lib:/opt/ros/jazzy/opt/gz_msgs_vendor/lib:/opt/ros/jazzy/opt/gz_common_vendor/lib:/opt/ros/jazzy/opt/gz_math_vendor/lib:/opt/ros/jazzy/opt/gz_utils_vendor/lib:/opt/ros/jazzy/opt/gz_tools_vendor/lib:/opt/ros/jazzy/opt/gz_ogre_next_vendor/lib:/opt/ros/jazzy/opt/gz_dartsim_vendor/lib:/opt/ros/jazzy/opt/gz_cmake_vendor/lib:/opt/ros/jazzy/lib PYTHONPATH=/home/namtruong/uuv_sim_home/install/dave_interfaces/lib/python3.12/site-packages:/home/namtruong/uuv_sim_home/install/uuv_simu/lib/python3.12/site-packages:/opt/ros/jazzy/lib/python3.12/site-packages /usr/bin/cmake --build /home/namtruong/uuv_sim_home/build/dave_gz_model_plugins -- -j16 -l16
[1.237s] DEBUG:colcon.colcon_core.event_handler.log_command:Invoking command in '/home/namtruong/uuv_sim_home/build/dave_gz_model_plugins': CMAKE_PREFIX_PATH=/home/namtruong/uuv_sim_home/install/dave_ros_gz_plugins:/home/namtruong/uuv_sim_home/install/dave_gz_world_plugins:/home/namtruong/uuv_sim_home/install/dave_interfaces:/home/namtruong/uuv_sim_home/install/multibeam_sonar_system:/home/namtruong/uuv_sim_home/install/multibeam_sonar:/home/namtruong/uuv_sim_home/install/dave_worlds:/home/namtruong/uuv_sim_home/install/dave_gz_model_plugins:/home/namtruong/uuv_sim_home/install/dave_robot_models:/home/namtruong/uuv_sim_home/install/dave_object_models:/home/namtruong/uuv_sim_home/install/dave_multibeam_sonar_demo:/home/namtruong/uuv_sim_home/install/dave_gz_sensor_plugins:/opt/ros/jazzy/opt/gz_sim_vendor:/opt/ros/jazzy/opt/gz_sensors_vendor:/opt/ros/jazzy/opt/gz_physics_vendor:/opt/ros/jazzy/opt/sdformat_vendor:/opt/ros/jazzy/opt/gz_gui_vendor:/opt/ros/jazzy/opt/gz_transport_vendor:/opt/ros/jazzy/opt/gz_rendering_vendor:/opt/ros/jazzy/opt/gz_plugin_vendor:/opt/ros/jazzy/opt/gz_fuel_tools_vendor:/opt/ros/jazzy/opt/gz_msgs_vendor:/opt/ros/jazzy/opt/gz_common_vendor:/opt/ros/jazzy/opt/gz_math_vendor:/opt/ros/jazzy/opt/gz_utils_vendor:/opt/ros/jazzy/opt/gz_tools_vendor:/opt/ros/jazzy/opt/gz_ogre_next_vendor:/opt/ros/jazzy/opt/gz_dartsim_vendor:/opt/ros/jazzy/opt/gz_cmake_vendor:/home/namtruong/uuv_sim_home/install/uuv_simu:/opt/ros/jazzy DEBUGINFOD_URLS=https://debuginfod.ubuntu.com LD_LIBRARY_PATH=/home/namtruong/uuv_sim_home/install/dave_ros_gz_plugins/lib:/home/namtruong/uuv_sim_home/install/dave_gz_world_plugins/lib:/home/namtruong/uuv_sim_home/install/dave_interfaces/lib:/home/namtruong/uuv_sim_home/install/multibeam_sonar_system/lib/multibeam_sonar_system/:/home/namtruong/uuv_sim_home/install/multibeam_sonar/lib/multibeam_sonar/:/opt/ros/jazzy/opt/gz_sim_vendor/lib:/opt/ros/jazzy/opt/gz_sensors_vendor/lib:/opt/ros/jazzy/opt/gz_physics_vendor/lib:/opt/ros/jazzy/opt/sdformat_vendor/lib:/opt/ros/jazzy/opt/rviz_ogre_vendor/lib:/opt/ros/jazzy/lib/x86_64-linux-gnu:/opt/ros/jazzy/opt/gz_gui_vendor/lib:/opt/ros/jazzy/opt/gz_transport_vendor/lib:/opt/ros/jazzy/opt/gz_rendering_vendor/lib:/opt/ros/jazzy/opt/gz_plugin_vendor/lib:/opt/ros/jazzy/opt/gz_fuel_tools_vendor/lib:/opt/ros/jazzy/opt/gz_msgs_vendor/lib:/opt/ros/jazzy/opt/gz_common_vendor/lib:/opt/ros/jazzy/opt/gz_math_vendor/lib:/opt/ros/jazzy/opt/gz_utils_vendor/lib:/opt/ros/jazzy/opt/gz_tools_vendor/lib:/opt/ros/jazzy/opt/gz_ogre_next_vendor/lib:/opt/ros/jazzy/opt/gz_dartsim_vendor/lib:/opt/ros/jazzy/opt/gz_cmake_vendor/lib:/opt/ros/jazzy/lib PYTHONPATH=/home/namtruong/uuv_sim_home/install/dave_interfaces/lib/python3.12/site-packages:/home/namtruong/uuv_sim_home/install/uuv_simu/lib/python3.12/site-packages:/opt/ros/jazzy/lib/python3.12/site-packages /usr/bin/cmake --install /home/namtruong/uuv_sim_home/build/dave_gz_model_plugins
[1.260s] DEBUG:colcon.colcon_core.task.python.build:Available setuptools commands: setopt, bdist_dumb, build_scripts, test, compile_catalog, update_catalog, build, register, upload_docs, upload, easy_install, install_scripts, install_data, check, install_lib, alias, saveopts, init_catalog, extract_messages, build_py, develop, bdist, bdist_rpm, dist_info, install_headers, editable_wheel, build_clib, rotate, build_ext, install, install_egg_info, clean, symlink_data, sdist, bdist_egg, egg_info
[1.262s] DEBUG:colcon.colcon_core.event_handler.log_command:Invoking command in '/home/namtruong/uuv_sim_home/src/uuv_simu': CMAKE_PREFIX_PATH=/home/namtruong/uuv_sim_home/install/dave_robot_models:/home/namtruong/uuv_sim_home/install/multibeam_sonar_system:/home/namtruong/uuv_sim_home/install/multibeam_sonar:/home/namtruong/uuv_sim_home/install/dave_worlds:/home/namtruong/uuv_sim_home/install/dave_gz_model_plugins:/home/namtruong/uuv_sim_home/install/dave_ros_gz_plugins:/home/namtruong/uuv_sim_home/install/dave_object_models:/home/namtruong/uuv_sim_home/install/dave_multibeam_sonar_demo:/home/namtruong/uuv_sim_home/install/dave_gz_world_plugins:/home/namtruong/uuv_sim_home/install/dave_gz_sensor_plugins:/home/namtruong/uuv_sim_home/install/dave_interfaces:/opt/ros/jazzy/opt/gz_sim_vendor:/opt/ros/jazzy/opt/gz_sensors_vendor:/opt/ros/jazzy/opt/gz_physics_vendor:/opt/ros/jazzy/opt/sdformat_vendor:/opt/ros/jazzy/opt/gz_gui_vendor:/opt/ros/jazzy/opt/gz_transport_vendor:/opt/ros/jazzy/opt/gz_rendering_vendor:/opt/ros/jazzy/opt/gz_plugin_vendor:/opt/ros/jazzy/opt/gz_fuel_tools_vendor:/opt/ros/jazzy/opt/gz_msgs_vendor:/opt/ros/jazzy/opt/gz_common_vendor:/opt/ros/jazzy/opt/gz_math_vendor:/opt/ros/jazzy/opt/gz_utils_vendor:/opt/ros/jazzy/opt/gz_tools_vendor:/opt/ros/jazzy/opt/gz_ogre_next_vendor:/opt/ros/jazzy/opt/gz_dartsim_vendor:/opt/ros/jazzy/opt/gz_cmake_vendor DEBUGINFOD_URLS=https://debuginfod.ubuntu.com PYTHONPATH=/home/namtruong/uuv_sim_home/build/uuv_simu/prefix_override:/usr/lib/python3/dist-packages/colcon_core/task/python/colcon_distutils_commands:/home/namtruong/uuv_sim_home/install/uuv_simu/lib/python3.12/site-packages:${PYTHONPATH} /usr/bin/python3 -W ignore:setup.py install is deprecated -W ignore:easy_install command is deprecated setup.py egg_info --egg-base ../../build/uuv_simu build --build-base /home/namtruong/uuv_sim_home/build/uuv_simu/build install --record /home/namtruong/uuv_sim_home/build/uuv_simu/install.log --install-scripts $base/lib/uuv_simu --single-version-externally-managed install_data
[1.262s] Level 1:colcon.colcon_core.environment:create_environment_scripts_only(dave_gz_model_plugins)
[1.262s] Level 1:colcon.colcon_core.environment:checking '/home/namtruong/uuv_sim_home/install/dave_gz_model_plugins' for CMake module files
[1.262s] DEBUG:colcon.colcon_core.event_handler.log_command:Invoked command in '/home/namtruong/uuv_sim_home/build/dave_gz_model_plugins' returned '0': CMAKE_PREFIX_PATH=/home/namtruong/uuv_sim_home/install/dave_ros_gz_plugins:/home/namtruong/uuv_sim_home/install/dave_gz_world_plugins:/home/namtruong/uuv_sim_home/install/dave_interfaces:/home/namtruong/uuv_sim_home/install/multibeam_sonar_system:/home/namtruong/uuv_sim_home/install/multibeam_sonar:/home/namtruong/uuv_sim_home/install/dave_worlds:/home/namtruong/uuv_sim_home/install/dave_gz_model_plugins:/home/namtruong/uuv_sim_home/install/dave_robot_models:/home/namtruong/uuv_sim_home/install/dave_object_models:/home/namtruong/uuv_sim_home/install/dave_multibeam_sonar_demo:/home/namtruong/uuv_sim_home/install/dave_gz_sensor_plugins:/opt/ros/jazzy/opt/gz_sim_vendor:/opt/ros/jazzy/opt/gz_sensors_vendor:/opt/ros/jazzy/opt/gz_physics_vendor:/opt/ros/jazzy/opt/sdformat_vendor:/opt/ros/jazzy/opt/gz_gui_vendor:/opt/ros/jazzy/opt/gz_transport_vendor:/opt/ros/jazzy/opt/gz_rendering_vendor:/opt/ros/jazzy/opt/gz_plugin_vendor:/opt/ros/jazzy/opt/gz_fuel_tools_vendor:/opt/ros/jazzy/opt/gz_msgs_vendor:/opt/ros/jazzy/opt/gz_common_vendor:/opt/ros/jazzy/opt/gz_math_vendor:/opt/ros/jazzy/opt/gz_utils_vendor:/opt/ros/jazzy/opt/gz_tools_vendor:/opt/ros/jazzy/opt/gz_ogre_next_vendor:/opt/ros/jazzy/opt/gz_dartsim_vendor:/opt/ros/jazzy/opt/gz_cmake_vendor:/home/namtruong/uuv_sim_home/install/uuv_simu:/opt/ros/jazzy DEBUGINFOD_URLS=https://debuginfod.ubuntu.com LD_LIBRARY_PATH=/home/namtruong/uuv_sim_home/install/dave_ros_gz_plugins/lib:/home/namtruong/uuv_sim_home/install/dave_gz_world_plugins/lib:/home/namtruong/uuv_sim_home/install/dave_interfaces/lib:/home/namtruong/uuv_sim_home/install/multibeam_sonar_system/lib/multibeam_sonar_system/:/home/namtruong/uuv_sim_home/install/multibeam_sonar/lib/multibeam_sonar/:/opt/ros/jazzy/opt/gz_sim_vendor/lib:/opt/ros/jazzy/opt/gz_sensors_vendor/lib:/opt/ros/jazzy/opt/gz_physics_vendor/lib:/opt/ros/jazzy/opt/sdformat_vendor/lib:/opt/ros/jazzy/opt/rviz_ogre_vendor/lib:/opt/ros/jazzy/lib/x86_64-linux-gnu:/opt/ros/jazzy/opt/gz_gui_vendor/lib:/opt/ros/jazzy/opt/gz_transport_vendor/lib:/opt/ros/jazzy/opt/gz_rendering_vendor/lib:/opt/ros/jazzy/opt/gz_plugin_vendor/lib:/opt/ros/jazzy/opt/gz_fuel_tools_vendor/lib:/opt/ros/jazzy/opt/gz_msgs_vendor/lib:/opt/ros/jazzy/opt/gz_common_vendor/lib:/opt/ros/jazzy/opt/gz_math_vendor/lib:/opt/ros/jazzy/opt/gz_utils_vendor/lib:/opt/ros/jazzy/opt/gz_tools_vendor/lib:/opt/ros/jazzy/opt/gz_ogre_next_vendor/lib:/opt/ros/jazzy/opt/gz_dartsim_vendor/lib:/opt/ros/jazzy/opt/gz_cmake_vendor/lib:/opt/ros/jazzy/lib PYTHONPATH=/home/namtruong/uuv_sim_home/install/dave_interfaces/lib/python3.12/site-packages:/home/namtruong/uuv_sim_home/install/uuv_simu/lib/python3.12/site-packages:/opt/ros/jazzy/lib/python3.12/site-packages /usr/bin/cmake --install /home/namtruong/uuv_sim_home/build/dave_gz_model_plugins
[1.263s] Level 1:colcon.colcon_core.environment:checking '/home/namtruong/uuv_sim_home/install/dave_gz_model_plugins' for CMake config files
[1.263s] Level 1:colcon.colcon_core.shell:create_environment_hook('dave_gz_model_plugins', 'cmake_prefix_path')
[1.263s] INFO:colcon.colcon_core.shell:Creating environment hook '/home/namtruong/uuv_sim_home/install/dave_gz_model_plugins/share/dave_gz_model_plugins/hook/cmake_prefix_path.ps1'
[1.264s] INFO:colcon.colcon_core.shell:Creating environment descriptor '/home/namtruong/uuv_sim_home/install/dave_gz_model_plugins/share/dave_gz_model_plugins/hook/cmake_prefix_path.dsv'
[1.264s] INFO:colcon.colcon_core.shell:Creating environment hook '/home/namtruong/uuv_sim_home/install/dave_gz_model_plugins/share/dave_gz_model_plugins/hook/cmake_prefix_path.sh'
[1.264s] Level 1:colcon.colcon_core.environment:checking '/home/namtruong/uuv_sim_home/install/dave_gz_model_plugins/lib'
[1.264s] Level 1:colcon.colcon_core.environment:checking '/home/namtruong/uuv_sim_home/install/dave_gz_model_plugins/bin'
[1.264s] Level 1:colcon.colcon_core.environment:checking '/home/namtruong/uuv_sim_home/install/dave_gz_model_plugins/lib/pkgconfig/dave_gz_model_plugins.pc'
[1.265s] Level 1:colcon.colcon_core.environment:checking '/home/namtruong/uuv_sim_home/install/dave_gz_model_plugins/lib/python3.12/site-packages'
[1.265s] Level 1:colcon.colcon_core.environment:checking '/home/namtruong/uuv_sim_home/install/dave_gz_model_plugins/bin'
[1.265s] INFO:colcon.colcon_core.shell:Creating package script '/home/namtruong/uuv_sim_home/install/dave_gz_model_plugins/share/dave_gz_model_plugins/package.ps1'
[1.265s] INFO:colcon.colcon_core.shell:Creating package descriptor '/home/namtruong/uuv_sim_home/install/dave_gz_model_plugins/share/dave_gz_model_plugins/package.dsv'
[1.266s] INFO:colcon.colcon_core.shell:Creating package script '/home/namtruong/uuv_sim_home/install/dave_gz_model_plugins/share/dave_gz_model_plugins/package.sh'
[1.266s] INFO:colcon.colcon_core.shell:Creating package script '/home/namtruong/uuv_sim_home/install/dave_gz_model_plugins/share/dave_gz_model_plugins/package.bash'
[1.266s] INFO:colcon.colcon_core.shell:Creating package script '/home/namtruong/uuv_sim_home/install/dave_gz_model_plugins/share/dave_gz_model_plugins/package.zsh'
[1.266s] Level 1:colcon.colcon_core.environment:create_file_with_runtime_dependencies(/home/namtruong/uuv_sim_home/install/dave_gz_model_plugins/share/colcon-core/packages/dave_gz_model_plugins)
[1.267s] Level 1:colcon.colcon_core.environment:create_environment_scripts_only(dave_gz_model_plugins)
[1.267s] Level 1:colcon.colcon_core.environment:checking '/home/namtruong/uuv_sim_home/install/dave_gz_model_plugins' for CMake module files
[1.267s] Level 1:colcon.colcon_core.environment:checking '/home/namtruong/uuv_sim_home/install/dave_gz_model_plugins' for CMake config files
[1.267s] Level 1:colcon.colcon_core.shell:create_environment_hook('dave_gz_model_plugins', 'cmake_prefix_path')
[1.268s] INFO:colcon.colcon_core.shell:Creating environment hook '/home/namtruong/uuv_sim_home/install/dave_gz_model_plugins/share/dave_gz_model_plugins/hook/cmake_prefix_path.ps1'
[1.268s] INFO:colcon.colcon_core.shell:Creating environment descriptor '/home/namtruong/uuv_sim_home/install/dave_gz_model_plugins/share/dave_gz_model_plugins/hook/cmake_prefix_path.dsv'
[1.268s] INFO:colcon.colcon_core.shell:Creating environment hook '/home/namtruong/uuv_sim_home/install/dave_gz_model_plugins/share/dave_gz_model_plugins/hook/cmake_prefix_path.sh'
[1.269s] Level 1:colcon.colcon_core.environment:checking '/home/namtruong/uuv_sim_home/install/dave_gz_model_plugins/lib'
[1.269s] Level 1:colcon.colcon_core.environment:checking '/home/namtruong/uuv_sim_home/install/dave_gz_model_plugins/bin'
[1.269s] Level 1:colcon.colcon_core.environment:checking '/home/namtruong/uuv_sim_home/install/dave_gz_model_plugins/lib/pkgconfig/dave_gz_model_plugins.pc'
[1.269s] Level 1:colcon.colcon_core.environment:checking '/home/namtruong/uuv_sim_home/install/dave_gz_model_plugins/lib/python3.12/site-packages'
[1.269s] Level 1:colcon.colcon_core.environment:checking '/home/namtruong/uuv_sim_home/install/dave_gz_model_plugins/bin'
[1.269s] INFO:colcon.colcon_core.shell:Creating package script '/home/namtruong/uuv_sim_home/install/dave_gz_model_plugins/share/dave_gz_model_plugins/package.ps1'
[1.270s] INFO:colcon.colcon_core.shell:Creating package descriptor '/home/namtruong/uuv_sim_home/install/dave_gz_model_plugins/share/dave_gz_model_plugins/package.dsv'
[1.270s] INFO:colcon.colcon_core.shell:Creating package script '/home/namtruong/uuv_sim_home/install/dave_gz_model_plugins/share/dave_gz_model_plugins/package.sh'
[1.270s] INFO:colcon.colcon_core.shell:Creating package script '/home/namtruong/uuv_sim_home/install/dave_gz_model_plugins/share/dave_gz_model_plugins/package.bash'
[1.271s] INFO:colcon.colcon_core.shell:Creating package script '/home/namtruong/uuv_sim_home/install/dave_gz_model_plugins/share/dave_gz_model_plugins/package.zsh'
[1.271s] Level 1:colcon.colcon_core.environment:create_file_with_runtime_dependencies(/home/namtruong/uuv_sim_home/install/dave_gz_model_plugins/share/colcon-core/packages/dave_gz_model_plugins)
[1.690s] Level 1:colcon.colcon_core.environment:checking '/home/namtruong/uuv_sim_home/install/uuv_simu' for CMake module files
[1.691s] DEBUG:colcon.colcon_core.event_handler.log_command:Invoked command in '/home/namtruong/uuv_sim_home/src/uuv_simu' returned '0': CMAKE_PREFIX_PATH=/home/namtruong/uuv_sim_home/install/dave_robot_models:/home/namtruong/uuv_sim_home/install/multibeam_sonar_system:/home/namtruong/uuv_sim_home/install/multibeam_sonar:/home/namtruong/uuv_sim_home/install/dave_worlds:/home/namtruong/uuv_sim_home/install/dave_gz_model_plugins:/home/namtruong/uuv_sim_home/install/dave_ros_gz_plugins:/home/namtruong/uuv_sim_home/install/dave_object_models:/home/namtruong/uuv_sim_home/install/dave_multibeam_sonar_demo:/home/namtruong/uuv_sim_home/install/dave_gz_world_plugins:/home/namtruong/uuv_sim_home/install/dave_gz_sensor_plugins:/home/namtruong/uuv_sim_home/install/dave_interfaces:/opt/ros/jazzy/opt/gz_sim_vendor:/opt/ros/jazzy/opt/gz_sensors_vendor:/opt/ros/jazzy/opt/gz_physics_vendor:/opt/ros/jazzy/opt/sdformat_vendor:/opt/ros/jazzy/opt/gz_gui_vendor:/opt/ros/jazzy/opt/gz_transport_vendor:/opt/ros/jazzy/opt/gz_rendering_vendor:/opt/ros/jazzy/opt/gz_plugin_vendor:/opt/ros/jazzy/opt/gz_fuel_tools_vendor:/opt/ros/jazzy/opt/gz_msgs_vendor:/opt/ros/jazzy/opt/gz_common_vendor:/opt/ros/jazzy/opt/gz_math_vendor:/opt/ros/jazzy/opt/gz_utils_vendor:/opt/ros/jazzy/opt/gz_tools_vendor:/opt/ros/jazzy/opt/gz_ogre_next_vendor:/opt/ros/jazzy/opt/gz_dartsim_vendor:/opt/ros/jazzy/opt/gz_cmake_vendor DEBUGINFOD_URLS=https://debuginfod.ubuntu.com PYTHONPATH=/home/namtruong/uuv_sim_home/build/uuv_simu/prefix_override:/usr/lib/python3/dist-packages/colcon_core/task/python/colcon_distutils_commands:/home/namtruong/uuv_sim_home/install/uuv_simu/lib/python3.12/site-packages:${PYTHONPATH} /usr/bin/python3 -W ignore:setup.py install is deprecated -W ignore:easy_install command is deprecated setup.py egg_info --egg-base ../../build/uuv_simu build --build-base /home/namtruong/uuv_sim_home/build/uuv_simu/build install --record /home/namtruong/uuv_sim_home/build/uuv_simu/install.log --install-scripts $base/lib/uuv_simu --single-version-externally-managed install_data
[1.691s] Level 1:colcon.colcon_core.environment:checking '/home/namtruong/uuv_sim_home/install/uuv_simu' for CMake config files
[1.692s] Level 1:colcon.colcon_core.environment:checking '/home/namtruong/uuv_sim_home/install/uuv_simu/lib'
[1.692s] Level 1:colcon.colcon_core.environment:checking '/home/namtruong/uuv_sim_home/install/uuv_simu/bin'
[1.692s] Level 1:colcon.colcon_core.environment:checking '/home/namtruong/uuv_sim_home/install/uuv_simu/lib/pkgconfig/uuv_simu.pc'
[1.692s] Level 1:colcon.colcon_core.environment:checking '/home/namtruong/uuv_sim_home/install/uuv_simu/lib/python3.12/site-packages'
[1.692s] Level 1:colcon.colcon_core.shell:create_environment_hook('uuv_simu', 'pythonpath')
[1.692s] INFO:colcon.colcon_core.shell:Creating environment hook '/home/namtruong/uuv_sim_home/install/uuv_simu/share/uuv_simu/hook/pythonpath.ps1'
[1.692s] INFO:colcon.colcon_core.shell:Creating environment descriptor '/home/namtruong/uuv_sim_home/install/uuv_simu/share/uuv_simu/hook/pythonpath.dsv'
[1.693s] INFO:colcon.colcon_core.shell:Creating environment hook '/home/namtruong/uuv_sim_home/install/uuv_simu/share/uuv_simu/hook/pythonpath.sh'
[1.693s] Level 1:colcon.colcon_core.environment:checking '/home/namtruong/uuv_sim_home/install/uuv_simu/bin'
[1.693s] Level 1:colcon.colcon_core.environment:create_environment_scripts_only(uuv_simu)
[1.693s] INFO:colcon.colcon_core.shell:Creating package script '/home/namtruong/uuv_sim_home/install/uuv_simu/share/uuv_simu/package.ps1'
[1.694s] INFO:colcon.colcon_core.shell:Creating package descriptor '/home/namtruong/uuv_sim_home/install/uuv_simu/share/uuv_simu/package.dsv'
[1.694s] INFO:colcon.colcon_core.shell:Creating package script '/home/namtruong/uuv_sim_home/install/uuv_simu/share/uuv_simu/package.sh'
[1.694s] INFO:colcon.colcon_core.shell:Creating package script '/home/namtruong/uuv_sim_home/install/uuv_simu/share/uuv_simu/package.bash'
[1.695s] INFO:colcon.colcon_core.shell:Creating package script '/home/namtruong/uuv_sim_home/install/uuv_simu/share/uuv_simu/package.zsh'
[1.695s] Level 1:colcon.colcon_core.environment:create_file_with_runtime_dependencies(/home/namtruong/uuv_sim_home/install/uuv_simu/share/colcon-core/packages/uuv_simu)
[1.695s] DEBUG:colcon.colcon_parallel_executor.executor.parallel:closing loop
[1.696s] DEBUG:colcon.colcon_parallel_executor.executor.parallel:loop closed
[1.696s] DEBUG:colcon.colcon_parallel_executor.executor.parallel:run_until_complete finished with '0'
[1.696s] DEBUG:colcon.colcon_core.event_reactor:joining thread
[1.702s] INFO:colcon.colcon_core.plugin_system:Skipping extension 'colcon_notification.desktop_notification.terminal_notifier': Not used on non-Darwin systems
[1.702s] INFO:colcon.colcon_core.plugin_system:Skipping extension 'colcon_notification.desktop_notification.win32': Not used on non-Windows systems
[1.702s] INFO:colcon.colcon_notification.desktop_notification:Sending desktop notification using 'notify2'
[1.714s] DEBUG:colcon.colcon_core.event_reactor:joined thread
[1.714s] INFO:colcon.colcon_core.shell:Creating prefix script '/home/namtruong/uuv_sim_home/install/local_setup.ps1'
[1.715s] INFO:colcon.colcon_core.shell:Creating prefix util module '/home/namtruong/uuv_sim_home/install/_local_setup_util_ps1.py'
[1.716s] INFO:colcon.colcon_core.shell:Creating prefix chain script '/home/namtruong/uuv_sim_home/install/setup.ps1'
[1.717s] INFO:colcon.colcon_core.shell:Creating prefix script '/home/namtruong/uuv_sim_home/install/local_setup.sh'
[1.718s] INFO:colcon.colcon_core.shell:Creating prefix util module '/home/namtruong/uuv_sim_home/install/_local_setup_util_sh.py'
[1.718s] INFO:colcon.colcon_core.shell:Creating prefix chain script '/home/namtruong/uuv_sim_home/install/setup.sh'
[1.719s] INFO:colcon.colcon_core.shell:Creating prefix script '/home/namtruong/uuv_sim_home/install/local_setup.bash'
[1.720s] INFO:colcon.colcon_core.shell:Creating prefix chain script '/home/namtruong/uuv_sim_home/install/setup.bash'
[1.721s] INFO:colcon.colcon_core.shell:Creating prefix script '/home/namtruong/uuv_sim_home/install/local_setup.zsh'
[1.722s] INFO:colcon.colcon_core.shell:Creating prefix chain script '/home/namtruong/uuv_sim_home/install/setup.zsh'
