[0.075s] DEBUG:colcon:Command line arguments: ['/usr/bin/colcon', 'build']
[0.075s] DEBUG:colcon:Parsed command line arguments: Namespace(log_base=None, log_level=None, verb_name='build', build_base='build', install_base='install', merge_install=False, symlink_install=False, test_result_base=None, continue_on_error=False, executor='parallel', parallel_workers=16, event_handlers=None, ignore_user_meta=False, metas=['./colcon.meta'], base_paths=['.'], packages_ignore=None, packages_ignore_regex=None, paths=None, packages_up_to=None, packages_up_to_regex=None, packages_above=None, packages_above_and_dependencies=None, packages_above_depth=None, packages_select_by_dep=None, packages_skip_by_dep=None, packages_skip_up_to=None, packages_select_build_failed=False, packages_skip_build_finished=False, packages_select_test_failures=False, packages_skip_test_passed=False, packages_select=None, packages_skip=None, packages_select_regex=None, packages_skip_regex=None, packages_start=None, packages_end=None, allow_overriding=[], cmake_args=None, cmake_target=None, cmake_target_skip_unavailable=False, cmake_clean_cache=False, cmake_clean_first=False, cmake_force_configure=False, ament_cmake_args=None, catkin_cmake_args=None, catkin_skip_building_tests=False, verb_parser=<colcon_defaults.argument_parser.defaults.DefaultArgumentsDecorator object at 0x7c4de330fcb0>, verb_extension=<colcon_core.verb.build.BuildVerb object at 0x7c4de3da9670>, main=<bound method BuildVerb.main of <colcon_core.verb.build.BuildVerb object at 0x7c4de3da9670>>)
[0.103s] Level 1:colcon.colcon_core.package_discovery:discover_packages(colcon_meta) check parameters
[0.104s] Level 1:colcon.colcon_core.package_discovery:discover_packages(recursive) check parameters
[0.104s] Level 1:colcon.colcon_core.package_discovery:discover_packages(ignore) check parameters
[0.104s] Level 1:colcon.colcon_core.package_discovery:discover_packages(path) check parameters
[0.104s] Level 1:colcon.colcon_core.package_discovery:discover_packages(colcon_meta) discover
[0.104s] Level 1:colcon.colcon_core.package_discovery:discover_packages(recursive) discover
[0.104s] INFO:colcon.colcon_core.package_discovery:Crawling recursively for packages in '/home/namtruong/uuv_sim_home'
[0.104s] Level 1:colcon.colcon_core.package_identification:_identify(.) by extensions ['ignore', 'ignore_ament_install']
[0.104s] Level 1:colcon.colcon_core.package_identification:_identify(.) by extension 'ignore'
[0.104s] Level 1:colcon.colcon_core.package_identification:_identify(.) by extension 'ignore_ament_install'
[0.104s] Level 1:colcon.colcon_core.package_identification:_identify(.) by extensions ['colcon_pkg']
[0.104s] Level 1:colcon.colcon_core.package_identification:_identify(.) by extension 'colcon_pkg'
[0.104s] Level 1:colcon.colcon_core.package_identification:_identify(.) by extensions ['colcon_meta']
[0.104s] Level 1:colcon.colcon_core.package_identification:_identify(.) by extension 'colcon_meta'
[0.104s] Level 1:colcon.colcon_core.package_identification:_identify(.) by extensions ['ros']
[0.104s] Level 1:colcon.colcon_core.package_identification:_identify(.) by extension 'ros'
[0.121s] Level 1:colcon.colcon_core.package_identification:_identify(.) by extensions ['cmake', 'python']
[0.121s] Level 1:colcon.colcon_core.package_identification:_identify(.) by extension 'cmake'
[0.122s] Level 1:colcon.colcon_core.package_identification:_identify(.) by extension 'python'
[0.122s] Level 1:colcon.colcon_core.package_identification:_identify(.) by extensions ['python_setup_py']
[0.122s] Level 1:colcon.colcon_core.package_identification:_identify(.) by extension 'python_setup_py'
[0.122s] Level 1:colcon.colcon_core.package_identification:_identify(build) by extensions ['ignore', 'ignore_ament_install']
[0.122s] Level 1:colcon.colcon_core.package_identification:_identify(build) by extension 'ignore'
[0.122s] Level 1:colcon.colcon_core.package_identification:_identify(build) ignored
[0.122s] Level 1:colcon.colcon_core.package_identification:_identify(install) by extensions ['ignore', 'ignore_ament_install']
[0.122s] Level 1:colcon.colcon_core.package_identification:_identify(install) by extension 'ignore'
[0.122s] Level 1:colcon.colcon_core.package_identification:_identify(install) ignored
[0.122s] Level 1:colcon.colcon_core.package_identification:_identify(log) by extensions ['ignore', 'ignore_ament_install']
[0.122s] Level 1:colcon.colcon_core.package_identification:_identify(log) by extension 'ignore'
[0.122s] Level 1:colcon.colcon_core.package_identification:_identify(log) ignored
[0.122s] Level 1:colcon.colcon_core.package_identification:_identify(src) by extensions ['ignore', 'ignore_ament_install']
[0.122s] Level 1:colcon.colcon_core.package_identification:_identify(src) by extension 'ignore'
[0.122s] Level 1:colcon.colcon_core.package_identification:_identify(src) by extension 'ignore_ament_install'
[0.122s] Level 1:colcon.colcon_core.package_identification:_identify(src) by extensions ['colcon_pkg']
[0.122s] Level 1:colcon.colcon_core.package_identification:_identify(src) by extension 'colcon_pkg'
[0.122s] Level 1:colcon.colcon_core.package_identification:_identify(src) by extensions ['colcon_meta']
[0.122s] Level 1:colcon.colcon_core.package_identification:_identify(src) by extension 'colcon_meta'
[0.122s] Level 1:colcon.colcon_core.package_identification:_identify(src) by extensions ['ros']
[0.123s] Level 1:colcon.colcon_core.package_identification:_identify(src) by extension 'ros'
[0.123s] Level 1:colcon.colcon_core.package_identification:_identify(src) by extensions ['cmake', 'python']
[0.123s] Level 1:colcon.colcon_core.package_identification:_identify(src) by extension 'cmake'
[0.123s] Level 1:colcon.colcon_core.package_identification:_identify(src) by extension 'python'
[0.123s] Level 1:colcon.colcon_core.package_identification:_identify(src) by extensions ['python_setup_py']
[0.123s] Level 1:colcon.colcon_core.package_identification:_identify(src) by extension 'python_setup_py'
[0.123s] Level 1:colcon.colcon_core.package_identification:_identify(src/dave_gz_model_plugins) by extensions ['ignore', 'ignore_ament_install']
[0.123s] Level 1:colcon.colcon_core.package_identification:_identify(src/dave_gz_model_plugins) by extension 'ignore'
[0.123s] Level 1:colcon.colcon_core.package_identification:_identify(src/dave_gz_model_plugins) by extension 'ignore_ament_install'
[0.123s] Level 1:colcon.colcon_core.package_identification:_identify(src/dave_gz_model_plugins) by extensions ['colcon_pkg']
[0.123s] Level 1:colcon.colcon_core.package_identification:_identify(src/dave_gz_model_plugins) by extension 'colcon_pkg'
[0.123s] Level 1:colcon.colcon_core.package_identification:_identify(src/dave_gz_model_plugins) by extensions ['colcon_meta']
[0.123s] Level 1:colcon.colcon_core.package_identification:_identify(src/dave_gz_model_plugins) by extension 'colcon_meta'
[0.123s] Level 1:colcon.colcon_core.package_identification:_identify(src/dave_gz_model_plugins) by extensions ['ros']
[0.123s] Level 1:colcon.colcon_core.package_identification:_identify(src/dave_gz_model_plugins) by extension 'ros'
[0.125s] DEBUG:colcon.colcon_core.package_identification:Package 'src/dave_gz_model_plugins' with type 'ros.ament_cmake' and name 'dave_gz_model_plugins'
[0.125s] Level 1:colcon.colcon_core.package_identification:_identify(src/dave_gz_sensor_plugins) by extensions ['ignore', 'ignore_ament_install']
[0.125s] Level 1:colcon.colcon_core.package_identification:_identify(src/dave_gz_sensor_plugins) by extension 'ignore'
[0.125s] Level 1:colcon.colcon_core.package_identification:_identify(src/dave_gz_sensor_plugins) by extension 'ignore_ament_install'
[0.125s] Level 1:colcon.colcon_core.package_identification:_identify(src/dave_gz_sensor_plugins) by extensions ['colcon_pkg']
[0.125s] Level 1:colcon.colcon_core.package_identification:_identify(src/dave_gz_sensor_plugins) by extension 'colcon_pkg'
[0.125s] Level 1:colcon.colcon_core.package_identification:_identify(src/dave_gz_sensor_plugins) by extensions ['colcon_meta']
[0.125s] Level 1:colcon.colcon_core.package_identification:_identify(src/dave_gz_sensor_plugins) by extension 'colcon_meta'
[0.125s] Level 1:colcon.colcon_core.package_identification:_identify(src/dave_gz_sensor_plugins) by extensions ['ros']
[0.125s] Level 1:colcon.colcon_core.package_identification:_identify(src/dave_gz_sensor_plugins) by extension 'ros'
[0.126s] DEBUG:colcon.colcon_core.package_identification:Package 'src/dave_gz_sensor_plugins' with type 'ros.ament_cmake' and name 'dave_gz_sensor_plugins'
[0.126s] Level 1:colcon.colcon_core.package_identification:_identify(src/dave_gz_world_plugins) by extensions ['ignore', 'ignore_ament_install']
[0.126s] Level 1:colcon.colcon_core.package_identification:_identify(src/dave_gz_world_plugins) by extension 'ignore'
[0.126s] Level 1:colcon.colcon_core.package_identification:_identify(src/dave_gz_world_plugins) by extension 'ignore_ament_install'
[0.126s] Level 1:colcon.colcon_core.package_identification:_identify(src/dave_gz_world_plugins) by extensions ['colcon_pkg']
[0.126s] Level 1:colcon.colcon_core.package_identification:_identify(src/dave_gz_world_plugins) by extension 'colcon_pkg'
[0.126s] Level 1:colcon.colcon_core.package_identification:_identify(src/dave_gz_world_plugins) by extensions ['colcon_meta']
[0.126s] Level 1:colcon.colcon_core.package_identification:_identify(src/dave_gz_world_plugins) by extension 'colcon_meta'
[0.126s] Level 1:colcon.colcon_core.package_identification:_identify(src/dave_gz_world_plugins) by extensions ['ros']
[0.126s] Level 1:colcon.colcon_core.package_identification:_identify(src/dave_gz_world_plugins) by extension 'ros'
[0.127s] DEBUG:colcon.colcon_core.package_identification:Package 'src/dave_gz_world_plugins' with type 'ros.ament_cmake' and name 'dave_gz_world_plugins'
[0.127s] Level 1:colcon.colcon_core.package_identification:_identify(src/dave_interfaces) by extensions ['ignore', 'ignore_ament_install']
[0.127s] Level 1:colcon.colcon_core.package_identification:_identify(src/dave_interfaces) by extension 'ignore'
[0.127s] Level 1:colcon.colcon_core.package_identification:_identify(src/dave_interfaces) by extension 'ignore_ament_install'
[0.127s] Level 1:colcon.colcon_core.package_identification:_identify(src/dave_interfaces) by extensions ['colcon_pkg']
[0.127s] Level 1:colcon.colcon_core.package_identification:_identify(src/dave_interfaces) by extension 'colcon_pkg'
[0.127s] Level 1:colcon.colcon_core.package_identification:_identify(src/dave_interfaces) by extensions ['colcon_meta']
[0.127s] Level 1:colcon.colcon_core.package_identification:_identify(src/dave_interfaces) by extension 'colcon_meta'
[0.127s] Level 1:colcon.colcon_core.package_identification:_identify(src/dave_interfaces) by extensions ['ros']
[0.128s] Level 1:colcon.colcon_core.package_identification:_identify(src/dave_interfaces) by extension 'ros'
[0.128s] DEBUG:colcon.colcon_core.package_identification:Package 'src/dave_interfaces' with type 'ros.ament_cmake' and name 'dave_interfaces'
[0.128s] Level 1:colcon.colcon_core.package_identification:_identify(src/dave_object_models) by extensions ['ignore', 'ignore_ament_install']
[0.128s] Level 1:colcon.colcon_core.package_identification:_identify(src/dave_object_models) by extension 'ignore'
[0.128s] Level 1:colcon.colcon_core.package_identification:_identify(src/dave_object_models) by extension 'ignore_ament_install'
[0.128s] Level 1:colcon.colcon_core.package_identification:_identify(src/dave_object_models) by extensions ['colcon_pkg']
[0.128s] Level 1:colcon.colcon_core.package_identification:_identify(src/dave_object_models) by extension 'colcon_pkg'
[0.128s] Level 1:colcon.colcon_core.package_identification:_identify(src/dave_object_models) by extensions ['colcon_meta']
[0.128s] Level 1:colcon.colcon_core.package_identification:_identify(src/dave_object_models) by extension 'colcon_meta'
[0.128s] Level 1:colcon.colcon_core.package_identification:_identify(src/dave_object_models) by extensions ['ros']
[0.128s] Level 1:colcon.colcon_core.package_identification:_identify(src/dave_object_models) by extension 'ros'
[0.129s] DEBUG:colcon.colcon_core.package_identification:Package 'src/dave_object_models' with type 'ros.ament_cmake' and name 'dave_object_models'
[0.129s] Level 1:colcon.colcon_core.package_identification:_identify(src/dave_robot_models) by extensions ['ignore', 'ignore_ament_install']
[0.129s] Level 1:colcon.colcon_core.package_identification:_identify(src/dave_robot_models) by extension 'ignore'
[0.129s] Level 1:colcon.colcon_core.package_identification:_identify(src/dave_robot_models) by extension 'ignore_ament_install'
[0.129s] Level 1:colcon.colcon_core.package_identification:_identify(src/dave_robot_models) by extensions ['colcon_pkg']
[0.129s] Level 1:colcon.colcon_core.package_identification:_identify(src/dave_robot_models) by extension 'colcon_pkg'
[0.129s] Level 1:colcon.colcon_core.package_identification:_identify(src/dave_robot_models) by extensions ['colcon_meta']
[0.129s] Level 1:colcon.colcon_core.package_identification:_identify(src/dave_robot_models) by extension 'colcon_meta'
[0.129s] Level 1:colcon.colcon_core.package_identification:_identify(src/dave_robot_models) by extensions ['ros']
[0.129s] Level 1:colcon.colcon_core.package_identification:_identify(src/dave_robot_models) by extension 'ros'
[0.129s] DEBUG:colcon.colcon_core.package_identification:Package 'src/dave_robot_models' with type 'ros.ament_cmake' and name 'dave_robot_models'
[0.129s] Level 1:colcon.colcon_core.package_identification:_identify(src/dave_ros_gz_plugins) by extensions ['ignore', 'ignore_ament_install']
[0.129s] Level 1:colcon.colcon_core.package_identification:_identify(src/dave_ros_gz_plugins) by extension 'ignore'
[0.129s] Level 1:colcon.colcon_core.package_identification:_identify(src/dave_ros_gz_plugins) by extension 'ignore_ament_install'
[0.129s] Level 1:colcon.colcon_core.package_identification:_identify(src/dave_ros_gz_plugins) by extensions ['colcon_pkg']
[0.129s] Level 1:colcon.colcon_core.package_identification:_identify(src/dave_ros_gz_plugins) by extension 'colcon_pkg'
[0.129s] Level 1:colcon.colcon_core.package_identification:_identify(src/dave_ros_gz_plugins) by extensions ['colcon_meta']
[0.129s] Level 1:colcon.colcon_core.package_identification:_identify(src/dave_ros_gz_plugins) by extension 'colcon_meta'
[0.129s] Level 1:colcon.colcon_core.package_identification:_identify(src/dave_ros_gz_plugins) by extensions ['ros']
[0.130s] Level 1:colcon.colcon_core.package_identification:_identify(src/dave_ros_gz_plugins) by extension 'ros'
[0.130s] DEBUG:colcon.colcon_core.package_identification:Package 'src/dave_ros_gz_plugins' with type 'ros.ament_cmake' and name 'dave_ros_gz_plugins'
[0.130s] Level 1:colcon.colcon_core.package_identification:_identify(src/dave_worlds) by extensions ['ignore', 'ignore_ament_install']
[0.130s] Level 1:colcon.colcon_core.package_identification:_identify(src/dave_worlds) by extension 'ignore'
[0.130s] Level 1:colcon.colcon_core.package_identification:_identify(src/dave_worlds) by extension 'ignore_ament_install'
[0.130s] Level 1:colcon.colcon_core.package_identification:_identify(src/dave_worlds) by extensions ['colcon_pkg']
[0.130s] Level 1:colcon.colcon_core.package_identification:_identify(src/dave_worlds) by extension 'colcon_pkg'
[0.130s] Level 1:colcon.colcon_core.package_identification:_identify(src/dave_worlds) by extensions ['colcon_meta']
[0.130s] Level 1:colcon.colcon_core.package_identification:_identify(src/dave_worlds) by extension 'colcon_meta'
[0.130s] Level 1:colcon.colcon_core.package_identification:_identify(src/dave_worlds) by extensions ['ros']
[0.130s] Level 1:colcon.colcon_core.package_identification:_identify(src/dave_worlds) by extension 'ros'
[0.131s] DEBUG:colcon.colcon_core.package_identification:Package 'src/dave_worlds' with type 'ros.ament_cmake' and name 'dave_worlds'
[0.131s] Level 1:colcon.colcon_core.package_identification:_identify(src/multibeam_sonar) by extensions ['ignore', 'ignore_ament_install']
[0.131s] Level 1:colcon.colcon_core.package_identification:_identify(src/multibeam_sonar) by extension 'ignore'
[0.131s] Level 1:colcon.colcon_core.package_identification:_identify(src/multibeam_sonar) by extension 'ignore_ament_install'
[0.131s] Level 1:colcon.colcon_core.package_identification:_identify(src/multibeam_sonar) by extensions ['colcon_pkg']
[0.131s] Level 1:colcon.colcon_core.package_identification:_identify(src/multibeam_sonar) by extension 'colcon_pkg'
[0.131s] Level 1:colcon.colcon_core.package_identification:_identify(src/multibeam_sonar) by extensions ['colcon_meta']
[0.131s] Level 1:colcon.colcon_core.package_identification:_identify(src/multibeam_sonar) by extension 'colcon_meta'
[0.131s] Level 1:colcon.colcon_core.package_identification:_identify(src/multibeam_sonar) by extensions ['ros']
[0.131s] Level 1:colcon.colcon_core.package_identification:_identify(src/multibeam_sonar) by extension 'ros'
[0.132s] DEBUG:colcon.colcon_core.package_identification:Package 'src/multibeam_sonar' with type 'ros.ament_cmake' and name 'multibeam_sonar'
[0.132s] Level 1:colcon.colcon_core.package_identification:_identify(src/multibeam_sonar_demo) by extensions ['ignore', 'ignore_ament_install']
[0.132s] Level 1:colcon.colcon_core.package_identification:_identify(src/multibeam_sonar_demo) by extension 'ignore'
[0.132s] Level 1:colcon.colcon_core.package_identification:_identify(src/multibeam_sonar_demo) by extension 'ignore_ament_install'
[0.132s] Level 1:colcon.colcon_core.package_identification:_identify(src/multibeam_sonar_demo) by extensions ['colcon_pkg']
[0.132s] Level 1:colcon.colcon_core.package_identification:_identify(src/multibeam_sonar_demo) by extension 'colcon_pkg'
[0.132s] Level 1:colcon.colcon_core.package_identification:_identify(src/multibeam_sonar_demo) by extensions ['colcon_meta']
[0.132s] Level 1:colcon.colcon_core.package_identification:_identify(src/multibeam_sonar_demo) by extension 'colcon_meta'
[0.132s] Level 1:colcon.colcon_core.package_identification:_identify(src/multibeam_sonar_demo) by extensions ['ros']
[0.132s] Level 1:colcon.colcon_core.package_identification:_identify(src/multibeam_sonar_demo) by extension 'ros'
[0.132s] DEBUG:colcon.colcon_core.package_identification:Package 'src/multibeam_sonar_demo' with type 'ros.ament_cmake' and name 'dave_multibeam_sonar_demo'
[0.132s] Level 1:colcon.colcon_core.package_identification:_identify(src/multibeam_sonar_system) by extensions ['ignore', 'ignore_ament_install']
[0.132s] Level 1:colcon.colcon_core.package_identification:_identify(src/multibeam_sonar_system) by extension 'ignore'
[0.132s] Level 1:colcon.colcon_core.package_identification:_identify(src/multibeam_sonar_system) by extension 'ignore_ament_install'
[0.132s] Level 1:colcon.colcon_core.package_identification:_identify(src/multibeam_sonar_system) by extensions ['colcon_pkg']
[0.132s] Level 1:colcon.colcon_core.package_identification:_identify(src/multibeam_sonar_system) by extension 'colcon_pkg'
[0.133s] Level 1:colcon.colcon_core.package_identification:_identify(src/multibeam_sonar_system) by extensions ['colcon_meta']
[0.133s] Level 1:colcon.colcon_core.package_identification:_identify(src/multibeam_sonar_system) by extension 'colcon_meta'
[0.133s] Level 1:colcon.colcon_core.package_identification:_identify(src/multibeam_sonar_system) by extensions ['ros']
[0.133s] Level 1:colcon.colcon_core.package_identification:_identify(src/multibeam_sonar_system) by extension 'ros'
[0.133s] DEBUG:colcon.colcon_core.package_identification:Package 'src/multibeam_sonar_system' with type 'ros.ament_cmake' and name 'multibeam_sonar_system'
[0.133s] Level 1:colcon.colcon_core.package_identification:_identify(src/uuv_simu) by extensions ['ignore', 'ignore_ament_install']
[0.133s] Level 1:colcon.colcon_core.package_identification:_identify(src/uuv_simu) by extension 'ignore'
[0.133s] Level 1:colcon.colcon_core.package_identification:_identify(src/uuv_simu) by extension 'ignore_ament_install'
[0.133s] Level 1:colcon.colcon_core.package_identification:_identify(src/uuv_simu) by extensions ['colcon_pkg']
[0.133s] Level 1:colcon.colcon_core.package_identification:_identify(src/uuv_simu) by extension 'colcon_pkg'
[0.133s] Level 1:colcon.colcon_core.package_identification:_identify(src/uuv_simu) by extensions ['colcon_meta']
[0.133s] Level 1:colcon.colcon_core.package_identification:_identify(src/uuv_simu) by extension 'colcon_meta'
[0.133s] Level 1:colcon.colcon_core.package_identification:_identify(src/uuv_simu) by extensions ['ros']
[0.133s] Level 1:colcon.colcon_core.package_identification:_identify(src/uuv_simu) by extension 'ros'
[0.134s] DEBUG:colcon.colcon_core.package_identification:Package 'src/uuv_simu' with type 'ros.ament_python' and name 'uuv_simu'
[0.134s] Level 1:colcon.colcon_core.package_discovery:discover_packages(recursive) using defaults
[0.134s] Level 1:colcon.colcon_core.package_discovery:discover_packages(ignore) discover
[0.134s] Level 1:colcon.colcon_core.package_discovery:discover_packages(ignore) using defaults
[0.134s] Level 1:colcon.colcon_core.package_discovery:discover_packages(path) discover
[0.134s] Level 1:colcon.colcon_core.package_discovery:discover_packages(path) using defaults
[0.148s] Level 1:colcon.colcon_core.package_discovery:discover_packages(prefix_path) check parameters
[0.148s] Level 1:colcon.colcon_core.package_discovery:discover_packages(prefix_path) discover
[0.150s] DEBUG:colcon.colcon_installed_package_information.package_discovery:Found 12 installed packages in /home/namtruong/uuv_sim_home/install
[0.151s] DEBUG:colcon.colcon_installed_package_information.package_discovery:Found 325 installed packages in /opt/ros/jazzy
[0.152s] Level 1:colcon.colcon_core.package_discovery:discover_packages(prefix_path) using defaults
[0.186s] Level 5:colcon.colcon_core.verb:set package 'dave_interfaces' build argument 'cmake_args' from command line to 'None'
[0.186s] Level 5:colcon.colcon_core.verb:set package 'dave_interfaces' build argument 'cmake_target' from command line to 'None'
[0.186s] Level 5:colcon.colcon_core.verb:set package 'dave_interfaces' build argument 'cmake_target_skip_unavailable' from command line to 'False'
[0.186s] Level 5:colcon.colcon_core.verb:set package 'dave_interfaces' build argument 'cmake_clean_cache' from command line to 'False'
[0.186s] Level 5:colcon.colcon_core.verb:set package 'dave_interfaces' build argument 'cmake_clean_first' from command line to 'False'
[0.186s] Level 5:colcon.colcon_core.verb:set package 'dave_interfaces' build argument 'cmake_force_configure' from command line to 'False'
[0.186s] Level 5:colcon.colcon_core.verb:set package 'dave_interfaces' build argument 'ament_cmake_args' from command line to 'None'
[0.186s] Level 5:colcon.colcon_core.verb:set package 'dave_interfaces' build argument 'catkin_cmake_args' from command line to 'None'
[0.186s] Level 5:colcon.colcon_core.verb:set package 'dave_interfaces' build argument 'catkin_skip_building_tests' from command line to 'False'
[0.186s] DEBUG:colcon.colcon_core.verb:Building package 'dave_interfaces' with the following arguments: {'ament_cmake_args': None, 'build_base': '/home/namtruong/uuv_sim_home/build/dave_interfaces', 'catkin_cmake_args': None, 'catkin_skip_building_tests': False, 'cmake_args': None, 'cmake_clean_cache': False, 'cmake_clean_first': False, 'cmake_force_configure': False, 'cmake_target': None, 'cmake_target_skip_unavailable': False, 'install_base': '/home/namtruong/uuv_sim_home/install/dave_interfaces', 'merge_install': False, 'path': '/home/namtruong/uuv_sim_home/src/dave_interfaces', 'symlink_install': False, 'test_result_base': None}
[0.186s] Level 5:colcon.colcon_core.verb:set package 'dave_multibeam_sonar_demo' build argument 'cmake_args' from command line to 'None'
[0.187s] Level 5:colcon.colcon_core.verb:set package 'dave_multibeam_sonar_demo' build argument 'cmake_target' from command line to 'None'
[0.187s] Level 5:colcon.colcon_core.verb:set package 'dave_multibeam_sonar_demo' build argument 'cmake_target_skip_unavailable' from command line to 'False'
[0.187s] Level 5:colcon.colcon_core.verb:set package 'dave_multibeam_sonar_demo' build argument 'cmake_clean_cache' from command line to 'False'
[0.187s] Level 5:colcon.colcon_core.verb:set package 'dave_multibeam_sonar_demo' build argument 'cmake_clean_first' from command line to 'False'
[0.187s] Level 5:colcon.colcon_core.verb:set package 'dave_multibeam_sonar_demo' build argument 'cmake_force_configure' from command line to 'False'
[0.187s] Level 5:colcon.colcon_core.verb:set package 'dave_multibeam_sonar_demo' build argument 'ament_cmake_args' from command line to 'None'
[0.187s] Level 5:colcon.colcon_core.verb:set package 'dave_multibeam_sonar_demo' build argument 'catkin_cmake_args' from command line to 'None'
[0.187s] Level 5:colcon.colcon_core.verb:set package 'dave_multibeam_sonar_demo' build argument 'catkin_skip_building_tests' from command line to 'False'
[0.187s] DEBUG:colcon.colcon_core.verb:Building package 'dave_multibeam_sonar_demo' with the following arguments: {'ament_cmake_args': None, 'build_base': '/home/namtruong/uuv_sim_home/build/dave_multibeam_sonar_demo', 'catkin_cmake_args': None, 'catkin_skip_building_tests': False, 'cmake_args': None, 'cmake_clean_cache': False, 'cmake_clean_first': False, 'cmake_force_configure': False, 'cmake_target': None, 'cmake_target_skip_unavailable': False, 'install_base': '/home/namtruong/uuv_sim_home/install/dave_multibeam_sonar_demo', 'merge_install': False, 'path': '/home/namtruong/uuv_sim_home/src/multibeam_sonar_demo', 'symlink_install': False, 'test_result_base': None}
[0.187s] Level 5:colcon.colcon_core.verb:set package 'dave_object_models' build argument 'cmake_args' from command line to 'None'
[0.187s] Level 5:colcon.colcon_core.verb:set package 'dave_object_models' build argument 'cmake_target' from command line to 'None'
[0.187s] Level 5:colcon.colcon_core.verb:set package 'dave_object_models' build argument 'cmake_target_skip_unavailable' from command line to 'False'
[0.187s] Level 5:colcon.colcon_core.verb:set package 'dave_object_models' build argument 'cmake_clean_cache' from command line to 'False'
[0.187s] Level 5:colcon.colcon_core.verb:set package 'dave_object_models' build argument 'cmake_clean_first' from command line to 'False'
[0.187s] Level 5:colcon.colcon_core.verb:set package 'dave_object_models' build argument 'cmake_force_configure' from command line to 'False'
[0.187s] Level 5:colcon.colcon_core.verb:set package 'dave_object_models' build argument 'ament_cmake_args' from command line to 'None'
[0.187s] Level 5:colcon.colcon_core.verb:set package 'dave_object_models' build argument 'catkin_cmake_args' from command line to 'None'
[0.187s] Level 5:colcon.colcon_core.verb:set package 'dave_object_models' build argument 'catkin_skip_building_tests' from command line to 'False'
[0.187s] DEBUG:colcon.colcon_core.verb:Building package 'dave_object_models' with the following arguments: {'ament_cmake_args': None, 'build_base': '/home/namtruong/uuv_sim_home/build/dave_object_models', 'catkin_cmake_args': None, 'catkin_skip_building_tests': False, 'cmake_args': None, 'cmake_clean_cache': False, 'cmake_clean_first': False, 'cmake_force_configure': False, 'cmake_target': None, 'cmake_target_skip_unavailable': False, 'install_base': '/home/namtruong/uuv_sim_home/install/dave_object_models', 'merge_install': False, 'path': '/home/namtruong/uuv_sim_home/src/dave_object_models', 'symlink_install': False, 'test_result_base': None}
[0.187s] Level 5:colcon.colcon_core.verb:set package 'dave_robot_models' build argument 'cmake_args' from command line to 'None'
[0.187s] Level 5:colcon.colcon_core.verb:set package 'dave_robot_models' build argument 'cmake_target' from command line to 'None'
[0.187s] Level 5:colcon.colcon_core.verb:set package 'dave_robot_models' build argument 'cmake_target_skip_unavailable' from command line to 'False'
[0.187s] Level 5:colcon.colcon_core.verb:set package 'dave_robot_models' build argument 'cmake_clean_cache' from command line to 'False'
[0.187s] Level 5:colcon.colcon_core.verb:set package 'dave_robot_models' build argument 'cmake_clean_first' from command line to 'False'
[0.187s] Level 5:colcon.colcon_core.verb:set package 'dave_robot_models' build argument 'cmake_force_configure' from command line to 'False'
[0.187s] Level 5:colcon.colcon_core.verb:set package 'dave_robot_models' build argument 'ament_cmake_args' from command line to 'None'
[0.187s] Level 5:colcon.colcon_core.verb:set package 'dave_robot_models' build argument 'catkin_cmake_args' from command line to 'None'
[0.187s] Level 5:colcon.colcon_core.verb:set package 'dave_robot_models' build argument 'catkin_skip_building_tests' from command line to 'False'
[0.187s] DEBUG:colcon.colcon_core.verb:Building package 'dave_robot_models' with the following arguments: {'ament_cmake_args': None, 'build_base': '/home/namtruong/uuv_sim_home/build/dave_robot_models', 'catkin_cmake_args': None, 'catkin_skip_building_tests': False, 'cmake_args': None, 'cmake_clean_cache': False, 'cmake_clean_first': False, 'cmake_force_configure': False, 'cmake_target': None, 'cmake_target_skip_unavailable': False, 'install_base': '/home/namtruong/uuv_sim_home/install/dave_robot_models', 'merge_install': False, 'path': '/home/namtruong/uuv_sim_home/src/dave_robot_models', 'symlink_install': False, 'test_result_base': None}
[0.188s] Level 5:colcon.colcon_core.verb:set package 'dave_worlds' build argument 'cmake_args' from command line to 'None'
[0.188s] Level 5:colcon.colcon_core.verb:set package 'dave_worlds' build argument 'cmake_target' from command line to 'None'
[0.188s] Level 5:colcon.colcon_core.verb:set package 'dave_worlds' build argument 'cmake_target_skip_unavailable' from command line to 'False'
[0.188s] Level 5:colcon.colcon_core.verb:set package 'dave_worlds' build argument 'cmake_clean_cache' from command line to 'False'
[0.188s] Level 5:colcon.colcon_core.verb:set package 'dave_worlds' build argument 'cmake_clean_first' from command line to 'False'
[0.188s] Level 5:colcon.colcon_core.verb:set package 'dave_worlds' build argument 'cmake_force_configure' from command line to 'False'
[0.188s] Level 5:colcon.colcon_core.verb:set package 'dave_worlds' build argument 'ament_cmake_args' from command line to 'None'
[0.188s] Level 5:colcon.colcon_core.verb:set package 'dave_worlds' build argument 'catkin_cmake_args' from command line to 'None'
[0.188s] Level 5:colcon.colcon_core.verb:set package 'dave_worlds' build argument 'catkin_skip_building_tests' from command line to 'False'
[0.188s] DEBUG:colcon.colcon_core.verb:Building package 'dave_worlds' with the following arguments: {'ament_cmake_args': None, 'build_base': '/home/namtruong/uuv_sim_home/build/dave_worlds', 'catkin_cmake_args': None, 'catkin_skip_building_tests': False, 'cmake_args': None, 'cmake_clean_cache': False, 'cmake_clean_first': False, 'cmake_force_configure': False, 'cmake_target': None, 'cmake_target_skip_unavailable': False, 'install_base': '/home/namtruong/uuv_sim_home/install/dave_worlds', 'merge_install': False, 'path': '/home/namtruong/uuv_sim_home/src/dave_worlds', 'symlink_install': False, 'test_result_base': None}
[0.188s] Level 5:colcon.colcon_core.verb:set package 'multibeam_sonar_system' build argument 'cmake_args' from command line to 'None'
[0.188s] Level 5:colcon.colcon_core.verb:set package 'multibeam_sonar_system' build argument 'cmake_target' from command line to 'None'
[0.188s] Level 5:colcon.colcon_core.verb:set package 'multibeam_sonar_system' build argument 'cmake_target_skip_unavailable' from command line to 'False'
[0.188s] Level 5:colcon.colcon_core.verb:set package 'multibeam_sonar_system' build argument 'cmake_clean_cache' from command line to 'False'
[0.188s] Level 5:colcon.colcon_core.verb:set package 'multibeam_sonar_system' build argument 'cmake_clean_first' from command line to 'False'
[0.188s] Level 5:colcon.colcon_core.verb:set package 'multibeam_sonar_system' build argument 'cmake_force_configure' from command line to 'False'
[0.188s] Level 5:colcon.colcon_core.verb:set package 'multibeam_sonar_system' build argument 'ament_cmake_args' from command line to 'None'
[0.188s] Level 5:colcon.colcon_core.verb:set package 'multibeam_sonar_system' build argument 'catkin_cmake_args' from command line to 'None'
[0.188s] Level 5:colcon.colcon_core.verb:set package 'multibeam_sonar_system' build argument 'catkin_skip_building_tests' from command line to 'False'
[0.188s] DEBUG:colcon.colcon_core.verb:Building package 'multibeam_sonar_system' with the following arguments: {'ament_cmake_args': None, 'build_base': '/home/namtruong/uuv_sim_home/build/multibeam_sonar_system', 'catkin_cmake_args': None, 'catkin_skip_building_tests': False, 'cmake_args': None, 'cmake_clean_cache': False, 'cmake_clean_first': False, 'cmake_force_configure': False, 'cmake_target': None, 'cmake_target_skip_unavailable': False, 'install_base': '/home/namtruong/uuv_sim_home/install/multibeam_sonar_system', 'merge_install': False, 'path': '/home/namtruong/uuv_sim_home/src/multibeam_sonar_system', 'symlink_install': False, 'test_result_base': None}
[0.188s] Level 5:colcon.colcon_core.verb:set package 'dave_gz_sensor_plugins' build argument 'cmake_args' from command line to 'None'
[0.188s] Level 5:colcon.colcon_core.verb:set package 'dave_gz_sensor_plugins' build argument 'cmake_target' from command line to 'None'
[0.188s] Level 5:colcon.colcon_core.verb:set package 'dave_gz_sensor_plugins' build argument 'cmake_target_skip_unavailable' from command line to 'False'
[0.188s] Level 5:colcon.colcon_core.verb:set package 'dave_gz_sensor_plugins' build argument 'cmake_clean_cache' from command line to 'False'
[0.188s] Level 5:colcon.colcon_core.verb:set package 'dave_gz_sensor_plugins' build argument 'cmake_clean_first' from command line to 'False'
[0.188s] Level 5:colcon.colcon_core.verb:set package 'dave_gz_sensor_plugins' build argument 'cmake_force_configure' from command line to 'False'
[0.188s] Level 5:colcon.colcon_core.verb:set package 'dave_gz_sensor_plugins' build argument 'ament_cmake_args' from command line to 'None'
[0.188s] Level 5:colcon.colcon_core.verb:set package 'dave_gz_sensor_plugins' build argument 'catkin_cmake_args' from command line to 'None'
[0.188s] Level 5:colcon.colcon_core.verb:set package 'dave_gz_sensor_plugins' build argument 'catkin_skip_building_tests' from command line to 'False'
[0.188s] DEBUG:colcon.colcon_core.verb:Building package 'dave_gz_sensor_plugins' with the following arguments: {'ament_cmake_args': None, 'build_base': '/home/namtruong/uuv_sim_home/build/dave_gz_sensor_plugins', 'catkin_cmake_args': None, 'catkin_skip_building_tests': False, 'cmake_args': None, 'cmake_clean_cache': False, 'cmake_clean_first': False, 'cmake_force_configure': False, 'cmake_target': None, 'cmake_target_skip_unavailable': False, 'install_base': '/home/namtruong/uuv_sim_home/install/dave_gz_sensor_plugins', 'merge_install': False, 'path': '/home/namtruong/uuv_sim_home/src/dave_gz_sensor_plugins', 'symlink_install': False, 'test_result_base': None}
[0.189s] Level 5:colcon.colcon_core.verb:set package 'dave_gz_world_plugins' build argument 'cmake_args' from command line to 'None'
[0.189s] Level 5:colcon.colcon_core.verb:set package 'dave_gz_world_plugins' build argument 'cmake_target' from command line to 'None'
[0.189s] Level 5:colcon.colcon_core.verb:set package 'dave_gz_world_plugins' build argument 'cmake_target_skip_unavailable' from command line to 'False'
[0.189s] Level 5:colcon.colcon_core.verb:set package 'dave_gz_world_plugins' build argument 'cmake_clean_cache' from command line to 'False'
[0.189s] Level 5:colcon.colcon_core.verb:set package 'dave_gz_world_plugins' build argument 'cmake_clean_first' from command line to 'False'
[0.189s] Level 5:colcon.colcon_core.verb:set package 'dave_gz_world_plugins' build argument 'cmake_force_configure' from command line to 'False'
[0.189s] Level 5:colcon.colcon_core.verb:set package 'dave_gz_world_plugins' build argument 'ament_cmake_args' from command line to 'None'
[0.189s] Level 5:colcon.colcon_core.verb:set package 'dave_gz_world_plugins' build argument 'catkin_cmake_args' from command line to 'None'
[0.189s] Level 5:colcon.colcon_core.verb:set package 'dave_gz_world_plugins' build argument 'catkin_skip_building_tests' from command line to 'False'
[0.189s] DEBUG:colcon.colcon_core.verb:Building package 'dave_gz_world_plugins' with the following arguments: {'ament_cmake_args': None, 'build_base': '/home/namtruong/uuv_sim_home/build/dave_gz_world_plugins', 'catkin_cmake_args': None, 'catkin_skip_building_tests': False, 'cmake_args': None, 'cmake_clean_cache': False, 'cmake_clean_first': False, 'cmake_force_configure': False, 'cmake_target': None, 'cmake_target_skip_unavailable': False, 'install_base': '/home/namtruong/uuv_sim_home/install/dave_gz_world_plugins', 'merge_install': False, 'path': '/home/namtruong/uuv_sim_home/src/dave_gz_world_plugins', 'symlink_install': False, 'test_result_base': None}
[0.189s] Level 5:colcon.colcon_core.verb:set package 'multibeam_sonar' build argument 'cmake_args' from command line to 'None'
[0.189s] Level 5:colcon.colcon_core.verb:set package 'multibeam_sonar' build argument 'cmake_target' from command line to 'None'
[0.189s] Level 5:colcon.colcon_core.verb:set package 'multibeam_sonar' build argument 'cmake_target_skip_unavailable' from command line to 'False'
[0.189s] Level 5:colcon.colcon_core.verb:set package 'multibeam_sonar' build argument 'cmake_clean_cache' from command line to 'False'
[0.189s] Level 5:colcon.colcon_core.verb:set package 'multibeam_sonar' build argument 'cmake_clean_first' from command line to 'False'
[0.189s] Level 5:colcon.colcon_core.verb:set package 'multibeam_sonar' build argument 'cmake_force_configure' from command line to 'False'
[0.189s] Level 5:colcon.colcon_core.verb:set package 'multibeam_sonar' build argument 'ament_cmake_args' from command line to 'None'
[0.189s] Level 5:colcon.colcon_core.verb:set package 'multibeam_sonar' build argument 'catkin_cmake_args' from command line to 'None'
[0.189s] Level 5:colcon.colcon_core.verb:set package 'multibeam_sonar' build argument 'catkin_skip_building_tests' from command line to 'False'
[0.189s] DEBUG:colcon.colcon_core.verb:Building package 'multibeam_sonar' with the following arguments: {'ament_cmake_args': None, 'build_base': '/home/namtruong/uuv_sim_home/build/multibeam_sonar', 'catkin_cmake_args': None, 'catkin_skip_building_tests': False, 'cmake_args': None, 'cmake_clean_cache': False, 'cmake_clean_first': False, 'cmake_force_configure': False, 'cmake_target': None, 'cmake_target_skip_unavailable': False, 'install_base': '/home/namtruong/uuv_sim_home/install/multibeam_sonar', 'merge_install': False, 'path': '/home/namtruong/uuv_sim_home/src/multibeam_sonar', 'symlink_install': False, 'test_result_base': None}
[0.189s] Level 5:colcon.colcon_core.verb:set package 'uuv_simu' build argument 'cmake_args' from command line to 'None'
[0.189s] Level 5:colcon.colcon_core.verb:set package 'uuv_simu' build argument 'cmake_target' from command line to 'None'
[0.189s] Level 5:colcon.colcon_core.verb:set package 'uuv_simu' build argument 'cmake_target_skip_unavailable' from command line to 'False'
[0.189s] Level 5:colcon.colcon_core.verb:set package 'uuv_simu' build argument 'cmake_clean_cache' from command line to 'False'
[0.189s] Level 5:colcon.colcon_core.verb:set package 'uuv_simu' build argument 'cmake_clean_first' from command line to 'False'
[0.189s] Level 5:colcon.colcon_core.verb:set package 'uuv_simu' build argument 'cmake_force_configure' from command line to 'False'
[0.189s] Level 5:colcon.colcon_core.verb:set package 'uuv_simu' build argument 'ament_cmake_args' from command line to 'None'
[0.189s] Level 5:colcon.colcon_core.verb:set package 'uuv_simu' build argument 'catkin_cmake_args' from command line to 'None'
[0.189s] Level 5:colcon.colcon_core.verb:set package 'uuv_simu' build argument 'catkin_skip_building_tests' from command line to 'False'
[0.189s] DEBUG:colcon.colcon_core.verb:Building package 'uuv_simu' with the following arguments: {'ament_cmake_args': None, 'build_base': '/home/namtruong/uuv_sim_home/build/uuv_simu', 'catkin_cmake_args': None, 'catkin_skip_building_tests': False, 'cmake_args': None, 'cmake_clean_cache': False, 'cmake_clean_first': False, 'cmake_force_configure': False, 'cmake_target': None, 'cmake_target_skip_unavailable': False, 'install_base': '/home/namtruong/uuv_sim_home/install/uuv_simu', 'merge_install': False, 'path': '/home/namtruong/uuv_sim_home/src/uuv_simu', 'symlink_install': False, 'test_result_base': None}
[0.189s] Level 5:colcon.colcon_core.verb:set package 'dave_ros_gz_plugins' build argument 'cmake_args' from command line to 'None'
[0.190s] Level 5:colcon.colcon_core.verb:set package 'dave_ros_gz_plugins' build argument 'cmake_target' from command line to 'None'
[0.190s] Level 5:colcon.colcon_core.verb:set package 'dave_ros_gz_plugins' build argument 'cmake_target_skip_unavailable' from command line to 'False'
[0.190s] Level 5:colcon.colcon_core.verb:set package 'dave_ros_gz_plugins' build argument 'cmake_clean_cache' from command line to 'False'
[0.190s] Level 5:colcon.colcon_core.verb:set package 'dave_ros_gz_plugins' build argument 'cmake_clean_first' from command line to 'False'
[0.190s] Level 5:colcon.colcon_core.verb:set package 'dave_ros_gz_plugins' build argument 'cmake_force_configure' from command line to 'False'
[0.190s] Level 5:colcon.colcon_core.verb:set package 'dave_ros_gz_plugins' build argument 'ament_cmake_args' from command line to 'None'
[0.190s] Level 5:colcon.colcon_core.verb:set package 'dave_ros_gz_plugins' build argument 'catkin_cmake_args' from command line to 'None'
[0.190s] Level 5:colcon.colcon_core.verb:set package 'dave_ros_gz_plugins' build argument 'catkin_skip_building_tests' from command line to 'False'
[0.190s] DEBUG:colcon.colcon_core.verb:Building package 'dave_ros_gz_plugins' with the following arguments: {'ament_cmake_args': None, 'build_base': '/home/namtruong/uuv_sim_home/build/dave_ros_gz_plugins', 'catkin_cmake_args': None, 'catkin_skip_building_tests': False, 'cmake_args': None, 'cmake_clean_cache': False, 'cmake_clean_first': False, 'cmake_force_configure': False, 'cmake_target': None, 'cmake_target_skip_unavailable': False, 'install_base': '/home/namtruong/uuv_sim_home/install/dave_ros_gz_plugins', 'merge_install': False, 'path': '/home/namtruong/uuv_sim_home/src/dave_ros_gz_plugins', 'symlink_install': False, 'test_result_base': None}
[0.190s] Level 5:colcon.colcon_core.verb:set package 'dave_gz_model_plugins' build argument 'cmake_args' from command line to 'None'
[0.190s] Level 5:colcon.colcon_core.verb:set package 'dave_gz_model_plugins' build argument 'cmake_target' from command line to 'None'
[0.190s] Level 5:colcon.colcon_core.verb:set package 'dave_gz_model_plugins' build argument 'cmake_target_skip_unavailable' from command line to 'False'
[0.190s] Level 5:colcon.colcon_core.verb:set package 'dave_gz_model_plugins' build argument 'cmake_clean_cache' from command line to 'False'
[0.190s] Level 5:colcon.colcon_core.verb:set package 'dave_gz_model_plugins' build argument 'cmake_clean_first' from command line to 'False'
[0.190s] Level 5:colcon.colcon_core.verb:set package 'dave_gz_model_plugins' build argument 'cmake_force_configure' from command line to 'False'
[0.190s] Level 5:colcon.colcon_core.verb:set package 'dave_gz_model_plugins' build argument 'ament_cmake_args' from command line to 'None'
[0.190s] Level 5:colcon.colcon_core.verb:set package 'dave_gz_model_plugins' build argument 'catkin_cmake_args' from command line to 'None'
[0.190s] Level 5:colcon.colcon_core.verb:set package 'dave_gz_model_plugins' build argument 'catkin_skip_building_tests' from command line to 'False'
[0.190s] DEBUG:colcon.colcon_core.verb:Building package 'dave_gz_model_plugins' with the following arguments: {'ament_cmake_args': None, 'build_base': '/home/namtruong/uuv_sim_home/build/dave_gz_model_plugins', 'catkin_cmake_args': None, 'catkin_skip_building_tests': False, 'cmake_args': None, 'cmake_clean_cache': False, 'cmake_clean_first': False, 'cmake_force_configure': False, 'cmake_target': None, 'cmake_target_skip_unavailable': False, 'install_base': '/home/namtruong/uuv_sim_home/install/dave_gz_model_plugins', 'merge_install': False, 'path': '/home/namtruong/uuv_sim_home/src/dave_gz_model_plugins', 'symlink_install': False, 'test_result_base': None}
[0.190s] INFO:colcon.colcon_core.executor:Executing jobs using 'parallel' executor
[0.191s] DEBUG:colcon.colcon_parallel_executor.executor.parallel:run_until_complete
[0.191s] INFO:colcon.colcon_ros.task.ament_cmake.build:Building ROS package in '/home/namtruong/uuv_sim_home/src/dave_interfaces' with build type 'ament_cmake'
[0.191s] INFO:colcon.colcon_cmake.task.cmake.build:Building CMake package in '/home/namtruong/uuv_sim_home/src/dave_interfaces'
[0.193s] INFO:colcon.colcon_core.plugin_system:Skipping extension 'colcon_core.shell.bat': Not used on non-Windows systems
[0.193s] INFO:colcon.colcon_core.shell:Skip shell extension 'powershell' for command environment: Not usable outside of PowerShell
[0.193s] DEBUG:colcon.colcon_core.shell:Skip shell extension 'dsv' for command environment
[0.196s] INFO:colcon.colcon_ros.task.ament_cmake.build:Building ROS package in '/home/namtruong/uuv_sim_home/src/dave_robot_models' with build type 'ament_cmake'
[0.196s] INFO:colcon.colcon_cmake.task.cmake.build:Building CMake package in '/home/namtruong/uuv_sim_home/src/dave_robot_models'
[0.197s] INFO:colcon.colcon_core.shell:Skip shell extension 'powershell' for command environment: Not usable outside of PowerShell
[0.197s] DEBUG:colcon.colcon_core.shell:Skip shell extension 'dsv' for command environment
[0.199s] INFO:colcon.colcon_ros.task.ament_cmake.build:Building ROS package in '/home/namtruong/uuv_sim_home/src/multibeam_sonar_demo' with build type 'ament_cmake'
[0.200s] INFO:colcon.colcon_cmake.task.cmake.build:Building CMake package in '/home/namtruong/uuv_sim_home/src/multibeam_sonar_demo'
[0.200s] INFO:colcon.colcon_core.shell:Skip shell extension 'powershell' for command environment: Not usable outside of PowerShell
[0.200s] DEBUG:colcon.colcon_core.shell:Skip shell extension 'dsv' for command environment
[0.203s] INFO:colcon.colcon_ros.task.ament_cmake.build:Building ROS package in '/home/namtruong/uuv_sim_home/src/dave_object_models' with build type 'ament_cmake'
[0.203s] INFO:colcon.colcon_cmake.task.cmake.build:Building CMake package in '/home/namtruong/uuv_sim_home/src/dave_object_models'
[0.203s] INFO:colcon.colcon_core.shell:Skip shell extension 'powershell' for command environment: Not usable outside of PowerShell
[0.203s] DEBUG:colcon.colcon_core.shell:Skip shell extension 'dsv' for command environment
[0.206s] INFO:colcon.colcon_ros.task.ament_cmake.build:Building ROS package in '/home/namtruong/uuv_sim_home/src/dave_worlds' with build type 'ament_cmake'
[0.206s] INFO:colcon.colcon_cmake.task.cmake.build:Building CMake package in '/home/namtruong/uuv_sim_home/src/dave_worlds'
[0.206s] INFO:colcon.colcon_core.shell:Skip shell extension 'powershell' for command environment: Not usable outside of PowerShell
[0.206s] DEBUG:colcon.colcon_core.shell:Skip shell extension 'dsv' for command environment
[0.209s] INFO:colcon.colcon_ros.task.ament_cmake.build:Building ROS package in '/home/namtruong/uuv_sim_home/src/multibeam_sonar_system' with build type 'ament_cmake'
[0.209s] INFO:colcon.colcon_cmake.task.cmake.build:Building CMake package in '/home/namtruong/uuv_sim_home/src/multibeam_sonar_system'
[0.209s] INFO:colcon.colcon_core.shell:Skip shell extension 'powershell' for command environment: Not usable outside of PowerShell
[0.209s] DEBUG:colcon.colcon_core.shell:Skip shell extension 'dsv' for command environment
[0.216s] DEBUG:colcon.colcon_core.event_handler.log_command:Invoking command in '/home/namtruong/uuv_sim_home/build/dave_interfaces': CMAKE_PREFIX_PATH=${CMAKE_PREFIX_PATH}:/home/namtruong/uuv_sim_home/install/uuv_simu:/opt/ros/jazzy DEBUGINFOD_URLS=https://debuginfod.ubuntu.com /usr/bin/cmake --build /home/namtruong/uuv_sim_home/build/dave_interfaces -- -j16 -l16
[0.217s] DEBUG:colcon.colcon_core.event_handler.log_command:Invoking command in '/home/namtruong/uuv_sim_home/build/dave_robot_models': CMAKE_PREFIX_PATH=${CMAKE_PREFIX_PATH}:/home/namtruong/uuv_sim_home/install/uuv_simu:/opt/ros/jazzy DEBUGINFOD_URLS=https://debuginfod.ubuntu.com /usr/bin/cmake --build /home/namtruong/uuv_sim_home/build/dave_robot_models -- -j16 -l16
[0.219s] DEBUG:colcon.colcon_core.event_handler.log_command:Invoking command in '/home/namtruong/uuv_sim_home/build/dave_multibeam_sonar_demo': CMAKE_PREFIX_PATH=${CMAKE_PREFIX_PATH}:/home/namtruong/uuv_sim_home/install/uuv_simu:/opt/ros/jazzy DEBUGINFOD_URLS=https://debuginfod.ubuntu.com /usr/bin/cmake --build /home/namtruong/uuv_sim_home/build/dave_multibeam_sonar_demo -- -j16 -l16
[0.220s] DEBUG:colcon.colcon_core.event_handler.log_command:Invoking command in '/home/namtruong/uuv_sim_home/build/dave_object_models': CMAKE_PREFIX_PATH=${CMAKE_PREFIX_PATH}:/home/namtruong/uuv_sim_home/install/uuv_simu:/opt/ros/jazzy DEBUGINFOD_URLS=https://debuginfod.ubuntu.com /usr/bin/cmake --build /home/namtruong/uuv_sim_home/build/dave_object_models -- -j16 -l16
[0.222s] DEBUG:colcon.colcon_core.event_handler.log_command:Invoking command in '/home/namtruong/uuv_sim_home/build/dave_worlds': CMAKE_PREFIX_PATH=${CMAKE_PREFIX_PATH}:/home/namtruong/uuv_sim_home/install/uuv_simu:/opt/ros/jazzy DEBUGINFOD_URLS=https://debuginfod.ubuntu.com /usr/bin/cmake --build /home/namtruong/uuv_sim_home/build/dave_worlds -- -j16 -l16
[0.226s] DEBUG:colcon.colcon_core.event_handler.log_command:Invoking command in '/home/namtruong/uuv_sim_home/build/multibeam_sonar_system': CMAKE_PREFIX_PATH=${CMAKE_PREFIX_PATH}:/home/namtruong/uuv_sim_home/install/uuv_simu:/opt/ros/jazzy DEBUGINFOD_URLS=https://debuginfod.ubuntu.com /usr/bin/cmake --build /home/namtruong/uuv_sim_home/build/multibeam_sonar_system -- -j16 -l16
[0.254s] DEBUG:colcon.colcon_core.event_handler.log_command:Invoked command in '/home/namtruong/uuv_sim_home/build/dave_robot_models' returned '0': CMAKE_PREFIX_PATH=${CMAKE_PREFIX_PATH}:/home/namtruong/uuv_sim_home/install/uuv_simu:/opt/ros/jazzy DEBUGINFOD_URLS=https://debuginfod.ubuntu.com /usr/bin/cmake --build /home/namtruong/uuv_sim_home/build/dave_robot_models -- -j16 -l16
[0.264s] DEBUG:colcon.colcon_core.event_handler.log_command:Invoking command in '/home/namtruong/uuv_sim_home/build/dave_robot_models': CMAKE_PREFIX_PATH=${CMAKE_PREFIX_PATH}:/home/namtruong/uuv_sim_home/install/uuv_simu:/opt/ros/jazzy DEBUGINFOD_URLS=https://debuginfod.ubuntu.com /usr/bin/cmake --install /home/namtruong/uuv_sim_home/build/dave_robot_models
[0.265s] DEBUG:colcon.colcon_core.event_handler.log_command:Invoked command in '/home/namtruong/uuv_sim_home/build/dave_multibeam_sonar_demo' returned '0': CMAKE_PREFIX_PATH=${CMAKE_PREFIX_PATH}:/home/namtruong/uuv_sim_home/install/uuv_simu:/opt/ros/jazzy DEBUGINFOD_URLS=https://debuginfod.ubuntu.com /usr/bin/cmake --build /home/namtruong/uuv_sim_home/build/dave_multibeam_sonar_demo -- -j16 -l16
[0.265s] DEBUG:colcon.colcon_core.event_handler.log_command:Invoking command in '/home/namtruong/uuv_sim_home/build/dave_multibeam_sonar_demo': CMAKE_PREFIX_PATH=${CMAKE_PREFIX_PATH}:/home/namtruong/uuv_sim_home/install/uuv_simu:/opt/ros/jazzy DEBUGINFOD_URLS=https://debuginfod.ubuntu.com /usr/bin/cmake --install /home/namtruong/uuv_sim_home/build/dave_multibeam_sonar_demo
[0.266s] DEBUG:colcon.colcon_core.event_handler.log_command:Invoked command in '/home/namtruong/uuv_sim_home/build/dave_object_models' returned '0': CMAKE_PREFIX_PATH=${CMAKE_PREFIX_PATH}:/home/namtruong/uuv_sim_home/install/uuv_simu:/opt/ros/jazzy DEBUGINFOD_URLS=https://debuginfod.ubuntu.com /usr/bin/cmake --build /home/namtruong/uuv_sim_home/build/dave_object_models -- -j16 -l16
[0.267s] DEBUG:colcon.colcon_core.event_handler.log_command:Invoking command in '/home/namtruong/uuv_sim_home/build/dave_object_models': CMAKE_PREFIX_PATH=${CMAKE_PREFIX_PATH}:/home/namtruong/uuv_sim_home/install/uuv_simu:/opt/ros/jazzy DEBUGINFOD_URLS=https://debuginfod.ubuntu.com /usr/bin/cmake --install /home/namtruong/uuv_sim_home/build/dave_object_models
[0.268s] DEBUG:colcon.colcon_core.event_handler.log_command:Invoked command in '/home/namtruong/uuv_sim_home/build/dave_worlds' returned '0': CMAKE_PREFIX_PATH=${CMAKE_PREFIX_PATH}:/home/namtruong/uuv_sim_home/install/uuv_simu:/opt/ros/jazzy DEBUGINFOD_URLS=https://debuginfod.ubuntu.com /usr/bin/cmake --build /home/namtruong/uuv_sim_home/build/dave_worlds -- -j16 -l16
[0.269s] DEBUG:colcon.colcon_core.event_handler.log_command:Invoking command in '/home/namtruong/uuv_sim_home/build/dave_worlds': CMAKE_PREFIX_PATH=${CMAKE_PREFIX_PATH}:/home/namtruong/uuv_sim_home/install/uuv_simu:/opt/ros/jazzy DEBUGINFOD_URLS=https://debuginfod.ubuntu.com /usr/bin/cmake --install /home/namtruong/uuv_sim_home/build/dave_worlds
[0.287s] Level 1:colcon.colcon_core.environment:create_environment_scripts_only(dave_multibeam_sonar_demo)
[0.290s] DEBUG:colcon.colcon_core.event_handler.log_command:Invoked command in '/home/namtruong/uuv_sim_home/build/dave_multibeam_sonar_demo' returned '0': CMAKE_PREFIX_PATH=${CMAKE_PREFIX_PATH}:/home/namtruong/uuv_sim_home/install/uuv_simu:/opt/ros/jazzy DEBUGINFOD_URLS=https://debuginfod.ubuntu.com /usr/bin/cmake --install /home/namtruong/uuv_sim_home/build/dave_multibeam_sonar_demo
[0.291s] Level 1:colcon.colcon_core.environment:checking '/home/namtruong/uuv_sim_home/install/dave_multibeam_sonar_demo' for CMake module files
[0.292s] Level 1:colcon.colcon_core.environment:checking '/home/namtruong/uuv_sim_home/install/dave_multibeam_sonar_demo' for CMake config files
[0.292s] Level 1:colcon.colcon_core.shell:create_environment_hook('dave_multibeam_sonar_demo', 'cmake_prefix_path')
[0.293s] INFO:colcon.colcon_core.shell:Creating environment hook '/home/namtruong/uuv_sim_home/install/dave_multibeam_sonar_demo/share/dave_multibeam_sonar_demo/hook/cmake_prefix_path.ps1'
[0.293s] INFO:colcon.colcon_core.shell:Creating environment descriptor '/home/namtruong/uuv_sim_home/install/dave_multibeam_sonar_demo/share/dave_multibeam_sonar_demo/hook/cmake_prefix_path.dsv'
[0.294s] INFO:colcon.colcon_core.shell:Creating environment hook '/home/namtruong/uuv_sim_home/install/dave_multibeam_sonar_demo/share/dave_multibeam_sonar_demo/hook/cmake_prefix_path.sh'
[0.295s] Level 1:colcon.colcon_core.environment:checking '/home/namtruong/uuv_sim_home/install/dave_multibeam_sonar_demo/bin'
[0.295s] Level 1:colcon.colcon_core.environment:checking '/home/namtruong/uuv_sim_home/install/dave_multibeam_sonar_demo/lib/pkgconfig/dave_multibeam_sonar_demo.pc'
[0.295s] Level 1:colcon.colcon_core.environment:checking '/home/namtruong/uuv_sim_home/install/dave_multibeam_sonar_demo/lib/python3.12/site-packages'
[0.295s] Level 1:colcon.colcon_core.environment:checking '/home/namtruong/uuv_sim_home/install/dave_multibeam_sonar_demo/bin'
[0.296s] INFO:colcon.colcon_core.shell:Creating package script '/home/namtruong/uuv_sim_home/install/dave_multibeam_sonar_demo/share/dave_multibeam_sonar_demo/package.ps1'
[0.297s] INFO:colcon.colcon_core.shell:Creating package descriptor '/home/namtruong/uuv_sim_home/install/dave_multibeam_sonar_demo/share/dave_multibeam_sonar_demo/package.dsv'
[0.297s] INFO:colcon.colcon_core.shell:Creating package script '/home/namtruong/uuv_sim_home/install/dave_multibeam_sonar_demo/share/dave_multibeam_sonar_demo/package.sh'
[0.297s] INFO:colcon.colcon_core.shell:Creating package script '/home/namtruong/uuv_sim_home/install/dave_multibeam_sonar_demo/share/dave_multibeam_sonar_demo/package.bash'
[0.298s] INFO:colcon.colcon_core.shell:Creating package script '/home/namtruong/uuv_sim_home/install/dave_multibeam_sonar_demo/share/dave_multibeam_sonar_demo/package.zsh'
[0.299s] Level 1:colcon.colcon_core.environment:create_file_with_runtime_dependencies(/home/namtruong/uuv_sim_home/install/dave_multibeam_sonar_demo/share/colcon-core/packages/dave_multibeam_sonar_demo)
[0.299s] Level 1:colcon.colcon_core.environment:create_environment_scripts_only(dave_multibeam_sonar_demo)
[0.299s] Level 1:colcon.colcon_core.environment:checking '/home/namtruong/uuv_sim_home/install/dave_multibeam_sonar_demo' for CMake module files
[0.300s] Level 1:colcon.colcon_core.environment:checking '/home/namtruong/uuv_sim_home/install/dave_multibeam_sonar_demo' for CMake config files
[0.300s] Level 1:colcon.colcon_core.shell:create_environment_hook('dave_multibeam_sonar_demo', 'cmake_prefix_path')
[0.301s] INFO:colcon.colcon_core.shell:Creating environment hook '/home/namtruong/uuv_sim_home/install/dave_multibeam_sonar_demo/share/dave_multibeam_sonar_demo/hook/cmake_prefix_path.ps1'
[0.301s] INFO:colcon.colcon_core.shell:Creating environment descriptor '/home/namtruong/uuv_sim_home/install/dave_multibeam_sonar_demo/share/dave_multibeam_sonar_demo/hook/cmake_prefix_path.dsv'
[0.301s] INFO:colcon.colcon_core.shell:Creating environment hook '/home/namtruong/uuv_sim_home/install/dave_multibeam_sonar_demo/share/dave_multibeam_sonar_demo/hook/cmake_prefix_path.sh'
[0.302s] Level 1:colcon.colcon_core.environment:checking '/home/namtruong/uuv_sim_home/install/dave_multibeam_sonar_demo/bin'
[0.302s] Level 1:colcon.colcon_core.environment:checking '/home/namtruong/uuv_sim_home/install/dave_multibeam_sonar_demo/lib/pkgconfig/dave_multibeam_sonar_demo.pc'
[0.302s] Level 1:colcon.colcon_core.environment:checking '/home/namtruong/uuv_sim_home/install/dave_multibeam_sonar_demo/lib/python3.12/site-packages'
[0.302s] Level 1:colcon.colcon_core.environment:checking '/home/namtruong/uuv_sim_home/install/dave_multibeam_sonar_demo/bin'
[0.302s] INFO:colcon.colcon_core.shell:Creating package script '/home/namtruong/uuv_sim_home/install/dave_multibeam_sonar_demo/share/dave_multibeam_sonar_demo/package.ps1'
[0.303s] INFO:colcon.colcon_core.shell:Creating package descriptor '/home/namtruong/uuv_sim_home/install/dave_multibeam_sonar_demo/share/dave_multibeam_sonar_demo/package.dsv'
[0.303s] INFO:colcon.colcon_core.shell:Creating package script '/home/namtruong/uuv_sim_home/install/dave_multibeam_sonar_demo/share/dave_multibeam_sonar_demo/package.sh'
[0.304s] INFO:colcon.colcon_core.shell:Creating package script '/home/namtruong/uuv_sim_home/install/dave_multibeam_sonar_demo/share/dave_multibeam_sonar_demo/package.bash'
[0.304s] INFO:colcon.colcon_core.shell:Creating package script '/home/namtruong/uuv_sim_home/install/dave_multibeam_sonar_demo/share/dave_multibeam_sonar_demo/package.zsh'
[0.304s] Level 1:colcon.colcon_core.environment:create_file_with_runtime_dependencies(/home/namtruong/uuv_sim_home/install/dave_multibeam_sonar_demo/share/colcon-core/packages/dave_multibeam_sonar_demo)
[0.305s] Level 1:colcon.colcon_core.environment:create_environment_scripts_only(dave_object_models)
[0.305s] Level 1:colcon.colcon_core.environment:checking '/home/namtruong/uuv_sim_home/install/dave_object_models' for CMake module files
[0.306s] DEBUG:colcon.colcon_core.event_handler.log_command:Invoked command in '/home/namtruong/uuv_sim_home/build/dave_object_models' returned '0': CMAKE_PREFIX_PATH=${CMAKE_PREFIX_PATH}:/home/namtruong/uuv_sim_home/install/uuv_simu:/opt/ros/jazzy DEBUGINFOD_URLS=https://debuginfod.ubuntu.com /usr/bin/cmake --install /home/namtruong/uuv_sim_home/build/dave_object_models
[0.306s] Level 1:colcon.colcon_core.environment:checking '/home/namtruong/uuv_sim_home/install/dave_object_models' for CMake config files
[0.306s] Level 1:colcon.colcon_core.shell:create_environment_hook('dave_object_models', 'cmake_prefix_path')
[0.306s] INFO:colcon.colcon_core.shell:Creating environment hook '/home/namtruong/uuv_sim_home/install/dave_object_models/share/dave_object_models/hook/cmake_prefix_path.ps1'
[0.307s] INFO:colcon.colcon_core.shell:Creating environment descriptor '/home/namtruong/uuv_sim_home/install/dave_object_models/share/dave_object_models/hook/cmake_prefix_path.dsv'
[0.307s] INFO:colcon.colcon_core.shell:Creating environment hook '/home/namtruong/uuv_sim_home/install/dave_object_models/share/dave_object_models/hook/cmake_prefix_path.sh'
[0.307s] Level 1:colcon.colcon_core.environment:checking '/home/namtruong/uuv_sim_home/install/dave_object_models/bin'
[0.307s] Level 1:colcon.colcon_core.environment:checking '/home/namtruong/uuv_sim_home/install/dave_object_models/lib/pkgconfig/dave_object_models.pc'
[0.308s] Level 1:colcon.colcon_core.environment:checking '/home/namtruong/uuv_sim_home/install/dave_object_models/lib/python3.12/site-packages'
[0.308s] Level 1:colcon.colcon_core.environment:checking '/home/namtruong/uuv_sim_home/install/dave_object_models/bin'
[0.308s] INFO:colcon.colcon_core.shell:Creating package script '/home/namtruong/uuv_sim_home/install/dave_object_models/share/dave_object_models/package.ps1'
[0.308s] INFO:colcon.colcon_core.shell:Creating package descriptor '/home/namtruong/uuv_sim_home/install/dave_object_models/share/dave_object_models/package.dsv'
[0.309s] INFO:colcon.colcon_core.shell:Creating package script '/home/namtruong/uuv_sim_home/install/dave_object_models/share/dave_object_models/package.sh'
[0.309s] INFO:colcon.colcon_core.shell:Creating package script '/home/namtruong/uuv_sim_home/install/dave_object_models/share/dave_object_models/package.bash'
[0.309s] INFO:colcon.colcon_core.shell:Creating package script '/home/namtruong/uuv_sim_home/install/dave_object_models/share/dave_object_models/package.zsh'
[0.309s] Level 1:colcon.colcon_core.environment:create_file_with_runtime_dependencies(/home/namtruong/uuv_sim_home/install/dave_object_models/share/colcon-core/packages/dave_object_models)
[0.310s] Level 1:colcon.colcon_core.environment:create_environment_scripts_only(dave_object_models)
[0.310s] Level 1:colcon.colcon_core.environment:checking '/home/namtruong/uuv_sim_home/install/dave_object_models' for CMake module files
[0.310s] Level 1:colcon.colcon_core.environment:checking '/home/namtruong/uuv_sim_home/install/dave_object_models' for CMake config files
[0.311s] Level 1:colcon.colcon_core.shell:create_environment_hook('dave_object_models', 'cmake_prefix_path')
[0.311s] INFO:colcon.colcon_core.shell:Creating environment hook '/home/namtruong/uuv_sim_home/install/dave_object_models/share/dave_object_models/hook/cmake_prefix_path.ps1'
[0.311s] INFO:colcon.colcon_core.shell:Creating environment descriptor '/home/namtruong/uuv_sim_home/install/dave_object_models/share/dave_object_models/hook/cmake_prefix_path.dsv'
[0.311s] INFO:colcon.colcon_core.shell:Creating environment hook '/home/namtruong/uuv_sim_home/install/dave_object_models/share/dave_object_models/hook/cmake_prefix_path.sh'
[0.312s] Level 1:colcon.colcon_core.environment:checking '/home/namtruong/uuv_sim_home/install/dave_object_models/bin'
[0.312s] Level 1:colcon.colcon_core.environment:checking '/home/namtruong/uuv_sim_home/install/dave_object_models/lib/pkgconfig/dave_object_models.pc'
[0.312s] Level 1:colcon.colcon_core.environment:checking '/home/namtruong/uuv_sim_home/install/dave_object_models/lib/python3.12/site-packages'
[0.312s] Level 1:colcon.colcon_core.environment:checking '/home/namtruong/uuv_sim_home/install/dave_object_models/bin'
[0.312s] INFO:colcon.colcon_core.shell:Creating package script '/home/namtruong/uuv_sim_home/install/dave_object_models/share/dave_object_models/package.ps1'
[0.313s] INFO:colcon.colcon_core.shell:Creating package descriptor '/home/namtruong/uuv_sim_home/install/dave_object_models/share/dave_object_models/package.dsv'
[0.313s] INFO:colcon.colcon_core.shell:Creating package script '/home/namtruong/uuv_sim_home/install/dave_object_models/share/dave_object_models/package.sh'
[0.313s] INFO:colcon.colcon_core.shell:Creating package script '/home/namtruong/uuv_sim_home/install/dave_object_models/share/dave_object_models/package.bash'
[0.314s] INFO:colcon.colcon_core.shell:Creating package script '/home/namtruong/uuv_sim_home/install/dave_object_models/share/dave_object_models/package.zsh'
[0.314s] Level 1:colcon.colcon_core.environment:create_file_with_runtime_dependencies(/home/namtruong/uuv_sim_home/install/dave_object_models/share/colcon-core/packages/dave_object_models)
[0.315s] Level 1:colcon.colcon_core.environment:create_environment_scripts_only(dave_robot_models)
[0.315s] Level 1:colcon.colcon_core.environment:checking '/home/namtruong/uuv_sim_home/install/dave_robot_models' for CMake module files
[0.316s] DEBUG:colcon.colcon_core.event_handler.log_command:Invoked command in '/home/namtruong/uuv_sim_home/build/dave_robot_models' returned '0': CMAKE_PREFIX_PATH=${CMAKE_PREFIX_PATH}:/home/namtruong/uuv_sim_home/install/uuv_simu:/opt/ros/jazzy DEBUGINFOD_URLS=https://debuginfod.ubuntu.com /usr/bin/cmake --install /home/namtruong/uuv_sim_home/build/dave_robot_models
[0.316s] Level 1:colcon.colcon_core.environment:checking '/home/namtruong/uuv_sim_home/install/dave_robot_models' for CMake config files
[0.316s] Level 1:colcon.colcon_core.shell:create_environment_hook('dave_robot_models', 'cmake_prefix_path')
[0.317s] INFO:colcon.colcon_core.shell:Creating environment hook '/home/namtruong/uuv_sim_home/install/dave_robot_models/share/dave_robot_models/hook/cmake_prefix_path.ps1'
[0.317s] INFO:colcon.colcon_core.shell:Creating environment descriptor '/home/namtruong/uuv_sim_home/install/dave_robot_models/share/dave_robot_models/hook/cmake_prefix_path.dsv'
[0.317s] INFO:colcon.colcon_core.shell:Creating environment hook '/home/namtruong/uuv_sim_home/install/dave_robot_models/share/dave_robot_models/hook/cmake_prefix_path.sh'
[0.318s] Level 1:colcon.colcon_core.environment:checking '/home/namtruong/uuv_sim_home/install/dave_robot_models/lib'
[0.318s] Level 1:colcon.colcon_core.environment:checking '/home/namtruong/uuv_sim_home/install/dave_robot_models/bin'
[0.318s] Level 1:colcon.colcon_core.environment:checking '/home/namtruong/uuv_sim_home/install/dave_robot_models/lib/pkgconfig/dave_robot_models.pc'
[0.318s] Level 1:colcon.colcon_core.environment:checking '/home/namtruong/uuv_sim_home/install/dave_robot_models/lib/python3.12/site-packages'
[0.318s] Level 1:colcon.colcon_core.environment:checking '/home/namtruong/uuv_sim_home/install/dave_robot_models/bin'
[0.319s] INFO:colcon.colcon_core.shell:Creating package script '/home/namtruong/uuv_sim_home/install/dave_robot_models/share/dave_robot_models/package.ps1'
[0.319s] INFO:colcon.colcon_core.shell:Creating package descriptor '/home/namtruong/uuv_sim_home/install/dave_robot_models/share/dave_robot_models/package.dsv'
[0.319s] INFO:colcon.colcon_core.shell:Creating package script '/home/namtruong/uuv_sim_home/install/dave_robot_models/share/dave_robot_models/package.sh'
[0.320s] INFO:colcon.colcon_core.shell:Creating package script '/home/namtruong/uuv_sim_home/install/dave_robot_models/share/dave_robot_models/package.bash'
[0.320s] INFO:colcon.colcon_core.shell:Creating package script '/home/namtruong/uuv_sim_home/install/dave_robot_models/share/dave_robot_models/package.zsh'
[0.320s] Level 1:colcon.colcon_core.environment:create_file_with_runtime_dependencies(/home/namtruong/uuv_sim_home/install/dave_robot_models/share/colcon-core/packages/dave_robot_models)
[0.321s] Level 1:colcon.colcon_core.environment:create_environment_scripts_only(dave_robot_models)
[0.321s] Level 1:colcon.colcon_core.environment:checking '/home/namtruong/uuv_sim_home/install/dave_robot_models' for CMake module files
[0.321s] Level 1:colcon.colcon_core.environment:checking '/home/namtruong/uuv_sim_home/install/dave_robot_models' for CMake config files
[0.322s] Level 1:colcon.colcon_core.shell:create_environment_hook('dave_robot_models', 'cmake_prefix_path')
[0.322s] INFO:colcon.colcon_core.shell:Creating environment hook '/home/namtruong/uuv_sim_home/install/dave_robot_models/share/dave_robot_models/hook/cmake_prefix_path.ps1'
[0.322s] INFO:colcon.colcon_core.shell:Creating environment descriptor '/home/namtruong/uuv_sim_home/install/dave_robot_models/share/dave_robot_models/hook/cmake_prefix_path.dsv'
[0.323s] INFO:colcon.colcon_core.shell:Creating environment hook '/home/namtruong/uuv_sim_home/install/dave_robot_models/share/dave_robot_models/hook/cmake_prefix_path.sh'
[0.323s] Level 1:colcon.colcon_core.environment:checking '/home/namtruong/uuv_sim_home/install/dave_robot_models/lib'
[0.323s] Level 1:colcon.colcon_core.environment:checking '/home/namtruong/uuv_sim_home/install/dave_robot_models/bin'
[0.323s] Level 1:colcon.colcon_core.environment:checking '/home/namtruong/uuv_sim_home/install/dave_robot_models/lib/pkgconfig/dave_robot_models.pc'
[0.323s] Level 1:colcon.colcon_core.environment:checking '/home/namtruong/uuv_sim_home/install/dave_robot_models/lib/python3.12/site-packages'
[0.324s] Level 1:colcon.colcon_core.environment:checking '/home/namtruong/uuv_sim_home/install/dave_robot_models/bin'
[0.324s] INFO:colcon.colcon_core.shell:Creating package script '/home/namtruong/uuv_sim_home/install/dave_robot_models/share/dave_robot_models/package.ps1'
[0.325s] INFO:colcon.colcon_core.shell:Creating package descriptor '/home/namtruong/uuv_sim_home/install/dave_robot_models/share/dave_robot_models/package.dsv'
[0.325s] INFO:colcon.colcon_core.shell:Creating package script '/home/namtruong/uuv_sim_home/install/dave_robot_models/share/dave_robot_models/package.sh'
[0.325s] INFO:colcon.colcon_core.shell:Creating package script '/home/namtruong/uuv_sim_home/install/dave_robot_models/share/dave_robot_models/package.bash'
[0.326s] INFO:colcon.colcon_core.shell:Creating package script '/home/namtruong/uuv_sim_home/install/dave_robot_models/share/dave_robot_models/package.zsh'
[0.326s] Level 1:colcon.colcon_core.environment:create_file_with_runtime_dependencies(/home/namtruong/uuv_sim_home/install/dave_robot_models/share/colcon-core/packages/dave_robot_models)
[0.326s] Level 1:colcon.colcon_core.environment:create_environment_scripts_only(dave_worlds)
[0.326s] Level 1:colcon.colcon_core.environment:checking '/home/namtruong/uuv_sim_home/install/dave_worlds' for CMake module files
[0.327s] DEBUG:colcon.colcon_core.event_handler.log_command:Invoked command in '/home/namtruong/uuv_sim_home/build/dave_worlds' returned '0': CMAKE_PREFIX_PATH=${CMAKE_PREFIX_PATH}:/home/namtruong/uuv_sim_home/install/uuv_simu:/opt/ros/jazzy DEBUGINFOD_URLS=https://debuginfod.ubuntu.com /usr/bin/cmake --install /home/namtruong/uuv_sim_home/build/dave_worlds
[0.327s] Level 1:colcon.colcon_core.environment:checking '/home/namtruong/uuv_sim_home/install/dave_worlds' for CMake config files
[0.328s] Level 1:colcon.colcon_core.shell:create_environment_hook('dave_worlds', 'cmake_prefix_path')
[0.328s] INFO:colcon.colcon_core.shell:Creating environment hook '/home/namtruong/uuv_sim_home/install/dave_worlds/share/dave_worlds/hook/cmake_prefix_path.ps1'
[0.329s] INFO:colcon.colcon_core.shell:Creating environment descriptor '/home/namtruong/uuv_sim_home/install/dave_worlds/share/dave_worlds/hook/cmake_prefix_path.dsv'
[0.329s] INFO:colcon.colcon_core.shell:Creating environment hook '/home/namtruong/uuv_sim_home/install/dave_worlds/share/dave_worlds/hook/cmake_prefix_path.sh'
[0.330s] Level 1:colcon.colcon_core.environment:checking '/home/namtruong/uuv_sim_home/install/dave_worlds/bin'
[0.330s] Level 1:colcon.colcon_core.environment:checking '/home/namtruong/uuv_sim_home/install/dave_worlds/lib/pkgconfig/dave_worlds.pc'
[0.330s] Level 1:colcon.colcon_core.environment:checking '/home/namtruong/uuv_sim_home/install/dave_worlds/lib/python3.12/site-packages'
[0.330s] Level 1:colcon.colcon_core.environment:checking '/home/namtruong/uuv_sim_home/install/dave_worlds/bin'
[0.330s] INFO:colcon.colcon_core.shell:Creating package script '/home/namtruong/uuv_sim_home/install/dave_worlds/share/dave_worlds/package.ps1'
[0.331s] INFO:colcon.colcon_core.shell:Creating package descriptor '/home/namtruong/uuv_sim_home/install/dave_worlds/share/dave_worlds/package.dsv'
[0.331s] INFO:colcon.colcon_core.shell:Creating package script '/home/namtruong/uuv_sim_home/install/dave_worlds/share/dave_worlds/package.sh'
[0.332s] INFO:colcon.colcon_core.shell:Creating package script '/home/namtruong/uuv_sim_home/install/dave_worlds/share/dave_worlds/package.bash'
[0.332s] INFO:colcon.colcon_core.shell:Creating package script '/home/namtruong/uuv_sim_home/install/dave_worlds/share/dave_worlds/package.zsh'
[0.332s] Level 1:colcon.colcon_core.environment:create_file_with_runtime_dependencies(/home/namtruong/uuv_sim_home/install/dave_worlds/share/colcon-core/packages/dave_worlds)
[0.333s] Level 1:colcon.colcon_core.environment:create_environment_scripts_only(dave_worlds)
[0.333s] Level 1:colcon.colcon_core.environment:checking '/home/namtruong/uuv_sim_home/install/dave_worlds' for CMake module files
[0.334s] Level 1:colcon.colcon_core.environment:checking '/home/namtruong/uuv_sim_home/install/dave_worlds' for CMake config files
[0.334s] Level 1:colcon.colcon_core.shell:create_environment_hook('dave_worlds', 'cmake_prefix_path')
[0.334s] INFO:colcon.colcon_core.shell:Creating environment hook '/home/namtruong/uuv_sim_home/install/dave_worlds/share/dave_worlds/hook/cmake_prefix_path.ps1'
[0.335s] INFO:colcon.colcon_core.shell:Creating environment descriptor '/home/namtruong/uuv_sim_home/install/dave_worlds/share/dave_worlds/hook/cmake_prefix_path.dsv'
[0.335s] INFO:colcon.colcon_core.shell:Creating environment hook '/home/namtruong/uuv_sim_home/install/dave_worlds/share/dave_worlds/hook/cmake_prefix_path.sh'
[0.336s] Level 1:colcon.colcon_core.environment:checking '/home/namtruong/uuv_sim_home/install/dave_worlds/bin'
[0.336s] Level 1:colcon.colcon_core.environment:checking '/home/namtruong/uuv_sim_home/install/dave_worlds/lib/pkgconfig/dave_worlds.pc'
[0.336s] Level 1:colcon.colcon_core.environment:checking '/home/namtruong/uuv_sim_home/install/dave_worlds/lib/python3.12/site-packages'
[0.336s] Level 1:colcon.colcon_core.environment:checking '/home/namtruong/uuv_sim_home/install/dave_worlds/bin'
[0.336s] INFO:colcon.colcon_core.shell:Creating package script '/home/namtruong/uuv_sim_home/install/dave_worlds/share/dave_worlds/package.ps1'
[0.337s] INFO:colcon.colcon_core.shell:Creating package descriptor '/home/namtruong/uuv_sim_home/install/dave_worlds/share/dave_worlds/package.dsv'
[0.337s] INFO:colcon.colcon_core.shell:Creating package script '/home/namtruong/uuv_sim_home/install/dave_worlds/share/dave_worlds/package.sh'
[0.338s] INFO:colcon.colcon_core.shell:Creating package script '/home/namtruong/uuv_sim_home/install/dave_worlds/share/dave_worlds/package.bash'
[0.338s] INFO:colcon.colcon_core.shell:Creating package script '/home/namtruong/uuv_sim_home/install/dave_worlds/share/dave_worlds/package.zsh'
[0.338s] Level 1:colcon.colcon_core.environment:create_file_with_runtime_dependencies(/home/namtruong/uuv_sim_home/install/dave_worlds/share/colcon-core/packages/dave_worlds)
[0.339s] INFO:colcon.colcon_ros.task.ament_python.build:Building ROS package in '/home/namtruong/uuv_sim_home/src/uuv_simu' with build type 'ament_python'
[0.339s] Level 1:colcon.colcon_core.shell:create_environment_hook('uuv_simu', 'ament_prefix_path')
[0.339s] INFO:colcon.colcon_core.shell:Creating environment hook '/home/namtruong/uuv_sim_home/install/uuv_simu/share/uuv_simu/hook/ament_prefix_path.ps1'
[0.340s] INFO:colcon.colcon_core.shell:Creating environment descriptor '/home/namtruong/uuv_sim_home/install/uuv_simu/share/uuv_simu/hook/ament_prefix_path.dsv'
[0.340s] INFO:colcon.colcon_core.shell:Creating environment hook '/home/namtruong/uuv_sim_home/install/uuv_simu/share/uuv_simu/hook/ament_prefix_path.sh'
[0.341s] INFO:colcon.colcon_core.shell:Skip shell extension 'powershell' for command environment: Not usable outside of PowerShell
[0.341s] DEBUG:colcon.colcon_core.shell:Skip shell extension 'dsv' for command environment
[0.511s] INFO:colcon.colcon_core.task.python.build:Building Python package in '/home/namtruong/uuv_sim_home/src/uuv_simu'
[0.512s] INFO:colcon.colcon_core.shell:Skip shell extension 'powershell' for command environment: Not usable outside of PowerShell
[0.512s] DEBUG:colcon.colcon_core.shell:Skip shell extension 'dsv' for command environment
[0.516s] DEBUG:colcon.colcon_core.event_handler.log_command:Invoked command in '/home/namtruong/uuv_sim_home/build/multibeam_sonar_system' returned '0': CMAKE_PREFIX_PATH=${CMAKE_PREFIX_PATH}:/home/namtruong/uuv_sim_home/install/uuv_simu:/opt/ros/jazzy DEBUGINFOD_URLS=https://debuginfod.ubuntu.com /usr/bin/cmake --build /home/namtruong/uuv_sim_home/build/multibeam_sonar_system -- -j16 -l16
[0.517s] DEBUG:colcon.colcon_core.event_handler.log_command:Invoking command in '/home/namtruong/uuv_sim_home/build/multibeam_sonar_system': CMAKE_PREFIX_PATH=${CMAKE_PREFIX_PATH}:/home/namtruong/uuv_sim_home/install/uuv_simu:/opt/ros/jazzy DEBUGINFOD_URLS=https://debuginfod.ubuntu.com /usr/bin/cmake --install /home/namtruong/uuv_sim_home/build/multibeam_sonar_system
[0.542s] Level 1:colcon.colcon_core.environment:create_environment_scripts_only(multibeam_sonar_system)
[0.542s] Level 1:colcon.colcon_core.environment:checking '/home/namtruong/uuv_sim_home/install/multibeam_sonar_system' for CMake module files
[0.542s] DEBUG:colcon.colcon_core.event_handler.log_command:Invoked command in '/home/namtruong/uuv_sim_home/build/multibeam_sonar_system' returned '0': CMAKE_PREFIX_PATH=${CMAKE_PREFIX_PATH}:/home/namtruong/uuv_sim_home/install/uuv_simu:/opt/ros/jazzy DEBUGINFOD_URLS=https://debuginfod.ubuntu.com /usr/bin/cmake --install /home/namtruong/uuv_sim_home/build/multibeam_sonar_system
[0.543s] Level 1:colcon.colcon_core.environment:checking '/home/namtruong/uuv_sim_home/install/multibeam_sonar_system' for CMake config files
[0.543s] Level 1:colcon.colcon_core.shell:create_environment_hook('multibeam_sonar_system', 'cmake_prefix_path')
[0.543s] INFO:colcon.colcon_core.shell:Creating environment hook '/home/namtruong/uuv_sim_home/install/multibeam_sonar_system/share/multibeam_sonar_system/hook/cmake_prefix_path.ps1'
[0.544s] INFO:colcon.colcon_core.shell:Creating environment descriptor '/home/namtruong/uuv_sim_home/install/multibeam_sonar_system/share/multibeam_sonar_system/hook/cmake_prefix_path.dsv'
[0.544s] INFO:colcon.colcon_core.shell:Creating environment hook '/home/namtruong/uuv_sim_home/install/multibeam_sonar_system/share/multibeam_sonar_system/hook/cmake_prefix_path.sh'
[0.544s] Level 1:colcon.colcon_core.environment:checking '/home/namtruong/uuv_sim_home/install/multibeam_sonar_system/lib'
[0.545s] Level 1:colcon.colcon_core.environment:checking '/home/namtruong/uuv_sim_home/install/multibeam_sonar_system/bin'
[0.545s] Level 1:colcon.colcon_core.environment:checking '/home/namtruong/uuv_sim_home/install/multibeam_sonar_system/lib/pkgconfig/multibeam_sonar_system.pc'
[0.545s] Level 1:colcon.colcon_core.environment:checking '/home/namtruong/uuv_sim_home/install/multibeam_sonar_system/lib/python3.12/site-packages'
[0.545s] Level 1:colcon.colcon_core.environment:checking '/home/namtruong/uuv_sim_home/install/multibeam_sonar_system/bin'
[0.545s] INFO:colcon.colcon_core.shell:Creating package script '/home/namtruong/uuv_sim_home/install/multibeam_sonar_system/share/multibeam_sonar_system/package.ps1'
[0.545s] INFO:colcon.colcon_core.shell:Creating package descriptor '/home/namtruong/uuv_sim_home/install/multibeam_sonar_system/share/multibeam_sonar_system/package.dsv'
[0.546s] INFO:colcon.colcon_core.shell:Creating package script '/home/namtruong/uuv_sim_home/install/multibeam_sonar_system/share/multibeam_sonar_system/package.sh'
[0.546s] INFO:colcon.colcon_core.shell:Creating package script '/home/namtruong/uuv_sim_home/install/multibeam_sonar_system/share/multibeam_sonar_system/package.bash'
[0.546s] INFO:colcon.colcon_core.shell:Creating package script '/home/namtruong/uuv_sim_home/install/multibeam_sonar_system/share/multibeam_sonar_system/package.zsh'
[0.547s] Level 1:colcon.colcon_core.environment:create_file_with_runtime_dependencies(/home/namtruong/uuv_sim_home/install/multibeam_sonar_system/share/colcon-core/packages/multibeam_sonar_system)
[0.547s] Level 1:colcon.colcon_core.environment:create_environment_scripts_only(multibeam_sonar_system)
[0.547s] Level 1:colcon.colcon_core.environment:checking '/home/namtruong/uuv_sim_home/install/multibeam_sonar_system' for CMake module files
[0.547s] Level 1:colcon.colcon_core.environment:checking '/home/namtruong/uuv_sim_home/install/multibeam_sonar_system' for CMake config files
[0.548s] Level 1:colcon.colcon_core.shell:create_environment_hook('multibeam_sonar_system', 'cmake_prefix_path')
[0.548s] INFO:colcon.colcon_core.shell:Creating environment hook '/home/namtruong/uuv_sim_home/install/multibeam_sonar_system/share/multibeam_sonar_system/hook/cmake_prefix_path.ps1'
[0.548s] INFO:colcon.colcon_core.shell:Creating environment descriptor '/home/namtruong/uuv_sim_home/install/multibeam_sonar_system/share/multibeam_sonar_system/hook/cmake_prefix_path.dsv'
[0.548s] INFO:colcon.colcon_core.shell:Creating environment hook '/home/namtruong/uuv_sim_home/install/multibeam_sonar_system/share/multibeam_sonar_system/hook/cmake_prefix_path.sh'
[0.549s] Level 1:colcon.colcon_core.environment:checking '/home/namtruong/uuv_sim_home/install/multibeam_sonar_system/lib'
[0.549s] Level 1:colcon.colcon_core.environment:checking '/home/namtruong/uuv_sim_home/install/multibeam_sonar_system/bin'
[0.549s] Level 1:colcon.colcon_core.environment:checking '/home/namtruong/uuv_sim_home/install/multibeam_sonar_system/lib/pkgconfig/multibeam_sonar_system.pc'
[0.549s] Level 1:colcon.colcon_core.environment:checking '/home/namtruong/uuv_sim_home/install/multibeam_sonar_system/lib/python3.12/site-packages'
[0.549s] Level 1:colcon.colcon_core.environment:checking '/home/namtruong/uuv_sim_home/install/multibeam_sonar_system/bin'
[0.550s] INFO:colcon.colcon_core.shell:Creating package script '/home/namtruong/uuv_sim_home/install/multibeam_sonar_system/share/multibeam_sonar_system/package.ps1'
[0.550s] INFO:colcon.colcon_core.shell:Creating package descriptor '/home/namtruong/uuv_sim_home/install/multibeam_sonar_system/share/multibeam_sonar_system/package.dsv'
[0.551s] INFO:colcon.colcon_core.shell:Creating package script '/home/namtruong/uuv_sim_home/install/multibeam_sonar_system/share/multibeam_sonar_system/package.sh'
[0.551s] INFO:colcon.colcon_core.shell:Creating package script '/home/namtruong/uuv_sim_home/install/multibeam_sonar_system/share/multibeam_sonar_system/package.bash'
[0.551s] INFO:colcon.colcon_core.shell:Creating package script '/home/namtruong/uuv_sim_home/install/multibeam_sonar_system/share/multibeam_sonar_system/package.zsh'
[0.551s] Level 1:colcon.colcon_core.environment:create_file_with_runtime_dependencies(/home/namtruong/uuv_sim_home/install/multibeam_sonar_system/share/colcon-core/packages/multibeam_sonar_system)
[0.566s] DEBUG:colcon.colcon_core.event_handler.log_command:Invoked command in '/home/namtruong/uuv_sim_home/build/dave_interfaces' returned '0': CMAKE_PREFIX_PATH=${CMAKE_PREFIX_PATH}:/home/namtruong/uuv_sim_home/install/uuv_simu:/opt/ros/jazzy DEBUGINFOD_URLS=https://debuginfod.ubuntu.com /usr/bin/cmake --build /home/namtruong/uuv_sim_home/build/dave_interfaces -- -j16 -l16
[0.567s] DEBUG:colcon.colcon_core.event_handler.log_command:Invoking command in '/home/namtruong/uuv_sim_home/build/dave_interfaces': CMAKE_PREFIX_PATH=${CMAKE_PREFIX_PATH}:/home/namtruong/uuv_sim_home/install/uuv_simu:/opt/ros/jazzy DEBUGINFOD_URLS=https://debuginfod.ubuntu.com /usr/bin/cmake --install /home/namtruong/uuv_sim_home/build/dave_interfaces
[0.678s] Level 1:colcon.colcon_core.environment:create_environment_scripts_only(dave_interfaces)
[0.678s] Level 1:colcon.colcon_core.environment:checking '/home/namtruong/uuv_sim_home/install/dave_interfaces' for CMake module files
[0.678s] DEBUG:colcon.colcon_core.event_handler.log_command:Invoked command in '/home/namtruong/uuv_sim_home/build/dave_interfaces' returned '0': CMAKE_PREFIX_PATH=${CMAKE_PREFIX_PATH}:/home/namtruong/uuv_sim_home/install/uuv_simu:/opt/ros/jazzy DEBUGINFOD_URLS=https://debuginfod.ubuntu.com /usr/bin/cmake --install /home/namtruong/uuv_sim_home/build/dave_interfaces
[0.679s] Level 1:colcon.colcon_core.environment:checking '/home/namtruong/uuv_sim_home/install/dave_interfaces' for CMake config files
[0.681s] Level 1:colcon.colcon_core.shell:create_environment_hook('dave_interfaces', 'cmake_prefix_path')
[0.681s] INFO:colcon.colcon_core.shell:Creating environment hook '/home/namtruong/uuv_sim_home/install/dave_interfaces/share/dave_interfaces/hook/cmake_prefix_path.ps1'
[0.681s] INFO:colcon.colcon_core.shell:Creating environment descriptor '/home/namtruong/uuv_sim_home/install/dave_interfaces/share/dave_interfaces/hook/cmake_prefix_path.dsv'
[0.681s] INFO:colcon.colcon_core.shell:Creating environment hook '/home/namtruong/uuv_sim_home/install/dave_interfaces/share/dave_interfaces/hook/cmake_prefix_path.sh'
[0.682s] Level 1:colcon.colcon_core.environment:checking '/home/namtruong/uuv_sim_home/install/dave_interfaces/lib'
[0.682s] Level 1:colcon.colcon_core.shell:create_environment_hook('dave_interfaces', 'ld_library_path_lib')
[0.682s] INFO:colcon.colcon_core.shell:Creating environment hook '/home/namtruong/uuv_sim_home/install/dave_interfaces/share/dave_interfaces/hook/ld_library_path_lib.ps1'
[0.682s] INFO:colcon.colcon_core.shell:Creating environment descriptor '/home/namtruong/uuv_sim_home/install/dave_interfaces/share/dave_interfaces/hook/ld_library_path_lib.dsv'
[0.683s] INFO:colcon.colcon_core.shell:Creating environment hook '/home/namtruong/uuv_sim_home/install/dave_interfaces/share/dave_interfaces/hook/ld_library_path_lib.sh'
[0.683s] Level 1:colcon.colcon_core.environment:checking '/home/namtruong/uuv_sim_home/install/dave_interfaces/bin'
[0.683s] Level 1:colcon.colcon_core.environment:checking '/home/namtruong/uuv_sim_home/install/dave_interfaces/lib/pkgconfig/dave_interfaces.pc'
[0.683s] Level 1:colcon.colcon_core.environment:checking '/home/namtruong/uuv_sim_home/install/dave_interfaces/lib/python3.12/site-packages'
[0.683s] Level 1:colcon.colcon_core.shell:create_environment_hook('dave_interfaces', 'pythonpath')
[0.683s] INFO:colcon.colcon_core.shell:Creating environment hook '/home/namtruong/uuv_sim_home/install/dave_interfaces/share/dave_interfaces/hook/pythonpath.ps1'
[0.684s] INFO:colcon.colcon_core.shell:Creating environment descriptor '/home/namtruong/uuv_sim_home/install/dave_interfaces/share/dave_interfaces/hook/pythonpath.dsv'
[0.684s] INFO:colcon.colcon_core.shell:Creating environment hook '/home/namtruong/uuv_sim_home/install/dave_interfaces/share/dave_interfaces/hook/pythonpath.sh'
[0.684s] Level 1:colcon.colcon_core.environment:checking '/home/namtruong/uuv_sim_home/install/dave_interfaces/bin'
[0.685s] INFO:colcon.colcon_core.shell:Creating package script '/home/namtruong/uuv_sim_home/install/dave_interfaces/share/dave_interfaces/package.ps1'
[0.685s] INFO:colcon.colcon_core.shell:Creating package descriptor '/home/namtruong/uuv_sim_home/install/dave_interfaces/share/dave_interfaces/package.dsv'
[0.686s] INFO:colcon.colcon_core.shell:Creating package script '/home/namtruong/uuv_sim_home/install/dave_interfaces/share/dave_interfaces/package.sh'
[0.686s] INFO:colcon.colcon_core.shell:Creating package script '/home/namtruong/uuv_sim_home/install/dave_interfaces/share/dave_interfaces/package.bash'
[0.686s] INFO:colcon.colcon_core.shell:Creating package script '/home/namtruong/uuv_sim_home/install/dave_interfaces/share/dave_interfaces/package.zsh'
[0.687s] Level 1:colcon.colcon_core.environment:create_file_with_runtime_dependencies(/home/namtruong/uuv_sim_home/install/dave_interfaces/share/colcon-core/packages/dave_interfaces)
[0.687s] Level 1:colcon.colcon_core.environment:create_environment_scripts_only(dave_interfaces)
[0.687s] Level 1:colcon.colcon_core.environment:checking '/home/namtruong/uuv_sim_home/install/dave_interfaces' for CMake module files
[0.688s] Level 1:colcon.colcon_core.environment:checking '/home/namtruong/uuv_sim_home/install/dave_interfaces' for CMake config files
[0.690s] Level 1:colcon.colcon_core.shell:create_environment_hook('dave_interfaces', 'cmake_prefix_path')
[0.690s] INFO:colcon.colcon_core.shell:Creating environment hook '/home/namtruong/uuv_sim_home/install/dave_interfaces/share/dave_interfaces/hook/cmake_prefix_path.ps1'
[0.690s] INFO:colcon.colcon_core.shell:Creating environment descriptor '/home/namtruong/uuv_sim_home/install/dave_interfaces/share/dave_interfaces/hook/cmake_prefix_path.dsv'
[0.690s] INFO:colcon.colcon_core.shell:Creating environment hook '/home/namtruong/uuv_sim_home/install/dave_interfaces/share/dave_interfaces/hook/cmake_prefix_path.sh'
[0.691s] Level 1:colcon.colcon_core.environment:checking '/home/namtruong/uuv_sim_home/install/dave_interfaces/lib'
[0.691s] Level 1:colcon.colcon_core.shell:create_environment_hook('dave_interfaces', 'ld_library_path_lib')
[0.691s] INFO:colcon.colcon_core.shell:Creating environment hook '/home/namtruong/uuv_sim_home/install/dave_interfaces/share/dave_interfaces/hook/ld_library_path_lib.ps1'
[0.691s] INFO:colcon.colcon_core.shell:Creating environment descriptor '/home/namtruong/uuv_sim_home/install/dave_interfaces/share/dave_interfaces/hook/ld_library_path_lib.dsv'
[0.692s] INFO:colcon.colcon_core.shell:Creating environment hook '/home/namtruong/uuv_sim_home/install/dave_interfaces/share/dave_interfaces/hook/ld_library_path_lib.sh'
[0.692s] Level 1:colcon.colcon_core.environment:checking '/home/namtruong/uuv_sim_home/install/dave_interfaces/bin'
[0.692s] Level 1:colcon.colcon_core.environment:checking '/home/namtruong/uuv_sim_home/install/dave_interfaces/lib/pkgconfig/dave_interfaces.pc'
[0.692s] Level 1:colcon.colcon_core.environment:checking '/home/namtruong/uuv_sim_home/install/dave_interfaces/lib/python3.12/site-packages'
[0.692s] Level 1:colcon.colcon_core.shell:create_environment_hook('dave_interfaces', 'pythonpath')
[0.692s] INFO:colcon.colcon_core.shell:Creating environment hook '/home/namtruong/uuv_sim_home/install/dave_interfaces/share/dave_interfaces/hook/pythonpath.ps1'
[0.693s] INFO:colcon.colcon_core.shell:Creating environment descriptor '/home/namtruong/uuv_sim_home/install/dave_interfaces/share/dave_interfaces/hook/pythonpath.dsv'
[0.693s] INFO:colcon.colcon_core.shell:Creating environment hook '/home/namtruong/uuv_sim_home/install/dave_interfaces/share/dave_interfaces/hook/pythonpath.sh'
[0.693s] Level 1:colcon.colcon_core.environment:checking '/home/namtruong/uuv_sim_home/install/dave_interfaces/bin'
[0.694s] INFO:colcon.colcon_core.shell:Creating package script '/home/namtruong/uuv_sim_home/install/dave_interfaces/share/dave_interfaces/package.ps1'
[0.694s] INFO:colcon.colcon_core.shell:Creating package descriptor '/home/namtruong/uuv_sim_home/install/dave_interfaces/share/dave_interfaces/package.dsv'
[0.695s] INFO:colcon.colcon_core.shell:Creating package script '/home/namtruong/uuv_sim_home/install/dave_interfaces/share/dave_interfaces/package.sh'
[0.695s] INFO:colcon.colcon_core.shell:Creating package script '/home/namtruong/uuv_sim_home/install/dave_interfaces/share/dave_interfaces/package.bash'
[0.695s] INFO:colcon.colcon_core.shell:Creating package script '/home/namtruong/uuv_sim_home/install/dave_interfaces/share/dave_interfaces/package.zsh'
[0.695s] Level 1:colcon.colcon_core.environment:create_file_with_runtime_dependencies(/home/namtruong/uuv_sim_home/install/dave_interfaces/share/colcon-core/packages/dave_interfaces)
[0.696s] INFO:colcon.colcon_ros.task.ament_cmake.build:Building ROS package in '/home/namtruong/uuv_sim_home/src/dave_gz_world_plugins' with build type 'ament_cmake'
[0.696s] INFO:colcon.colcon_cmake.task.cmake.build:Building CMake package in '/home/namtruong/uuv_sim_home/src/dave_gz_world_plugins'
[0.696s] INFO:colcon.colcon_core.shell:Skip shell extension 'powershell' for command environment: Not usable outside of PowerShell
[0.696s] DEBUG:colcon.colcon_core.shell:Skip shell extension 'dsv' for command environment
[0.700s] INFO:colcon.colcon_ros.task.ament_cmake.build:Building ROS package in '/home/namtruong/uuv_sim_home/src/dave_gz_sensor_plugins' with build type 'ament_cmake'
[0.700s] INFO:colcon.colcon_cmake.task.cmake.build:Building CMake package in '/home/namtruong/uuv_sim_home/src/dave_gz_sensor_plugins'
[0.700s] INFO:colcon.colcon_core.shell:Skip shell extension 'powershell' for command environment: Not usable outside of PowerShell
[0.700s] DEBUG:colcon.colcon_core.shell:Skip shell extension 'dsv' for command environment
[0.703s] INFO:colcon.colcon_ros.task.ament_cmake.build:Building ROS package in '/home/namtruong/uuv_sim_home/src/multibeam_sonar' with build type 'ament_cmake'
[0.703s] INFO:colcon.colcon_cmake.task.cmake.build:Building CMake package in '/home/namtruong/uuv_sim_home/src/multibeam_sonar'
[0.703s] INFO:colcon.colcon_core.shell:Skip shell extension 'powershell' for command environment: Not usable outside of PowerShell
[0.703s] DEBUG:colcon.colcon_core.shell:Skip shell extension 'dsv' for command environment
[0.710s] DEBUG:colcon.colcon_core.event_handler.log_command:Invoking command in '/home/namtruong/uuv_sim_home/build/dave_gz_world_plugins': CMAKE_PREFIX_PATH=/home/namtruong/uuv_sim_home/install/dave_interfaces:/home/namtruong/uuv_sim_home/install/multibeam_sonar_system:/home/namtruong/uuv_sim_home/install/multibeam_sonar:/home/namtruong/uuv_sim_home/install/dave_worlds:/home/namtruong/uuv_sim_home/install/dave_gz_model_plugins:/home/namtruong/uuv_sim_home/install/dave_ros_gz_plugins:/home/namtruong/uuv_sim_home/install/dave_robot_models:/home/namtruong/uuv_sim_home/install/dave_object_models:/home/namtruong/uuv_sim_home/install/dave_multibeam_sonar_demo:/home/namtruong/uuv_sim_home/install/dave_gz_world_plugins:/home/namtruong/uuv_sim_home/install/dave_gz_sensor_plugins:/opt/ros/jazzy/opt/gz_sim_vendor:/opt/ros/jazzy/opt/gz_sensors_vendor:/opt/ros/jazzy/opt/gz_physics_vendor:/opt/ros/jazzy/opt/sdformat_vendor:/opt/ros/jazzy/opt/gz_gui_vendor:/opt/ros/jazzy/opt/gz_transport_vendor:/opt/ros/jazzy/opt/gz_rendering_vendor:/opt/ros/jazzy/opt/gz_plugin_vendor:/opt/ros/jazzy/opt/gz_fuel_tools_vendor:/opt/ros/jazzy/opt/gz_msgs_vendor:/opt/ros/jazzy/opt/gz_common_vendor:/opt/ros/jazzy/opt/gz_math_vendor:/opt/ros/jazzy/opt/gz_utils_vendor:/opt/ros/jazzy/opt/gz_tools_vendor:/opt/ros/jazzy/opt/gz_ogre_next_vendor:/opt/ros/jazzy/opt/gz_dartsim_vendor:/opt/ros/jazzy/opt/gz_cmake_vendor:/home/namtruong/uuv_sim_home/install/uuv_simu:/opt/ros/jazzy DEBUGINFOD_URLS=https://debuginfod.ubuntu.com LD_LIBRARY_PATH=/home/namtruong/uuv_sim_home/install/dave_interfaces/lib:/home/namtruong/uuv_sim_home/install/dave_ros_gz_plugins/lib:/home/namtruong/uuv_sim_home/install/dave_gz_world_plugins/lib:/opt/ros/jazzy/opt/gz_sim_vendor/lib:/opt/ros/jazzy/opt/gz_sensors_vendor/lib:/opt/ros/jazzy/opt/gz_physics_vendor/lib:/opt/ros/jazzy/opt/sdformat_vendor/lib:/opt/ros/jazzy/opt/rviz_ogre_vendor/lib:/opt/ros/jazzy/lib/x86_64-linux-gnu:/opt/ros/jazzy/opt/gz_gui_vendor/lib:/opt/ros/jazzy/opt/gz_transport_vendor/lib:/opt/ros/jazzy/opt/gz_rendering_vendor/lib:/opt/ros/jazzy/opt/gz_plugin_vendor/lib:/opt/ros/jazzy/opt/gz_fuel_tools_vendor/lib:/opt/ros/jazzy/opt/gz_msgs_vendor/lib:/opt/ros/jazzy/opt/gz_common_vendor/lib:/opt/ros/jazzy/opt/gz_math_vendor/lib:/opt/ros/jazzy/opt/gz_utils_vendor/lib:/opt/ros/jazzy/opt/gz_tools_vendor/lib:/opt/ros/jazzy/opt/gz_ogre_next_vendor/lib:/opt/ros/jazzy/opt/gz_dartsim_vendor/lib:/opt/ros/jazzy/opt/gz_cmake_vendor/lib:/opt/ros/jazzy/lib PYTHONPATH=/home/namtruong/uuv_sim_home/install/dave_interfaces/lib/python3.12/site-packages:/home/namtruong/uuv_sim_home/build/uuv_simu:/home/namtruong/uuv_sim_home/install/uuv_simu/lib/python3.12/site-packages:/opt/ros/jazzy/lib/python3.12/site-packages /usr/bin/cmake --build /home/namtruong/uuv_sim_home/build/dave_gz_world_plugins -- -j16 -l16
[0.712s] DEBUG:colcon.colcon_core.event_handler.log_command:Invoking command in '/home/namtruong/uuv_sim_home/build/dave_gz_sensor_plugins': CMAKE_PREFIX_PATH=/home/namtruong/uuv_sim_home/install/dave_interfaces:/home/namtruong/uuv_sim_home/install/multibeam_sonar_system:/home/namtruong/uuv_sim_home/install/multibeam_sonar:/home/namtruong/uuv_sim_home/install/dave_worlds:/home/namtruong/uuv_sim_home/install/dave_gz_model_plugins:/home/namtruong/uuv_sim_home/install/dave_ros_gz_plugins:/home/namtruong/uuv_sim_home/install/dave_robot_models:/home/namtruong/uuv_sim_home/install/dave_object_models:/home/namtruong/uuv_sim_home/install/dave_multibeam_sonar_demo:/home/namtruong/uuv_sim_home/install/dave_gz_world_plugins:/home/namtruong/uuv_sim_home/install/dave_gz_sensor_plugins:/opt/ros/jazzy/opt/gz_sim_vendor:/opt/ros/jazzy/opt/gz_sensors_vendor:/opt/ros/jazzy/opt/gz_physics_vendor:/opt/ros/jazzy/opt/sdformat_vendor:/opt/ros/jazzy/opt/gz_gui_vendor:/opt/ros/jazzy/opt/gz_transport_vendor:/opt/ros/jazzy/opt/gz_rendering_vendor:/opt/ros/jazzy/opt/gz_plugin_vendor:/opt/ros/jazzy/opt/gz_fuel_tools_vendor:/opt/ros/jazzy/opt/gz_msgs_vendor:/opt/ros/jazzy/opt/gz_common_vendor:/opt/ros/jazzy/opt/gz_math_vendor:/opt/ros/jazzy/opt/gz_utils_vendor:/opt/ros/jazzy/opt/gz_tools_vendor:/opt/ros/jazzy/opt/gz_ogre_next_vendor:/opt/ros/jazzy/opt/gz_dartsim_vendor:/opt/ros/jazzy/opt/gz_cmake_vendor:/home/namtruong/uuv_sim_home/install/uuv_simu:/opt/ros/jazzy DEBUGINFOD_URLS=https://debuginfod.ubuntu.com LD_LIBRARY_PATH=/home/namtruong/uuv_sim_home/install/dave_interfaces/lib:/home/namtruong/uuv_sim_home/install/dave_ros_gz_plugins/lib:/home/namtruong/uuv_sim_home/install/dave_gz_world_plugins/lib:/opt/ros/jazzy/opt/gz_sim_vendor/lib:/opt/ros/jazzy/opt/gz_sensors_vendor/lib:/opt/ros/jazzy/opt/gz_physics_vendor/lib:/opt/ros/jazzy/opt/sdformat_vendor/lib:/opt/ros/jazzy/opt/rviz_ogre_vendor/lib:/opt/ros/jazzy/lib/x86_64-linux-gnu:/opt/ros/jazzy/opt/gz_gui_vendor/lib:/opt/ros/jazzy/opt/gz_transport_vendor/lib:/opt/ros/jazzy/opt/gz_rendering_vendor/lib:/opt/ros/jazzy/opt/gz_plugin_vendor/lib:/opt/ros/jazzy/opt/gz_fuel_tools_vendor/lib:/opt/ros/jazzy/opt/gz_msgs_vendor/lib:/opt/ros/jazzy/opt/gz_common_vendor/lib:/opt/ros/jazzy/opt/gz_math_vendor/lib:/opt/ros/jazzy/opt/gz_utils_vendor/lib:/opt/ros/jazzy/opt/gz_tools_vendor/lib:/opt/ros/jazzy/opt/gz_ogre_next_vendor/lib:/opt/ros/jazzy/opt/gz_dartsim_vendor/lib:/opt/ros/jazzy/opt/gz_cmake_vendor/lib:/opt/ros/jazzy/lib PYTHONPATH=/home/namtruong/uuv_sim_home/install/dave_interfaces/lib/python3.12/site-packages:/home/namtruong/uuv_sim_home/build/uuv_simu:/home/namtruong/uuv_sim_home/install/uuv_simu/lib/python3.12/site-packages:/opt/ros/jazzy/lib/python3.12/site-packages /usr/bin/cmake --build /home/namtruong/uuv_sim_home/build/dave_gz_sensor_plugins -- -j16 -l16
[0.714s] DEBUG:colcon.colcon_core.event_handler.log_command:Invoking command in '/home/namtruong/uuv_sim_home/build/multibeam_sonar': CMAKE_PREFIX_PATH=/home/namtruong/uuv_sim_home/install/dave_interfaces:/home/namtruong/uuv_sim_home/install/multibeam_sonar_system:/home/namtruong/uuv_sim_home/install/multibeam_sonar:/home/namtruong/uuv_sim_home/install/dave_worlds:/home/namtruong/uuv_sim_home/install/dave_gz_model_plugins:/home/namtruong/uuv_sim_home/install/dave_ros_gz_plugins:/home/namtruong/uuv_sim_home/install/dave_robot_models:/home/namtruong/uuv_sim_home/install/dave_object_models:/home/namtruong/uuv_sim_home/install/dave_multibeam_sonar_demo:/home/namtruong/uuv_sim_home/install/dave_gz_world_plugins:/home/namtruong/uuv_sim_home/install/dave_gz_sensor_plugins:/opt/ros/jazzy/opt/gz_sim_vendor:/opt/ros/jazzy/opt/gz_sensors_vendor:/opt/ros/jazzy/opt/gz_physics_vendor:/opt/ros/jazzy/opt/sdformat_vendor:/opt/ros/jazzy/opt/gz_gui_vendor:/opt/ros/jazzy/opt/gz_transport_vendor:/opt/ros/jazzy/opt/gz_rendering_vendor:/opt/ros/jazzy/opt/gz_plugin_vendor:/opt/ros/jazzy/opt/gz_fuel_tools_vendor:/opt/ros/jazzy/opt/gz_msgs_vendor:/opt/ros/jazzy/opt/gz_common_vendor:/opt/ros/jazzy/opt/gz_math_vendor:/opt/ros/jazzy/opt/gz_utils_vendor:/opt/ros/jazzy/opt/gz_tools_vendor:/opt/ros/jazzy/opt/gz_ogre_next_vendor:/opt/ros/jazzy/opt/gz_dartsim_vendor:/opt/ros/jazzy/opt/gz_cmake_vendor:/home/namtruong/uuv_sim_home/install/uuv_simu:/opt/ros/jazzy DEBUGINFOD_URLS=https://debuginfod.ubuntu.com LD_LIBRARY_PATH=/home/namtruong/uuv_sim_home/install/dave_interfaces/lib:/home/namtruong/uuv_sim_home/install/dave_ros_gz_plugins/lib:/home/namtruong/uuv_sim_home/install/dave_gz_world_plugins/lib:/opt/ros/jazzy/opt/gz_sim_vendor/lib:/opt/ros/jazzy/opt/gz_sensors_vendor/lib:/opt/ros/jazzy/opt/gz_physics_vendor/lib:/opt/ros/jazzy/opt/sdformat_vendor/lib:/opt/ros/jazzy/opt/rviz_ogre_vendor/lib:/opt/ros/jazzy/lib/x86_64-linux-gnu:/opt/ros/jazzy/opt/gz_gui_vendor/lib:/opt/ros/jazzy/opt/gz_transport_vendor/lib:/opt/ros/jazzy/opt/gz_rendering_vendor/lib:/opt/ros/jazzy/opt/gz_plugin_vendor/lib:/opt/ros/jazzy/opt/gz_fuel_tools_vendor/lib:/opt/ros/jazzy/opt/gz_msgs_vendor/lib:/opt/ros/jazzy/opt/gz_common_vendor/lib:/opt/ros/jazzy/opt/gz_math_vendor/lib:/opt/ros/jazzy/opt/gz_utils_vendor/lib:/opt/ros/jazzy/opt/gz_tools_vendor/lib:/opt/ros/jazzy/opt/gz_ogre_next_vendor/lib:/opt/ros/jazzy/opt/gz_dartsim_vendor/lib:/opt/ros/jazzy/opt/gz_cmake_vendor/lib:/opt/ros/jazzy/lib PYTHONPATH=/home/namtruong/uuv_sim_home/install/dave_interfaces/lib/python3.12/site-packages:/home/namtruong/uuv_sim_home/build/uuv_simu:/home/namtruong/uuv_sim_home/install/uuv_simu/lib/python3.12/site-packages:/opt/ros/jazzy/lib/python3.12/site-packages /usr/bin/cmake --build /home/namtruong/uuv_sim_home/build/multibeam_sonar -- -j16 -l16
[0.788s] DEBUG:colcon.colcon_core.event_handler.log_command:Invoked command in '/home/namtruong/uuv_sim_home/build/dave_gz_sensor_plugins' returned '0': CMAKE_PREFIX_PATH=/home/namtruong/uuv_sim_home/install/dave_interfaces:/home/namtruong/uuv_sim_home/install/multibeam_sonar_system:/home/namtruong/uuv_sim_home/install/multibeam_sonar:/home/namtruong/uuv_sim_home/install/dave_worlds:/home/namtruong/uuv_sim_home/install/dave_gz_model_plugins:/home/namtruong/uuv_sim_home/install/dave_ros_gz_plugins:/home/namtruong/uuv_sim_home/install/dave_robot_models:/home/namtruong/uuv_sim_home/install/dave_object_models:/home/namtruong/uuv_sim_home/install/dave_multibeam_sonar_demo:/home/namtruong/uuv_sim_home/install/dave_gz_world_plugins:/home/namtruong/uuv_sim_home/install/dave_gz_sensor_plugins:/opt/ros/jazzy/opt/gz_sim_vendor:/opt/ros/jazzy/opt/gz_sensors_vendor:/opt/ros/jazzy/opt/gz_physics_vendor:/opt/ros/jazzy/opt/sdformat_vendor:/opt/ros/jazzy/opt/gz_gui_vendor:/opt/ros/jazzy/opt/gz_transport_vendor:/opt/ros/jazzy/opt/gz_rendering_vendor:/opt/ros/jazzy/opt/gz_plugin_vendor:/opt/ros/jazzy/opt/gz_fuel_tools_vendor:/opt/ros/jazzy/opt/gz_msgs_vendor:/opt/ros/jazzy/opt/gz_common_vendor:/opt/ros/jazzy/opt/gz_math_vendor:/opt/ros/jazzy/opt/gz_utils_vendor:/opt/ros/jazzy/opt/gz_tools_vendor:/opt/ros/jazzy/opt/gz_ogre_next_vendor:/opt/ros/jazzy/opt/gz_dartsim_vendor:/opt/ros/jazzy/opt/gz_cmake_vendor:/home/namtruong/uuv_sim_home/install/uuv_simu:/opt/ros/jazzy DEBUGINFOD_URLS=https://debuginfod.ubuntu.com LD_LIBRARY_PATH=/home/namtruong/uuv_sim_home/install/dave_interfaces/lib:/home/namtruong/uuv_sim_home/install/dave_ros_gz_plugins/lib:/home/namtruong/uuv_sim_home/install/dave_gz_world_plugins/lib:/opt/ros/jazzy/opt/gz_sim_vendor/lib:/opt/ros/jazzy/opt/gz_sensors_vendor/lib:/opt/ros/jazzy/opt/gz_physics_vendor/lib:/opt/ros/jazzy/opt/sdformat_vendor/lib:/opt/ros/jazzy/opt/rviz_ogre_vendor/lib:/opt/ros/jazzy/lib/x86_64-linux-gnu:/opt/ros/jazzy/opt/gz_gui_vendor/lib:/opt/ros/jazzy/opt/gz_transport_vendor/lib:/opt/ros/jazzy/opt/gz_rendering_vendor/lib:/opt/ros/jazzy/opt/gz_plugin_vendor/lib:/opt/ros/jazzy/opt/gz_fuel_tools_vendor/lib:/opt/ros/jazzy/opt/gz_msgs_vendor/lib:/opt/ros/jazzy/opt/gz_common_vendor/lib:/opt/ros/jazzy/opt/gz_math_vendor/lib:/opt/ros/jazzy/opt/gz_utils_vendor/lib:/opt/ros/jazzy/opt/gz_tools_vendor/lib:/opt/ros/jazzy/opt/gz_ogre_next_vendor/lib:/opt/ros/jazzy/opt/gz_dartsim_vendor/lib:/opt/ros/jazzy/opt/gz_cmake_vendor/lib:/opt/ros/jazzy/lib PYTHONPATH=/home/namtruong/uuv_sim_home/install/dave_interfaces/lib/python3.12/site-packages:/home/namtruong/uuv_sim_home/build/uuv_simu:/home/namtruong/uuv_sim_home/install/uuv_simu/lib/python3.12/site-packages:/opt/ros/jazzy/lib/python3.12/site-packages /usr/bin/cmake --build /home/namtruong/uuv_sim_home/build/dave_gz_sensor_plugins -- -j16 -l16
[0.789s] DEBUG:colcon.colcon_core.event_handler.log_command:Invoking command in '/home/namtruong/uuv_sim_home/build/dave_gz_sensor_plugins': CMAKE_PREFIX_PATH=/home/namtruong/uuv_sim_home/install/dave_interfaces:/home/namtruong/uuv_sim_home/install/multibeam_sonar_system:/home/namtruong/uuv_sim_home/install/multibeam_sonar:/home/namtruong/uuv_sim_home/install/dave_worlds:/home/namtruong/uuv_sim_home/install/dave_gz_model_plugins:/home/namtruong/uuv_sim_home/install/dave_ros_gz_plugins:/home/namtruong/uuv_sim_home/install/dave_robot_models:/home/namtruong/uuv_sim_home/install/dave_object_models:/home/namtruong/uuv_sim_home/install/dave_multibeam_sonar_demo:/home/namtruong/uuv_sim_home/install/dave_gz_world_plugins:/home/namtruong/uuv_sim_home/install/dave_gz_sensor_plugins:/opt/ros/jazzy/opt/gz_sim_vendor:/opt/ros/jazzy/opt/gz_sensors_vendor:/opt/ros/jazzy/opt/gz_physics_vendor:/opt/ros/jazzy/opt/sdformat_vendor:/opt/ros/jazzy/opt/gz_gui_vendor:/opt/ros/jazzy/opt/gz_transport_vendor:/opt/ros/jazzy/opt/gz_rendering_vendor:/opt/ros/jazzy/opt/gz_plugin_vendor:/opt/ros/jazzy/opt/gz_fuel_tools_vendor:/opt/ros/jazzy/opt/gz_msgs_vendor:/opt/ros/jazzy/opt/gz_common_vendor:/opt/ros/jazzy/opt/gz_math_vendor:/opt/ros/jazzy/opt/gz_utils_vendor:/opt/ros/jazzy/opt/gz_tools_vendor:/opt/ros/jazzy/opt/gz_ogre_next_vendor:/opt/ros/jazzy/opt/gz_dartsim_vendor:/opt/ros/jazzy/opt/gz_cmake_vendor:/home/namtruong/uuv_sim_home/install/uuv_simu:/opt/ros/jazzy DEBUGINFOD_URLS=https://debuginfod.ubuntu.com LD_LIBRARY_PATH=/home/namtruong/uuv_sim_home/install/dave_interfaces/lib:/home/namtruong/uuv_sim_home/install/dave_ros_gz_plugins/lib:/home/namtruong/uuv_sim_home/install/dave_gz_world_plugins/lib:/opt/ros/jazzy/opt/gz_sim_vendor/lib:/opt/ros/jazzy/opt/gz_sensors_vendor/lib:/opt/ros/jazzy/opt/gz_physics_vendor/lib:/opt/ros/jazzy/opt/sdformat_vendor/lib:/opt/ros/jazzy/opt/rviz_ogre_vendor/lib:/opt/ros/jazzy/lib/x86_64-linux-gnu:/opt/ros/jazzy/opt/gz_gui_vendor/lib:/opt/ros/jazzy/opt/gz_transport_vendor/lib:/opt/ros/jazzy/opt/gz_rendering_vendor/lib:/opt/ros/jazzy/opt/gz_plugin_vendor/lib:/opt/ros/jazzy/opt/gz_fuel_tools_vendor/lib:/opt/ros/jazzy/opt/gz_msgs_vendor/lib:/opt/ros/jazzy/opt/gz_common_vendor/lib:/opt/ros/jazzy/opt/gz_math_vendor/lib:/opt/ros/jazzy/opt/gz_utils_vendor/lib:/opt/ros/jazzy/opt/gz_tools_vendor/lib:/opt/ros/jazzy/opt/gz_ogre_next_vendor/lib:/opt/ros/jazzy/opt/gz_dartsim_vendor/lib:/opt/ros/jazzy/opt/gz_cmake_vendor/lib:/opt/ros/jazzy/lib PYTHONPATH=/home/namtruong/uuv_sim_home/install/dave_interfaces/lib/python3.12/site-packages:/home/namtruong/uuv_sim_home/build/uuv_simu:/home/namtruong/uuv_sim_home/install/uuv_simu/lib/python3.12/site-packages:/opt/ros/jazzy/lib/python3.12/site-packages /usr/bin/cmake --install /home/namtruong/uuv_sim_home/build/dave_gz_sensor_plugins
[0.807s] DEBUG:colcon.colcon_core.event_handler.log_command:Invoked command in '/home/namtruong/uuv_sim_home/build/multibeam_sonar' returned '0': CMAKE_PREFIX_PATH=/home/namtruong/uuv_sim_home/install/dave_interfaces:/home/namtruong/uuv_sim_home/install/multibeam_sonar_system:/home/namtruong/uuv_sim_home/install/multibeam_sonar:/home/namtruong/uuv_sim_home/install/dave_worlds:/home/namtruong/uuv_sim_home/install/dave_gz_model_plugins:/home/namtruong/uuv_sim_home/install/dave_ros_gz_plugins:/home/namtruong/uuv_sim_home/install/dave_robot_models:/home/namtruong/uuv_sim_home/install/dave_object_models:/home/namtruong/uuv_sim_home/install/dave_multibeam_sonar_demo:/home/namtruong/uuv_sim_home/install/dave_gz_world_plugins:/home/namtruong/uuv_sim_home/install/dave_gz_sensor_plugins:/opt/ros/jazzy/opt/gz_sim_vendor:/opt/ros/jazzy/opt/gz_sensors_vendor:/opt/ros/jazzy/opt/gz_physics_vendor:/opt/ros/jazzy/opt/sdformat_vendor:/opt/ros/jazzy/opt/gz_gui_vendor:/opt/ros/jazzy/opt/gz_transport_vendor:/opt/ros/jazzy/opt/gz_rendering_vendor:/opt/ros/jazzy/opt/gz_plugin_vendor:/opt/ros/jazzy/opt/gz_fuel_tools_vendor:/opt/ros/jazzy/opt/gz_msgs_vendor:/opt/ros/jazzy/opt/gz_common_vendor:/opt/ros/jazzy/opt/gz_math_vendor:/opt/ros/jazzy/opt/gz_utils_vendor:/opt/ros/jazzy/opt/gz_tools_vendor:/opt/ros/jazzy/opt/gz_ogre_next_vendor:/opt/ros/jazzy/opt/gz_dartsim_vendor:/opt/ros/jazzy/opt/gz_cmake_vendor:/home/namtruong/uuv_sim_home/install/uuv_simu:/opt/ros/jazzy DEBUGINFOD_URLS=https://debuginfod.ubuntu.com LD_LIBRARY_PATH=/home/namtruong/uuv_sim_home/install/dave_interfaces/lib:/home/namtruong/uuv_sim_home/install/dave_ros_gz_plugins/lib:/home/namtruong/uuv_sim_home/install/dave_gz_world_plugins/lib:/opt/ros/jazzy/opt/gz_sim_vendor/lib:/opt/ros/jazzy/opt/gz_sensors_vendor/lib:/opt/ros/jazzy/opt/gz_physics_vendor/lib:/opt/ros/jazzy/opt/sdformat_vendor/lib:/opt/ros/jazzy/opt/rviz_ogre_vendor/lib:/opt/ros/jazzy/lib/x86_64-linux-gnu:/opt/ros/jazzy/opt/gz_gui_vendor/lib:/opt/ros/jazzy/opt/gz_transport_vendor/lib:/opt/ros/jazzy/opt/gz_rendering_vendor/lib:/opt/ros/jazzy/opt/gz_plugin_vendor/lib:/opt/ros/jazzy/opt/gz_fuel_tools_vendor/lib:/opt/ros/jazzy/opt/gz_msgs_vendor/lib:/opt/ros/jazzy/opt/gz_common_vendor/lib:/opt/ros/jazzy/opt/gz_math_vendor/lib:/opt/ros/jazzy/opt/gz_utils_vendor/lib:/opt/ros/jazzy/opt/gz_tools_vendor/lib:/opt/ros/jazzy/opt/gz_ogre_next_vendor/lib:/opt/ros/jazzy/opt/gz_dartsim_vendor/lib:/opt/ros/jazzy/opt/gz_cmake_vendor/lib:/opt/ros/jazzy/lib PYTHONPATH=/home/namtruong/uuv_sim_home/install/dave_interfaces/lib/python3.12/site-packages:/home/namtruong/uuv_sim_home/build/uuv_simu:/home/namtruong/uuv_sim_home/install/uuv_simu/lib/python3.12/site-packages:/opt/ros/jazzy/lib/python3.12/site-packages /usr/bin/cmake --build /home/namtruong/uuv_sim_home/build/multibeam_sonar -- -j16 -l16
[0.808s] DEBUG:colcon.colcon_core.event_handler.log_command:Invoking command in '/home/namtruong/uuv_sim_home/build/multibeam_sonar': CMAKE_PREFIX_PATH=/home/namtruong/uuv_sim_home/install/dave_interfaces:/home/namtruong/uuv_sim_home/install/multibeam_sonar_system:/home/namtruong/uuv_sim_home/install/multibeam_sonar:/home/namtruong/uuv_sim_home/install/dave_worlds:/home/namtruong/uuv_sim_home/install/dave_gz_model_plugins:/home/namtruong/uuv_sim_home/install/dave_ros_gz_plugins:/home/namtruong/uuv_sim_home/install/dave_robot_models:/home/namtruong/uuv_sim_home/install/dave_object_models:/home/namtruong/uuv_sim_home/install/dave_multibeam_sonar_demo:/home/namtruong/uuv_sim_home/install/dave_gz_world_plugins:/home/namtruong/uuv_sim_home/install/dave_gz_sensor_plugins:/opt/ros/jazzy/opt/gz_sim_vendor:/opt/ros/jazzy/opt/gz_sensors_vendor:/opt/ros/jazzy/opt/gz_physics_vendor:/opt/ros/jazzy/opt/sdformat_vendor:/opt/ros/jazzy/opt/gz_gui_vendor:/opt/ros/jazzy/opt/gz_transport_vendor:/opt/ros/jazzy/opt/gz_rendering_vendor:/opt/ros/jazzy/opt/gz_plugin_vendor:/opt/ros/jazzy/opt/gz_fuel_tools_vendor:/opt/ros/jazzy/opt/gz_msgs_vendor:/opt/ros/jazzy/opt/gz_common_vendor:/opt/ros/jazzy/opt/gz_math_vendor:/opt/ros/jazzy/opt/gz_utils_vendor:/opt/ros/jazzy/opt/gz_tools_vendor:/opt/ros/jazzy/opt/gz_ogre_next_vendor:/opt/ros/jazzy/opt/gz_dartsim_vendor:/opt/ros/jazzy/opt/gz_cmake_vendor:/home/namtruong/uuv_sim_home/install/uuv_simu:/opt/ros/jazzy DEBUGINFOD_URLS=https://debuginfod.ubuntu.com LD_LIBRARY_PATH=/home/namtruong/uuv_sim_home/install/dave_interfaces/lib:/home/namtruong/uuv_sim_home/install/dave_ros_gz_plugins/lib:/home/namtruong/uuv_sim_home/install/dave_gz_world_plugins/lib:/opt/ros/jazzy/opt/gz_sim_vendor/lib:/opt/ros/jazzy/opt/gz_sensors_vendor/lib:/opt/ros/jazzy/opt/gz_physics_vendor/lib:/opt/ros/jazzy/opt/sdformat_vendor/lib:/opt/ros/jazzy/opt/rviz_ogre_vendor/lib:/opt/ros/jazzy/lib/x86_64-linux-gnu:/opt/ros/jazzy/opt/gz_gui_vendor/lib:/opt/ros/jazzy/opt/gz_transport_vendor/lib:/opt/ros/jazzy/opt/gz_rendering_vendor/lib:/opt/ros/jazzy/opt/gz_plugin_vendor/lib:/opt/ros/jazzy/opt/gz_fuel_tools_vendor/lib:/opt/ros/jazzy/opt/gz_msgs_vendor/lib:/opt/ros/jazzy/opt/gz_common_vendor/lib:/opt/ros/jazzy/opt/gz_math_vendor/lib:/opt/ros/jazzy/opt/gz_utils_vendor/lib:/opt/ros/jazzy/opt/gz_tools_vendor/lib:/opt/ros/jazzy/opt/gz_ogre_next_vendor/lib:/opt/ros/jazzy/opt/gz_dartsim_vendor/lib:/opt/ros/jazzy/opt/gz_cmake_vendor/lib:/opt/ros/jazzy/lib PYTHONPATH=/home/namtruong/uuv_sim_home/install/dave_interfaces/lib/python3.12/site-packages:/home/namtruong/uuv_sim_home/build/uuv_simu:/home/namtruong/uuv_sim_home/install/uuv_simu/lib/python3.12/site-packages:/opt/ros/jazzy/lib/python3.12/site-packages /usr/bin/cmake --install /home/namtruong/uuv_sim_home/build/multibeam_sonar
[0.813s] Level 1:colcon.colcon_core.environment:create_environment_scripts_only(dave_gz_sensor_plugins)
[0.814s] Level 1:colcon.colcon_core.environment:checking '/home/namtruong/uuv_sim_home/install/dave_gz_sensor_plugins' for CMake module files
[0.814s] DEBUG:colcon.colcon_core.event_handler.log_command:Invoked command in '/home/namtruong/uuv_sim_home/build/dave_gz_sensor_plugins' returned '0': CMAKE_PREFIX_PATH=/home/namtruong/uuv_sim_home/install/dave_interfaces:/home/namtruong/uuv_sim_home/install/multibeam_sonar_system:/home/namtruong/uuv_sim_home/install/multibeam_sonar:/home/namtruong/uuv_sim_home/install/dave_worlds:/home/namtruong/uuv_sim_home/install/dave_gz_model_plugins:/home/namtruong/uuv_sim_home/install/dave_ros_gz_plugins:/home/namtruong/uuv_sim_home/install/dave_robot_models:/home/namtruong/uuv_sim_home/install/dave_object_models:/home/namtruong/uuv_sim_home/install/dave_multibeam_sonar_demo:/home/namtruong/uuv_sim_home/install/dave_gz_world_plugins:/home/namtruong/uuv_sim_home/install/dave_gz_sensor_plugins:/opt/ros/jazzy/opt/gz_sim_vendor:/opt/ros/jazzy/opt/gz_sensors_vendor:/opt/ros/jazzy/opt/gz_physics_vendor:/opt/ros/jazzy/opt/sdformat_vendor:/opt/ros/jazzy/opt/gz_gui_vendor:/opt/ros/jazzy/opt/gz_transport_vendor:/opt/ros/jazzy/opt/gz_rendering_vendor:/opt/ros/jazzy/opt/gz_plugin_vendor:/opt/ros/jazzy/opt/gz_fuel_tools_vendor:/opt/ros/jazzy/opt/gz_msgs_vendor:/opt/ros/jazzy/opt/gz_common_vendor:/opt/ros/jazzy/opt/gz_math_vendor:/opt/ros/jazzy/opt/gz_utils_vendor:/opt/ros/jazzy/opt/gz_tools_vendor:/opt/ros/jazzy/opt/gz_ogre_next_vendor:/opt/ros/jazzy/opt/gz_dartsim_vendor:/opt/ros/jazzy/opt/gz_cmake_vendor:/home/namtruong/uuv_sim_home/install/uuv_simu:/opt/ros/jazzy DEBUGINFOD_URLS=https://debuginfod.ubuntu.com LD_LIBRARY_PATH=/home/namtruong/uuv_sim_home/install/dave_interfaces/lib:/home/namtruong/uuv_sim_home/install/dave_ros_gz_plugins/lib:/home/namtruong/uuv_sim_home/install/dave_gz_world_plugins/lib:/opt/ros/jazzy/opt/gz_sim_vendor/lib:/opt/ros/jazzy/opt/gz_sensors_vendor/lib:/opt/ros/jazzy/opt/gz_physics_vendor/lib:/opt/ros/jazzy/opt/sdformat_vendor/lib:/opt/ros/jazzy/opt/rviz_ogre_vendor/lib:/opt/ros/jazzy/lib/x86_64-linux-gnu:/opt/ros/jazzy/opt/gz_gui_vendor/lib:/opt/ros/jazzy/opt/gz_transport_vendor/lib:/opt/ros/jazzy/opt/gz_rendering_vendor/lib:/opt/ros/jazzy/opt/gz_plugin_vendor/lib:/opt/ros/jazzy/opt/gz_fuel_tools_vendor/lib:/opt/ros/jazzy/opt/gz_msgs_vendor/lib:/opt/ros/jazzy/opt/gz_common_vendor/lib:/opt/ros/jazzy/opt/gz_math_vendor/lib:/opt/ros/jazzy/opt/gz_utils_vendor/lib:/opt/ros/jazzy/opt/gz_tools_vendor/lib:/opt/ros/jazzy/opt/gz_ogre_next_vendor/lib:/opt/ros/jazzy/opt/gz_dartsim_vendor/lib:/opt/ros/jazzy/opt/gz_cmake_vendor/lib:/opt/ros/jazzy/lib PYTHONPATH=/home/namtruong/uuv_sim_home/install/dave_interfaces/lib/python3.12/site-packages:/home/namtruong/uuv_sim_home/build/uuv_simu:/home/namtruong/uuv_sim_home/install/uuv_simu/lib/python3.12/site-packages:/opt/ros/jazzy/lib/python3.12/site-packages /usr/bin/cmake --install /home/namtruong/uuv_sim_home/build/dave_gz_sensor_plugins
[0.814s] Level 1:colcon.colcon_core.environment:checking '/home/namtruong/uuv_sim_home/install/dave_gz_sensor_plugins' for CMake config files
[0.815s] Level 1:colcon.colcon_core.shell:create_environment_hook('dave_gz_sensor_plugins', 'cmake_prefix_path')
[0.815s] INFO:colcon.colcon_core.shell:Creating environment hook '/home/namtruong/uuv_sim_home/install/dave_gz_sensor_plugins/share/dave_gz_sensor_plugins/hook/cmake_prefix_path.ps1'
[0.815s] INFO:colcon.colcon_core.shell:Creating environment descriptor '/home/namtruong/uuv_sim_home/install/dave_gz_sensor_plugins/share/dave_gz_sensor_plugins/hook/cmake_prefix_path.dsv'
[0.816s] INFO:colcon.colcon_core.shell:Creating environment hook '/home/namtruong/uuv_sim_home/install/dave_gz_sensor_plugins/share/dave_gz_sensor_plugins/hook/cmake_prefix_path.sh'
[0.816s] Level 1:colcon.colcon_core.environment:checking '/home/namtruong/uuv_sim_home/install/dave_gz_sensor_plugins/lib'
[0.816s] Level 1:colcon.colcon_core.environment:checking '/home/namtruong/uuv_sim_home/install/dave_gz_sensor_plugins/bin'
[0.816s] Level 1:colcon.colcon_core.environment:checking '/home/namtruong/uuv_sim_home/install/dave_gz_sensor_plugins/lib/pkgconfig/dave_gz_sensor_plugins.pc'
[0.817s] Level 1:colcon.colcon_core.environment:checking '/home/namtruong/uuv_sim_home/install/dave_gz_sensor_plugins/lib/python3.12/site-packages'
[0.817s] Level 1:colcon.colcon_core.environment:checking '/home/namtruong/uuv_sim_home/install/dave_gz_sensor_plugins/bin'
[0.817s] INFO:colcon.colcon_core.shell:Creating package script '/home/namtruong/uuv_sim_home/install/dave_gz_sensor_plugins/share/dave_gz_sensor_plugins/package.ps1'
[0.818s] INFO:colcon.colcon_core.shell:Creating package descriptor '/home/namtruong/uuv_sim_home/install/dave_gz_sensor_plugins/share/dave_gz_sensor_plugins/package.dsv'
[0.819s] INFO:colcon.colcon_core.shell:Creating package script '/home/namtruong/uuv_sim_home/install/dave_gz_sensor_plugins/share/dave_gz_sensor_plugins/package.sh'
[0.819s] INFO:colcon.colcon_core.shell:Creating package script '/home/namtruong/uuv_sim_home/install/dave_gz_sensor_plugins/share/dave_gz_sensor_plugins/package.bash'
[0.820s] INFO:colcon.colcon_core.shell:Creating package script '/home/namtruong/uuv_sim_home/install/dave_gz_sensor_plugins/share/dave_gz_sensor_plugins/package.zsh'
[0.820s] Level 1:colcon.colcon_core.environment:create_file_with_runtime_dependencies(/home/namtruong/uuv_sim_home/install/dave_gz_sensor_plugins/share/colcon-core/packages/dave_gz_sensor_plugins)
[0.820s] Level 1:colcon.colcon_core.environment:create_environment_scripts_only(dave_gz_sensor_plugins)
[0.820s] Level 1:colcon.colcon_core.environment:checking '/home/namtruong/uuv_sim_home/install/dave_gz_sensor_plugins' for CMake module files
[0.821s] Level 1:colcon.colcon_core.environment:checking '/home/namtruong/uuv_sim_home/install/dave_gz_sensor_plugins' for CMake config files
[0.821s] Level 1:colcon.colcon_core.shell:create_environment_hook('dave_gz_sensor_plugins', 'cmake_prefix_path')
[0.821s] INFO:colcon.colcon_core.shell:Creating environment hook '/home/namtruong/uuv_sim_home/install/dave_gz_sensor_plugins/share/dave_gz_sensor_plugins/hook/cmake_prefix_path.ps1'
[0.822s] INFO:colcon.colcon_core.shell:Creating environment descriptor '/home/namtruong/uuv_sim_home/install/dave_gz_sensor_plugins/share/dave_gz_sensor_plugins/hook/cmake_prefix_path.dsv'
[0.822s] INFO:colcon.colcon_core.shell:Creating environment hook '/home/namtruong/uuv_sim_home/install/dave_gz_sensor_plugins/share/dave_gz_sensor_plugins/hook/cmake_prefix_path.sh'
[0.822s] Level 1:colcon.colcon_core.environment:checking '/home/namtruong/uuv_sim_home/install/dave_gz_sensor_plugins/lib'
[0.822s] Level 1:colcon.colcon_core.environment:checking '/home/namtruong/uuv_sim_home/install/dave_gz_sensor_plugins/bin'
[0.822s] Level 1:colcon.colcon_core.environment:checking '/home/namtruong/uuv_sim_home/install/dave_gz_sensor_plugins/lib/pkgconfig/dave_gz_sensor_plugins.pc'
[0.823s] Level 1:colcon.colcon_core.environment:checking '/home/namtruong/uuv_sim_home/install/dave_gz_sensor_plugins/lib/python3.12/site-packages'
[0.823s] Level 1:colcon.colcon_core.environment:checking '/home/namtruong/uuv_sim_home/install/dave_gz_sensor_plugins/bin'
[0.823s] INFO:colcon.colcon_core.shell:Creating package script '/home/namtruong/uuv_sim_home/install/dave_gz_sensor_plugins/share/dave_gz_sensor_plugins/package.ps1'
[0.823s] INFO:colcon.colcon_core.shell:Creating package descriptor '/home/namtruong/uuv_sim_home/install/dave_gz_sensor_plugins/share/dave_gz_sensor_plugins/package.dsv'
[0.824s] INFO:colcon.colcon_core.shell:Creating package script '/home/namtruong/uuv_sim_home/install/dave_gz_sensor_plugins/share/dave_gz_sensor_plugins/package.sh'
[0.824s] INFO:colcon.colcon_core.shell:Creating package script '/home/namtruong/uuv_sim_home/install/dave_gz_sensor_plugins/share/dave_gz_sensor_plugins/package.bash'
[0.824s] INFO:colcon.colcon_core.shell:Creating package script '/home/namtruong/uuv_sim_home/install/dave_gz_sensor_plugins/share/dave_gz_sensor_plugins/package.zsh'
[0.825s] Level 1:colcon.colcon_core.environment:create_file_with_runtime_dependencies(/home/namtruong/uuv_sim_home/install/dave_gz_sensor_plugins/share/colcon-core/packages/dave_gz_sensor_plugins)
[0.826s] DEBUG:colcon.colcon_core.event_handler.log_command:Invoked command in '/home/namtruong/uuv_sim_home/build/dave_gz_world_plugins' returned '0': CMAKE_PREFIX_PATH=/home/namtruong/uuv_sim_home/install/dave_interfaces:/home/namtruong/uuv_sim_home/install/multibeam_sonar_system:/home/namtruong/uuv_sim_home/install/multibeam_sonar:/home/namtruong/uuv_sim_home/install/dave_worlds:/home/namtruong/uuv_sim_home/install/dave_gz_model_plugins:/home/namtruong/uuv_sim_home/install/dave_ros_gz_plugins:/home/namtruong/uuv_sim_home/install/dave_robot_models:/home/namtruong/uuv_sim_home/install/dave_object_models:/home/namtruong/uuv_sim_home/install/dave_multibeam_sonar_demo:/home/namtruong/uuv_sim_home/install/dave_gz_world_plugins:/home/namtruong/uuv_sim_home/install/dave_gz_sensor_plugins:/opt/ros/jazzy/opt/gz_sim_vendor:/opt/ros/jazzy/opt/gz_sensors_vendor:/opt/ros/jazzy/opt/gz_physics_vendor:/opt/ros/jazzy/opt/sdformat_vendor:/opt/ros/jazzy/opt/gz_gui_vendor:/opt/ros/jazzy/opt/gz_transport_vendor:/opt/ros/jazzy/opt/gz_rendering_vendor:/opt/ros/jazzy/opt/gz_plugin_vendor:/opt/ros/jazzy/opt/gz_fuel_tools_vendor:/opt/ros/jazzy/opt/gz_msgs_vendor:/opt/ros/jazzy/opt/gz_common_vendor:/opt/ros/jazzy/opt/gz_math_vendor:/opt/ros/jazzy/opt/gz_utils_vendor:/opt/ros/jazzy/opt/gz_tools_vendor:/opt/ros/jazzy/opt/gz_ogre_next_vendor:/opt/ros/jazzy/opt/gz_dartsim_vendor:/opt/ros/jazzy/opt/gz_cmake_vendor:/home/namtruong/uuv_sim_home/install/uuv_simu:/opt/ros/jazzy DEBUGINFOD_URLS=https://debuginfod.ubuntu.com LD_LIBRARY_PATH=/home/namtruong/uuv_sim_home/install/dave_interfaces/lib:/home/namtruong/uuv_sim_home/install/dave_ros_gz_plugins/lib:/home/namtruong/uuv_sim_home/install/dave_gz_world_plugins/lib:/opt/ros/jazzy/opt/gz_sim_vendor/lib:/opt/ros/jazzy/opt/gz_sensors_vendor/lib:/opt/ros/jazzy/opt/gz_physics_vendor/lib:/opt/ros/jazzy/opt/sdformat_vendor/lib:/opt/ros/jazzy/opt/rviz_ogre_vendor/lib:/opt/ros/jazzy/lib/x86_64-linux-gnu:/opt/ros/jazzy/opt/gz_gui_vendor/lib:/opt/ros/jazzy/opt/gz_transport_vendor/lib:/opt/ros/jazzy/opt/gz_rendering_vendor/lib:/opt/ros/jazzy/opt/gz_plugin_vendor/lib:/opt/ros/jazzy/opt/gz_fuel_tools_vendor/lib:/opt/ros/jazzy/opt/gz_msgs_vendor/lib:/opt/ros/jazzy/opt/gz_common_vendor/lib:/opt/ros/jazzy/opt/gz_math_vendor/lib:/opt/ros/jazzy/opt/gz_utils_vendor/lib:/opt/ros/jazzy/opt/gz_tools_vendor/lib:/opt/ros/jazzy/opt/gz_ogre_next_vendor/lib:/opt/ros/jazzy/opt/gz_dartsim_vendor/lib:/opt/ros/jazzy/opt/gz_cmake_vendor/lib:/opt/ros/jazzy/lib PYTHONPATH=/home/namtruong/uuv_sim_home/install/dave_interfaces/lib/python3.12/site-packages:/home/namtruong/uuv_sim_home/build/uuv_simu:/home/namtruong/uuv_sim_home/install/uuv_simu/lib/python3.12/site-packages:/opt/ros/jazzy/lib/python3.12/site-packages /usr/bin/cmake --build /home/namtruong/uuv_sim_home/build/dave_gz_world_plugins -- -j16 -l16
[0.827s] DEBUG:colcon.colcon_core.event_handler.log_command:Invoking command in '/home/namtruong/uuv_sim_home/build/dave_gz_world_plugins': CMAKE_PREFIX_PATH=/home/namtruong/uuv_sim_home/install/dave_interfaces:/home/namtruong/uuv_sim_home/install/multibeam_sonar_system:/home/namtruong/uuv_sim_home/install/multibeam_sonar:/home/namtruong/uuv_sim_home/install/dave_worlds:/home/namtruong/uuv_sim_home/install/dave_gz_model_plugins:/home/namtruong/uuv_sim_home/install/dave_ros_gz_plugins:/home/namtruong/uuv_sim_home/install/dave_robot_models:/home/namtruong/uuv_sim_home/install/dave_object_models:/home/namtruong/uuv_sim_home/install/dave_multibeam_sonar_demo:/home/namtruong/uuv_sim_home/install/dave_gz_world_plugins:/home/namtruong/uuv_sim_home/install/dave_gz_sensor_plugins:/opt/ros/jazzy/opt/gz_sim_vendor:/opt/ros/jazzy/opt/gz_sensors_vendor:/opt/ros/jazzy/opt/gz_physics_vendor:/opt/ros/jazzy/opt/sdformat_vendor:/opt/ros/jazzy/opt/gz_gui_vendor:/opt/ros/jazzy/opt/gz_transport_vendor:/opt/ros/jazzy/opt/gz_rendering_vendor:/opt/ros/jazzy/opt/gz_plugin_vendor:/opt/ros/jazzy/opt/gz_fuel_tools_vendor:/opt/ros/jazzy/opt/gz_msgs_vendor:/opt/ros/jazzy/opt/gz_common_vendor:/opt/ros/jazzy/opt/gz_math_vendor:/opt/ros/jazzy/opt/gz_utils_vendor:/opt/ros/jazzy/opt/gz_tools_vendor:/opt/ros/jazzy/opt/gz_ogre_next_vendor:/opt/ros/jazzy/opt/gz_dartsim_vendor:/opt/ros/jazzy/opt/gz_cmake_vendor:/home/namtruong/uuv_sim_home/install/uuv_simu:/opt/ros/jazzy DEBUGINFOD_URLS=https://debuginfod.ubuntu.com LD_LIBRARY_PATH=/home/namtruong/uuv_sim_home/install/dave_interfaces/lib:/home/namtruong/uuv_sim_home/install/dave_ros_gz_plugins/lib:/home/namtruong/uuv_sim_home/install/dave_gz_world_plugins/lib:/opt/ros/jazzy/opt/gz_sim_vendor/lib:/opt/ros/jazzy/opt/gz_sensors_vendor/lib:/opt/ros/jazzy/opt/gz_physics_vendor/lib:/opt/ros/jazzy/opt/sdformat_vendor/lib:/opt/ros/jazzy/opt/rviz_ogre_vendor/lib:/opt/ros/jazzy/lib/x86_64-linux-gnu:/opt/ros/jazzy/opt/gz_gui_vendor/lib:/opt/ros/jazzy/opt/gz_transport_vendor/lib:/opt/ros/jazzy/opt/gz_rendering_vendor/lib:/opt/ros/jazzy/opt/gz_plugin_vendor/lib:/opt/ros/jazzy/opt/gz_fuel_tools_vendor/lib:/opt/ros/jazzy/opt/gz_msgs_vendor/lib:/opt/ros/jazzy/opt/gz_common_vendor/lib:/opt/ros/jazzy/opt/gz_math_vendor/lib:/opt/ros/jazzy/opt/gz_utils_vendor/lib:/opt/ros/jazzy/opt/gz_tools_vendor/lib:/opt/ros/jazzy/opt/gz_ogre_next_vendor/lib:/opt/ros/jazzy/opt/gz_dartsim_vendor/lib:/opt/ros/jazzy/opt/gz_cmake_vendor/lib:/opt/ros/jazzy/lib PYTHONPATH=/home/namtruong/uuv_sim_home/install/dave_interfaces/lib/python3.12/site-packages:/home/namtruong/uuv_sim_home/build/uuv_simu:/home/namtruong/uuv_sim_home/install/uuv_simu/lib/python3.12/site-packages:/opt/ros/jazzy/lib/python3.12/site-packages /usr/bin/cmake --install /home/namtruong/uuv_sim_home/build/dave_gz_world_plugins
[0.829s] Level 1:colcon.colcon_core.environment:create_environment_scripts_only(multibeam_sonar)
[0.829s] Level 1:colcon.colcon_core.environment:checking '/home/namtruong/uuv_sim_home/install/multibeam_sonar' for CMake module files
[0.830s] DEBUG:colcon.colcon_core.event_handler.log_command:Invoked command in '/home/namtruong/uuv_sim_home/build/multibeam_sonar' returned '0': CMAKE_PREFIX_PATH=/home/namtruong/uuv_sim_home/install/dave_interfaces:/home/namtruong/uuv_sim_home/install/multibeam_sonar_system:/home/namtruong/uuv_sim_home/install/multibeam_sonar:/home/namtruong/uuv_sim_home/install/dave_worlds:/home/namtruong/uuv_sim_home/install/dave_gz_model_plugins:/home/namtruong/uuv_sim_home/install/dave_ros_gz_plugins:/home/namtruong/uuv_sim_home/install/dave_robot_models:/home/namtruong/uuv_sim_home/install/dave_object_models:/home/namtruong/uuv_sim_home/install/dave_multibeam_sonar_demo:/home/namtruong/uuv_sim_home/install/dave_gz_world_plugins:/home/namtruong/uuv_sim_home/install/dave_gz_sensor_plugins:/opt/ros/jazzy/opt/gz_sim_vendor:/opt/ros/jazzy/opt/gz_sensors_vendor:/opt/ros/jazzy/opt/gz_physics_vendor:/opt/ros/jazzy/opt/sdformat_vendor:/opt/ros/jazzy/opt/gz_gui_vendor:/opt/ros/jazzy/opt/gz_transport_vendor:/opt/ros/jazzy/opt/gz_rendering_vendor:/opt/ros/jazzy/opt/gz_plugin_vendor:/opt/ros/jazzy/opt/gz_fuel_tools_vendor:/opt/ros/jazzy/opt/gz_msgs_vendor:/opt/ros/jazzy/opt/gz_common_vendor:/opt/ros/jazzy/opt/gz_math_vendor:/opt/ros/jazzy/opt/gz_utils_vendor:/opt/ros/jazzy/opt/gz_tools_vendor:/opt/ros/jazzy/opt/gz_ogre_next_vendor:/opt/ros/jazzy/opt/gz_dartsim_vendor:/opt/ros/jazzy/opt/gz_cmake_vendor:/home/namtruong/uuv_sim_home/install/uuv_simu:/opt/ros/jazzy DEBUGINFOD_URLS=https://debuginfod.ubuntu.com LD_LIBRARY_PATH=/home/namtruong/uuv_sim_home/install/dave_interfaces/lib:/home/namtruong/uuv_sim_home/install/dave_ros_gz_plugins/lib:/home/namtruong/uuv_sim_home/install/dave_gz_world_plugins/lib:/opt/ros/jazzy/opt/gz_sim_vendor/lib:/opt/ros/jazzy/opt/gz_sensors_vendor/lib:/opt/ros/jazzy/opt/gz_physics_vendor/lib:/opt/ros/jazzy/opt/sdformat_vendor/lib:/opt/ros/jazzy/opt/rviz_ogre_vendor/lib:/opt/ros/jazzy/lib/x86_64-linux-gnu:/opt/ros/jazzy/opt/gz_gui_vendor/lib:/opt/ros/jazzy/opt/gz_transport_vendor/lib:/opt/ros/jazzy/opt/gz_rendering_vendor/lib:/opt/ros/jazzy/opt/gz_plugin_vendor/lib:/opt/ros/jazzy/opt/gz_fuel_tools_vendor/lib:/opt/ros/jazzy/opt/gz_msgs_vendor/lib:/opt/ros/jazzy/opt/gz_common_vendor/lib:/opt/ros/jazzy/opt/gz_math_vendor/lib:/opt/ros/jazzy/opt/gz_utils_vendor/lib:/opt/ros/jazzy/opt/gz_tools_vendor/lib:/opt/ros/jazzy/opt/gz_ogre_next_vendor/lib:/opt/ros/jazzy/opt/gz_dartsim_vendor/lib:/opt/ros/jazzy/opt/gz_cmake_vendor/lib:/opt/ros/jazzy/lib PYTHONPATH=/home/namtruong/uuv_sim_home/install/dave_interfaces/lib/python3.12/site-packages:/home/namtruong/uuv_sim_home/build/uuv_simu:/home/namtruong/uuv_sim_home/install/uuv_simu/lib/python3.12/site-packages:/opt/ros/jazzy/lib/python3.12/site-packages /usr/bin/cmake --install /home/namtruong/uuv_sim_home/build/multibeam_sonar
[0.830s] Level 1:colcon.colcon_core.environment:checking '/home/namtruong/uuv_sim_home/install/multibeam_sonar' for CMake config files
[0.831s] Level 1:colcon.colcon_core.shell:create_environment_hook('multibeam_sonar', 'cmake_prefix_path')
[0.831s] INFO:colcon.colcon_core.shell:Creating environment hook '/home/namtruong/uuv_sim_home/install/multibeam_sonar/share/multibeam_sonar/hook/cmake_prefix_path.ps1'
[0.831s] INFO:colcon.colcon_core.shell:Creating environment descriptor '/home/namtruong/uuv_sim_home/install/multibeam_sonar/share/multibeam_sonar/hook/cmake_prefix_path.dsv'
[0.832s] INFO:colcon.colcon_core.shell:Creating environment hook '/home/namtruong/uuv_sim_home/install/multibeam_sonar/share/multibeam_sonar/hook/cmake_prefix_path.sh'
[0.832s] Level 1:colcon.colcon_core.environment:checking '/home/namtruong/uuv_sim_home/install/multibeam_sonar/lib'
[0.832s] Level 1:colcon.colcon_core.environment:checking '/home/namtruong/uuv_sim_home/install/multibeam_sonar/bin'
[0.832s] Level 1:colcon.colcon_core.environment:checking '/home/namtruong/uuv_sim_home/install/multibeam_sonar/lib/pkgconfig/multibeam_sonar.pc'
[0.833s] Level 1:colcon.colcon_core.environment:checking '/home/namtruong/uuv_sim_home/install/multibeam_sonar/lib/python3.12/site-packages'
[0.833s] Level 1:colcon.colcon_core.environment:checking '/home/namtruong/uuv_sim_home/install/multibeam_sonar/bin'
[0.833s] INFO:colcon.colcon_core.shell:Creating package script '/home/namtruong/uuv_sim_home/install/multibeam_sonar/share/multibeam_sonar/package.ps1'
[0.834s] INFO:colcon.colcon_core.shell:Creating package descriptor '/home/namtruong/uuv_sim_home/install/multibeam_sonar/share/multibeam_sonar/package.dsv'
[0.834s] INFO:colcon.colcon_core.shell:Creating package script '/home/namtruong/uuv_sim_home/install/multibeam_sonar/share/multibeam_sonar/package.sh'
[0.834s] INFO:colcon.colcon_core.shell:Creating package script '/home/namtruong/uuv_sim_home/install/multibeam_sonar/share/multibeam_sonar/package.bash'
[0.835s] INFO:colcon.colcon_core.shell:Creating package script '/home/namtruong/uuv_sim_home/install/multibeam_sonar/share/multibeam_sonar/package.zsh'
[0.835s] Level 1:colcon.colcon_core.environment:create_file_with_runtime_dependencies(/home/namtruong/uuv_sim_home/install/multibeam_sonar/share/colcon-core/packages/multibeam_sonar)
[0.836s] Level 1:colcon.colcon_core.environment:create_environment_scripts_only(multibeam_sonar)
[0.836s] Level 1:colcon.colcon_core.environment:checking '/home/namtruong/uuv_sim_home/install/multibeam_sonar' for CMake module files
[0.836s] Level 1:colcon.colcon_core.environment:checking '/home/namtruong/uuv_sim_home/install/multibeam_sonar' for CMake config files
[0.837s] Level 1:colcon.colcon_core.shell:create_environment_hook('multibeam_sonar', 'cmake_prefix_path')
[0.837s] INFO:colcon.colcon_core.shell:Creating environment hook '/home/namtruong/uuv_sim_home/install/multibeam_sonar/share/multibeam_sonar/hook/cmake_prefix_path.ps1'
[0.837s] INFO:colcon.colcon_core.shell:Creating environment descriptor '/home/namtruong/uuv_sim_home/install/multibeam_sonar/share/multibeam_sonar/hook/cmake_prefix_path.dsv'
[0.837s] INFO:colcon.colcon_core.shell:Creating environment hook '/home/namtruong/uuv_sim_home/install/multibeam_sonar/share/multibeam_sonar/hook/cmake_prefix_path.sh'
[0.838s] Level 1:colcon.colcon_core.environment:checking '/home/namtruong/uuv_sim_home/install/multibeam_sonar/lib'
[0.838s] Level 1:colcon.colcon_core.environment:checking '/home/namtruong/uuv_sim_home/install/multibeam_sonar/bin'
[0.838s] Level 1:colcon.colcon_core.environment:checking '/home/namtruong/uuv_sim_home/install/multibeam_sonar/lib/pkgconfig/multibeam_sonar.pc'
[0.839s] Level 1:colcon.colcon_core.environment:checking '/home/namtruong/uuv_sim_home/install/multibeam_sonar/lib/python3.12/site-packages'
[0.839s] Level 1:colcon.colcon_core.environment:checking '/home/namtruong/uuv_sim_home/install/multibeam_sonar/bin'
[0.839s] INFO:colcon.colcon_core.shell:Creating package script '/home/namtruong/uuv_sim_home/install/multibeam_sonar/share/multibeam_sonar/package.ps1'
[0.840s] INFO:colcon.colcon_core.shell:Creating package descriptor '/home/namtruong/uuv_sim_home/install/multibeam_sonar/share/multibeam_sonar/package.dsv'
[0.842s] INFO:colcon.colcon_core.shell:Creating package script '/home/namtruong/uuv_sim_home/install/multibeam_sonar/share/multibeam_sonar/package.sh'
[0.842s] INFO:colcon.colcon_core.shell:Creating package script '/home/namtruong/uuv_sim_home/install/multibeam_sonar/share/multibeam_sonar/package.bash'
[0.843s] INFO:colcon.colcon_core.shell:Creating package script '/home/namtruong/uuv_sim_home/install/multibeam_sonar/share/multibeam_sonar/package.zsh'
[0.843s] Level 1:colcon.colcon_core.environment:create_file_with_runtime_dependencies(/home/namtruong/uuv_sim_home/install/multibeam_sonar/share/colcon-core/packages/multibeam_sonar)
[0.857s] Level 1:colcon.colcon_core.environment:create_environment_scripts_only(dave_gz_world_plugins)
[0.857s] Level 1:colcon.colcon_core.environment:checking '/home/namtruong/uuv_sim_home/install/dave_gz_world_plugins' for CMake module files
[0.858s] DEBUG:colcon.colcon_core.event_handler.log_command:Invoked command in '/home/namtruong/uuv_sim_home/build/dave_gz_world_plugins' returned '0': CMAKE_PREFIX_PATH=/home/namtruong/uuv_sim_home/install/dave_interfaces:/home/namtruong/uuv_sim_home/install/multibeam_sonar_system:/home/namtruong/uuv_sim_home/install/multibeam_sonar:/home/namtruong/uuv_sim_home/install/dave_worlds:/home/namtruong/uuv_sim_home/install/dave_gz_model_plugins:/home/namtruong/uuv_sim_home/install/dave_ros_gz_plugins:/home/namtruong/uuv_sim_home/install/dave_robot_models:/home/namtruong/uuv_sim_home/install/dave_object_models:/home/namtruong/uuv_sim_home/install/dave_multibeam_sonar_demo:/home/namtruong/uuv_sim_home/install/dave_gz_world_plugins:/home/namtruong/uuv_sim_home/install/dave_gz_sensor_plugins:/opt/ros/jazzy/opt/gz_sim_vendor:/opt/ros/jazzy/opt/gz_sensors_vendor:/opt/ros/jazzy/opt/gz_physics_vendor:/opt/ros/jazzy/opt/sdformat_vendor:/opt/ros/jazzy/opt/gz_gui_vendor:/opt/ros/jazzy/opt/gz_transport_vendor:/opt/ros/jazzy/opt/gz_rendering_vendor:/opt/ros/jazzy/opt/gz_plugin_vendor:/opt/ros/jazzy/opt/gz_fuel_tools_vendor:/opt/ros/jazzy/opt/gz_msgs_vendor:/opt/ros/jazzy/opt/gz_common_vendor:/opt/ros/jazzy/opt/gz_math_vendor:/opt/ros/jazzy/opt/gz_utils_vendor:/opt/ros/jazzy/opt/gz_tools_vendor:/opt/ros/jazzy/opt/gz_ogre_next_vendor:/opt/ros/jazzy/opt/gz_dartsim_vendor:/opt/ros/jazzy/opt/gz_cmake_vendor:/home/namtruong/uuv_sim_home/install/uuv_simu:/opt/ros/jazzy DEBUGINFOD_URLS=https://debuginfod.ubuntu.com LD_LIBRARY_PATH=/home/namtruong/uuv_sim_home/install/dave_interfaces/lib:/home/namtruong/uuv_sim_home/install/dave_ros_gz_plugins/lib:/home/namtruong/uuv_sim_home/install/dave_gz_world_plugins/lib:/opt/ros/jazzy/opt/gz_sim_vendor/lib:/opt/ros/jazzy/opt/gz_sensors_vendor/lib:/opt/ros/jazzy/opt/gz_physics_vendor/lib:/opt/ros/jazzy/opt/sdformat_vendor/lib:/opt/ros/jazzy/opt/rviz_ogre_vendor/lib:/opt/ros/jazzy/lib/x86_64-linux-gnu:/opt/ros/jazzy/opt/gz_gui_vendor/lib:/opt/ros/jazzy/opt/gz_transport_vendor/lib:/opt/ros/jazzy/opt/gz_rendering_vendor/lib:/opt/ros/jazzy/opt/gz_plugin_vendor/lib:/opt/ros/jazzy/opt/gz_fuel_tools_vendor/lib:/opt/ros/jazzy/opt/gz_msgs_vendor/lib:/opt/ros/jazzy/opt/gz_common_vendor/lib:/opt/ros/jazzy/opt/gz_math_vendor/lib:/opt/ros/jazzy/opt/gz_utils_vendor/lib:/opt/ros/jazzy/opt/gz_tools_vendor/lib:/opt/ros/jazzy/opt/gz_ogre_next_vendor/lib:/opt/ros/jazzy/opt/gz_dartsim_vendor/lib:/opt/ros/jazzy/opt/gz_cmake_vendor/lib:/opt/ros/jazzy/lib PYTHONPATH=/home/namtruong/uuv_sim_home/install/dave_interfaces/lib/python3.12/site-packages:/home/namtruong/uuv_sim_home/build/uuv_simu:/home/namtruong/uuv_sim_home/install/uuv_simu/lib/python3.12/site-packages:/opt/ros/jazzy/lib/python3.12/site-packages /usr/bin/cmake --install /home/namtruong/uuv_sim_home/build/dave_gz_world_plugins
[0.858s] Level 1:colcon.colcon_core.environment:checking '/home/namtruong/uuv_sim_home/install/dave_gz_world_plugins' for CMake config files
[0.859s] Level 1:colcon.colcon_core.shell:create_environment_hook('dave_gz_world_plugins', 'cmake_prefix_path')
[0.859s] INFO:colcon.colcon_core.shell:Creating environment hook '/home/namtruong/uuv_sim_home/install/dave_gz_world_plugins/share/dave_gz_world_plugins/hook/cmake_prefix_path.ps1'
[0.859s] INFO:colcon.colcon_core.shell:Creating environment descriptor '/home/namtruong/uuv_sim_home/install/dave_gz_world_plugins/share/dave_gz_world_plugins/hook/cmake_prefix_path.dsv'
[0.860s] INFO:colcon.colcon_core.shell:Creating environment hook '/home/namtruong/uuv_sim_home/install/dave_gz_world_plugins/share/dave_gz_world_plugins/hook/cmake_prefix_path.sh'
[0.860s] Level 1:colcon.colcon_core.environment:checking '/home/namtruong/uuv_sim_home/install/dave_gz_world_plugins/lib'
[0.860s] Level 1:colcon.colcon_core.shell:create_environment_hook('dave_gz_world_plugins', 'ld_library_path_lib')
[0.860s] INFO:colcon.colcon_core.shell:Creating environment hook '/home/namtruong/uuv_sim_home/install/dave_gz_world_plugins/share/dave_gz_world_plugins/hook/ld_library_path_lib.ps1'
[0.861s] INFO:colcon.colcon_core.shell:Creating environment descriptor '/home/namtruong/uuv_sim_home/install/dave_gz_world_plugins/share/dave_gz_world_plugins/hook/ld_library_path_lib.dsv'
[0.861s] INFO:colcon.colcon_core.shell:Creating environment hook '/home/namtruong/uuv_sim_home/install/dave_gz_world_plugins/share/dave_gz_world_plugins/hook/ld_library_path_lib.sh'
[0.861s] Level 1:colcon.colcon_core.environment:checking '/home/namtruong/uuv_sim_home/install/dave_gz_world_plugins/bin'
[0.861s] Level 1:colcon.colcon_core.environment:checking '/home/namtruong/uuv_sim_home/install/dave_gz_world_plugins/lib/pkgconfig/dave_gz_world_plugins.pc'
[0.861s] Level 1:colcon.colcon_core.environment:checking '/home/namtruong/uuv_sim_home/install/dave_gz_world_plugins/lib/python3.12/site-packages'
[0.862s] Level 1:colcon.colcon_core.environment:checking '/home/namtruong/uuv_sim_home/install/dave_gz_world_plugins/bin'
[0.862s] INFO:colcon.colcon_core.shell:Creating package script '/home/namtruong/uuv_sim_home/install/dave_gz_world_plugins/share/dave_gz_world_plugins/package.ps1'
[0.862s] INFO:colcon.colcon_core.shell:Creating package descriptor '/home/namtruong/uuv_sim_home/install/dave_gz_world_plugins/share/dave_gz_world_plugins/package.dsv'
[0.862s] INFO:colcon.colcon_core.shell:Creating package script '/home/namtruong/uuv_sim_home/install/dave_gz_world_plugins/share/dave_gz_world_plugins/package.sh'
[0.863s] INFO:colcon.colcon_core.shell:Creating package script '/home/namtruong/uuv_sim_home/install/dave_gz_world_plugins/share/dave_gz_world_plugins/package.bash'
[0.863s] INFO:colcon.colcon_core.shell:Creating package script '/home/namtruong/uuv_sim_home/install/dave_gz_world_plugins/share/dave_gz_world_plugins/package.zsh'
[0.863s] Level 1:colcon.colcon_core.environment:create_file_with_runtime_dependencies(/home/namtruong/uuv_sim_home/install/dave_gz_world_plugins/share/colcon-core/packages/dave_gz_world_plugins)
[0.864s] Level 1:colcon.colcon_core.environment:create_environment_scripts_only(dave_gz_world_plugins)
[0.864s] Level 1:colcon.colcon_core.environment:checking '/home/namtruong/uuv_sim_home/install/dave_gz_world_plugins' for CMake module files
[0.864s] Level 1:colcon.colcon_core.environment:checking '/home/namtruong/uuv_sim_home/install/dave_gz_world_plugins' for CMake config files
[0.864s] Level 1:colcon.colcon_core.shell:create_environment_hook('dave_gz_world_plugins', 'cmake_prefix_path')
[0.864s] INFO:colcon.colcon_core.shell:Creating environment hook '/home/namtruong/uuv_sim_home/install/dave_gz_world_plugins/share/dave_gz_world_plugins/hook/cmake_prefix_path.ps1'
[0.865s] INFO:colcon.colcon_core.shell:Creating environment descriptor '/home/namtruong/uuv_sim_home/install/dave_gz_world_plugins/share/dave_gz_world_plugins/hook/cmake_prefix_path.dsv'
[0.865s] INFO:colcon.colcon_core.shell:Creating environment hook '/home/namtruong/uuv_sim_home/install/dave_gz_world_plugins/share/dave_gz_world_plugins/hook/cmake_prefix_path.sh'
[0.865s] Level 1:colcon.colcon_core.environment:checking '/home/namtruong/uuv_sim_home/install/dave_gz_world_plugins/lib'
[0.865s] Level 1:colcon.colcon_core.shell:create_environment_hook('dave_gz_world_plugins', 'ld_library_path_lib')
[0.866s] INFO:colcon.colcon_core.shell:Creating environment hook '/home/namtruong/uuv_sim_home/install/dave_gz_world_plugins/share/dave_gz_world_plugins/hook/ld_library_path_lib.ps1'
[0.866s] INFO:colcon.colcon_core.shell:Creating environment descriptor '/home/namtruong/uuv_sim_home/install/dave_gz_world_plugins/share/dave_gz_world_plugins/hook/ld_library_path_lib.dsv'
[0.866s] INFO:colcon.colcon_core.shell:Creating environment hook '/home/namtruong/uuv_sim_home/install/dave_gz_world_plugins/share/dave_gz_world_plugins/hook/ld_library_path_lib.sh'
[0.866s] Level 1:colcon.colcon_core.environment:checking '/home/namtruong/uuv_sim_home/install/dave_gz_world_plugins/bin'
[0.866s] Level 1:colcon.colcon_core.environment:checking '/home/namtruong/uuv_sim_home/install/dave_gz_world_plugins/lib/pkgconfig/dave_gz_world_plugins.pc'
[0.867s] Level 1:colcon.colcon_core.environment:checking '/home/namtruong/uuv_sim_home/install/dave_gz_world_plugins/lib/python3.12/site-packages'
[0.867s] Level 1:colcon.colcon_core.environment:checking '/home/namtruong/uuv_sim_home/install/dave_gz_world_plugins/bin'
[0.867s] INFO:colcon.colcon_core.shell:Creating package script '/home/namtruong/uuv_sim_home/install/dave_gz_world_plugins/share/dave_gz_world_plugins/package.ps1'
[0.867s] INFO:colcon.colcon_core.shell:Creating package descriptor '/home/namtruong/uuv_sim_home/install/dave_gz_world_plugins/share/dave_gz_world_plugins/package.dsv'
[0.868s] INFO:colcon.colcon_core.shell:Creating package script '/home/namtruong/uuv_sim_home/install/dave_gz_world_plugins/share/dave_gz_world_plugins/package.sh'
[0.869s] INFO:colcon.colcon_core.shell:Creating package script '/home/namtruong/uuv_sim_home/install/dave_gz_world_plugins/share/dave_gz_world_plugins/package.bash'
[0.869s] INFO:colcon.colcon_core.shell:Creating package script '/home/namtruong/uuv_sim_home/install/dave_gz_world_plugins/share/dave_gz_world_plugins/package.zsh'
[0.870s] Level 1:colcon.colcon_core.environment:create_file_with_runtime_dependencies(/home/namtruong/uuv_sim_home/install/dave_gz_world_plugins/share/colcon-core/packages/dave_gz_world_plugins)
[0.870s] INFO:colcon.colcon_ros.task.ament_cmake.build:Building ROS package in '/home/namtruong/uuv_sim_home/src/dave_ros_gz_plugins' with build type 'ament_cmake'
[0.870s] INFO:colcon.colcon_cmake.task.cmake.build:Building CMake package in '/home/namtruong/uuv_sim_home/src/dave_ros_gz_plugins'
[0.870s] INFO:colcon.colcon_core.shell:Skip shell extension 'powershell' for command environment: Not usable outside of PowerShell
[0.870s] DEBUG:colcon.colcon_core.shell:Skip shell extension 'dsv' for command environment
[0.884s] DEBUG:colcon.colcon_core.event_handler.log_command:Invoking command in '/home/namtruong/uuv_sim_home/build/dave_ros_gz_plugins': CMAKE_PREFIX_PATH=/home/namtruong/uuv_sim_home/install/dave_gz_world_plugins:/home/namtruong/uuv_sim_home/install/dave_interfaces:/home/namtruong/uuv_sim_home/install/multibeam_sonar_system:/home/namtruong/uuv_sim_home/install/multibeam_sonar:/home/namtruong/uuv_sim_home/install/dave_worlds:/home/namtruong/uuv_sim_home/install/dave_gz_model_plugins:/home/namtruong/uuv_sim_home/install/dave_ros_gz_plugins:/home/namtruong/uuv_sim_home/install/dave_robot_models:/home/namtruong/uuv_sim_home/install/dave_object_models:/home/namtruong/uuv_sim_home/install/dave_multibeam_sonar_demo:/home/namtruong/uuv_sim_home/install/dave_gz_sensor_plugins:/opt/ros/jazzy/opt/gz_sim_vendor:/opt/ros/jazzy/opt/gz_sensors_vendor:/opt/ros/jazzy/opt/gz_physics_vendor:/opt/ros/jazzy/opt/sdformat_vendor:/opt/ros/jazzy/opt/gz_gui_vendor:/opt/ros/jazzy/opt/gz_transport_vendor:/opt/ros/jazzy/opt/gz_rendering_vendor:/opt/ros/jazzy/opt/gz_plugin_vendor:/opt/ros/jazzy/opt/gz_fuel_tools_vendor:/opt/ros/jazzy/opt/gz_msgs_vendor:/opt/ros/jazzy/opt/gz_common_vendor:/opt/ros/jazzy/opt/gz_math_vendor:/opt/ros/jazzy/opt/gz_utils_vendor:/opt/ros/jazzy/opt/gz_tools_vendor:/opt/ros/jazzy/opt/gz_ogre_next_vendor:/opt/ros/jazzy/opt/gz_dartsim_vendor:/opt/ros/jazzy/opt/gz_cmake_vendor:/home/namtruong/uuv_sim_home/install/uuv_simu:/opt/ros/jazzy DEBUGINFOD_URLS=https://debuginfod.ubuntu.com LD_LIBRARY_PATH=/home/namtruong/uuv_sim_home/install/dave_gz_world_plugins/lib:/home/namtruong/uuv_sim_home/install/dave_interfaces/lib:/home/namtruong/uuv_sim_home/install/dave_ros_gz_plugins/lib:/opt/ros/jazzy/opt/gz_sim_vendor/lib:/opt/ros/jazzy/opt/gz_sensors_vendor/lib:/opt/ros/jazzy/opt/gz_physics_vendor/lib:/opt/ros/jazzy/opt/sdformat_vendor/lib:/opt/ros/jazzy/opt/rviz_ogre_vendor/lib:/opt/ros/jazzy/lib/x86_64-linux-gnu:/opt/ros/jazzy/opt/gz_gui_vendor/lib:/opt/ros/jazzy/opt/gz_transport_vendor/lib:/opt/ros/jazzy/opt/gz_rendering_vendor/lib:/opt/ros/jazzy/opt/gz_plugin_vendor/lib:/opt/ros/jazzy/opt/gz_fuel_tools_vendor/lib:/opt/ros/jazzy/opt/gz_msgs_vendor/lib:/opt/ros/jazzy/opt/gz_common_vendor/lib:/opt/ros/jazzy/opt/gz_math_vendor/lib:/opt/ros/jazzy/opt/gz_utils_vendor/lib:/opt/ros/jazzy/opt/gz_tools_vendor/lib:/opt/ros/jazzy/opt/gz_ogre_next_vendor/lib:/opt/ros/jazzy/opt/gz_dartsim_vendor/lib:/opt/ros/jazzy/opt/gz_cmake_vendor/lib:/opt/ros/jazzy/lib PYTHONPATH=/home/namtruong/uuv_sim_home/install/dave_interfaces/lib/python3.12/site-packages:/home/namtruong/uuv_sim_home/build/uuv_simu:/home/namtruong/uuv_sim_home/install/uuv_simu/lib/python3.12/site-packages:/opt/ros/jazzy/lib/python3.12/site-packages /usr/bin/cmake --build /home/namtruong/uuv_sim_home/build/dave_ros_gz_plugins -- -j16 -l16
[0.961s] DEBUG:colcon.colcon_core.event_handler.log_command:Invoked command in '/home/namtruong/uuv_sim_home/build/dave_ros_gz_plugins' returned '0': CMAKE_PREFIX_PATH=/home/namtruong/uuv_sim_home/install/dave_gz_world_plugins:/home/namtruong/uuv_sim_home/install/dave_interfaces:/home/namtruong/uuv_sim_home/install/multibeam_sonar_system:/home/namtruong/uuv_sim_home/install/multibeam_sonar:/home/namtruong/uuv_sim_home/install/dave_worlds:/home/namtruong/uuv_sim_home/install/dave_gz_model_plugins:/home/namtruong/uuv_sim_home/install/dave_ros_gz_plugins:/home/namtruong/uuv_sim_home/install/dave_robot_models:/home/namtruong/uuv_sim_home/install/dave_object_models:/home/namtruong/uuv_sim_home/install/dave_multibeam_sonar_demo:/home/namtruong/uuv_sim_home/install/dave_gz_sensor_plugins:/opt/ros/jazzy/opt/gz_sim_vendor:/opt/ros/jazzy/opt/gz_sensors_vendor:/opt/ros/jazzy/opt/gz_physics_vendor:/opt/ros/jazzy/opt/sdformat_vendor:/opt/ros/jazzy/opt/gz_gui_vendor:/opt/ros/jazzy/opt/gz_transport_vendor:/opt/ros/jazzy/opt/gz_rendering_vendor:/opt/ros/jazzy/opt/gz_plugin_vendor:/opt/ros/jazzy/opt/gz_fuel_tools_vendor:/opt/ros/jazzy/opt/gz_msgs_vendor:/opt/ros/jazzy/opt/gz_common_vendor:/opt/ros/jazzy/opt/gz_math_vendor:/opt/ros/jazzy/opt/gz_utils_vendor:/opt/ros/jazzy/opt/gz_tools_vendor:/opt/ros/jazzy/opt/gz_ogre_next_vendor:/opt/ros/jazzy/opt/gz_dartsim_vendor:/opt/ros/jazzy/opt/gz_cmake_vendor:/home/namtruong/uuv_sim_home/install/uuv_simu:/opt/ros/jazzy DEBUGINFOD_URLS=https://debuginfod.ubuntu.com LD_LIBRARY_PATH=/home/namtruong/uuv_sim_home/install/dave_gz_world_plugins/lib:/home/namtruong/uuv_sim_home/install/dave_interfaces/lib:/home/namtruong/uuv_sim_home/install/dave_ros_gz_plugins/lib:/opt/ros/jazzy/opt/gz_sim_vendor/lib:/opt/ros/jazzy/opt/gz_sensors_vendor/lib:/opt/ros/jazzy/opt/gz_physics_vendor/lib:/opt/ros/jazzy/opt/sdformat_vendor/lib:/opt/ros/jazzy/opt/rviz_ogre_vendor/lib:/opt/ros/jazzy/lib/x86_64-linux-gnu:/opt/ros/jazzy/opt/gz_gui_vendor/lib:/opt/ros/jazzy/opt/gz_transport_vendor/lib:/opt/ros/jazzy/opt/gz_rendering_vendor/lib:/opt/ros/jazzy/opt/gz_plugin_vendor/lib:/opt/ros/jazzy/opt/gz_fuel_tools_vendor/lib:/opt/ros/jazzy/opt/gz_msgs_vendor/lib:/opt/ros/jazzy/opt/gz_common_vendor/lib:/opt/ros/jazzy/opt/gz_math_vendor/lib:/opt/ros/jazzy/opt/gz_utils_vendor/lib:/opt/ros/jazzy/opt/gz_tools_vendor/lib:/opt/ros/jazzy/opt/gz_ogre_next_vendor/lib:/opt/ros/jazzy/opt/gz_dartsim_vendor/lib:/opt/ros/jazzy/opt/gz_cmake_vendor/lib:/opt/ros/jazzy/lib PYTHONPATH=/home/namtruong/uuv_sim_home/install/dave_interfaces/lib/python3.12/site-packages:/home/namtruong/uuv_sim_home/build/uuv_simu:/home/namtruong/uuv_sim_home/install/uuv_simu/lib/python3.12/site-packages:/opt/ros/jazzy/lib/python3.12/site-packages /usr/bin/cmake --build /home/namtruong/uuv_sim_home/build/dave_ros_gz_plugins -- -j16 -l16
[0.962s] DEBUG:colcon.colcon_core.event_handler.log_command:Invoking command in '/home/namtruong/uuv_sim_home/build/dave_ros_gz_plugins': CMAKE_PREFIX_PATH=/home/namtruong/uuv_sim_home/install/dave_gz_world_plugins:/home/namtruong/uuv_sim_home/install/dave_interfaces:/home/namtruong/uuv_sim_home/install/multibeam_sonar_system:/home/namtruong/uuv_sim_home/install/multibeam_sonar:/home/namtruong/uuv_sim_home/install/dave_worlds:/home/namtruong/uuv_sim_home/install/dave_gz_model_plugins:/home/namtruong/uuv_sim_home/install/dave_ros_gz_plugins:/home/namtruong/uuv_sim_home/install/dave_robot_models:/home/namtruong/uuv_sim_home/install/dave_object_models:/home/namtruong/uuv_sim_home/install/dave_multibeam_sonar_demo:/home/namtruong/uuv_sim_home/install/dave_gz_sensor_plugins:/opt/ros/jazzy/opt/gz_sim_vendor:/opt/ros/jazzy/opt/gz_sensors_vendor:/opt/ros/jazzy/opt/gz_physics_vendor:/opt/ros/jazzy/opt/sdformat_vendor:/opt/ros/jazzy/opt/gz_gui_vendor:/opt/ros/jazzy/opt/gz_transport_vendor:/opt/ros/jazzy/opt/gz_rendering_vendor:/opt/ros/jazzy/opt/gz_plugin_vendor:/opt/ros/jazzy/opt/gz_fuel_tools_vendor:/opt/ros/jazzy/opt/gz_msgs_vendor:/opt/ros/jazzy/opt/gz_common_vendor:/opt/ros/jazzy/opt/gz_math_vendor:/opt/ros/jazzy/opt/gz_utils_vendor:/opt/ros/jazzy/opt/gz_tools_vendor:/opt/ros/jazzy/opt/gz_ogre_next_vendor:/opt/ros/jazzy/opt/gz_dartsim_vendor:/opt/ros/jazzy/opt/gz_cmake_vendor:/home/namtruong/uuv_sim_home/install/uuv_simu:/opt/ros/jazzy DEBUGINFOD_URLS=https://debuginfod.ubuntu.com LD_LIBRARY_PATH=/home/namtruong/uuv_sim_home/install/dave_gz_world_plugins/lib:/home/namtruong/uuv_sim_home/install/dave_interfaces/lib:/home/namtruong/uuv_sim_home/install/dave_ros_gz_plugins/lib:/opt/ros/jazzy/opt/gz_sim_vendor/lib:/opt/ros/jazzy/opt/gz_sensors_vendor/lib:/opt/ros/jazzy/opt/gz_physics_vendor/lib:/opt/ros/jazzy/opt/sdformat_vendor/lib:/opt/ros/jazzy/opt/rviz_ogre_vendor/lib:/opt/ros/jazzy/lib/x86_64-linux-gnu:/opt/ros/jazzy/opt/gz_gui_vendor/lib:/opt/ros/jazzy/opt/gz_transport_vendor/lib:/opt/ros/jazzy/opt/gz_rendering_vendor/lib:/opt/ros/jazzy/opt/gz_plugin_vendor/lib:/opt/ros/jazzy/opt/gz_fuel_tools_vendor/lib:/opt/ros/jazzy/opt/gz_msgs_vendor/lib:/opt/ros/jazzy/opt/gz_common_vendor/lib:/opt/ros/jazzy/opt/gz_math_vendor/lib:/opt/ros/jazzy/opt/gz_utils_vendor/lib:/opt/ros/jazzy/opt/gz_tools_vendor/lib:/opt/ros/jazzy/opt/gz_ogre_next_vendor/lib:/opt/ros/jazzy/opt/gz_dartsim_vendor/lib:/opt/ros/jazzy/opt/gz_cmake_vendor/lib:/opt/ros/jazzy/lib PYTHONPATH=/home/namtruong/uuv_sim_home/install/dave_interfaces/lib/python3.12/site-packages:/home/namtruong/uuv_sim_home/build/uuv_simu:/home/namtruong/uuv_sim_home/install/uuv_simu/lib/python3.12/site-packages:/opt/ros/jazzy/lib/python3.12/site-packages /usr/bin/cmake --install /home/namtruong/uuv_sim_home/build/dave_ros_gz_plugins
[0.982s] DEBUG:colcon.colcon_core.task.python.build:Available setuptools commands: bdist, symlink_data, clean, build_py, extract_messages, dist_info, rotate, install_data, install_scripts, build_ext, bdist_dumb, alias, upload_docs, saveopts, setopt, install_egg_info, build_clib, install_lib, test, register, install_headers, egg_info, editable_wheel, update_catalog, check, init_catalog, easy_install, install, build_scripts, sdist, develop, upload, bdist_rpm, compile_catalog, bdist_egg, build
[0.984s] DEBUG:colcon.colcon_core.event_handler.log_command:Invoking command in '/home/namtruong/uuv_sim_home/src/uuv_simu': CMAKE_PREFIX_PATH=/home/namtruong/uuv_sim_home/install/dave_robot_models:/home/namtruong/uuv_sim_home/install/multibeam_sonar_system:/home/namtruong/uuv_sim_home/install/multibeam_sonar:/home/namtruong/uuv_sim_home/install/dave_worlds:/home/namtruong/uuv_sim_home/install/dave_gz_model_plugins:/home/namtruong/uuv_sim_home/install/dave_ros_gz_plugins:/home/namtruong/uuv_sim_home/install/dave_object_models:/home/namtruong/uuv_sim_home/install/dave_multibeam_sonar_demo:/home/namtruong/uuv_sim_home/install/dave_gz_world_plugins:/home/namtruong/uuv_sim_home/install/dave_gz_sensor_plugins:/home/namtruong/uuv_sim_home/install/dave_interfaces:/opt/ros/jazzy/opt/gz_sim_vendor:/opt/ros/jazzy/opt/gz_sensors_vendor:/opt/ros/jazzy/opt/gz_physics_vendor:/opt/ros/jazzy/opt/sdformat_vendor:/opt/ros/jazzy/opt/gz_gui_vendor:/opt/ros/jazzy/opt/gz_transport_vendor:/opt/ros/jazzy/opt/gz_rendering_vendor:/opt/ros/jazzy/opt/gz_plugin_vendor:/opt/ros/jazzy/opt/gz_fuel_tools_vendor:/opt/ros/jazzy/opt/gz_msgs_vendor:/opt/ros/jazzy/opt/gz_common_vendor:/opt/ros/jazzy/opt/gz_math_vendor:/opt/ros/jazzy/opt/gz_utils_vendor:/opt/ros/jazzy/opt/gz_tools_vendor:/opt/ros/jazzy/opt/gz_ogre_next_vendor:/opt/ros/jazzy/opt/gz_dartsim_vendor:/opt/ros/jazzy/opt/gz_cmake_vendor DEBUGINFOD_URLS=https://debuginfod.ubuntu.com PYTHONPATH=/home/namtruong/uuv_sim_home/build/uuv_simu/prefix_override:/usr/lib/python3/dist-packages/colcon_core/task/python/colcon_distutils_commands:/home/namtruong/uuv_sim_home/install/uuv_simu/lib/python3.12/site-packages:${PYTHONPATH} /usr/bin/python3 -W ignore:setup.py install is deprecated -W ignore:easy_install command is deprecated setup.py egg_info --egg-base ../../build/uuv_simu build --build-base /home/namtruong/uuv_sim_home/build/uuv_simu/build install --record /home/namtruong/uuv_sim_home/build/uuv_simu/install.log --install-scripts $base/lib/uuv_simu --single-version-externally-managed install_data
[0.987s] Level 1:colcon.colcon_core.environment:create_environment_scripts_only(dave_ros_gz_plugins)
[0.987s] Level 1:colcon.colcon_core.environment:checking '/home/namtruong/uuv_sim_home/install/dave_ros_gz_plugins' for CMake module files
[0.988s] DEBUG:colcon.colcon_core.event_handler.log_command:Invoked command in '/home/namtruong/uuv_sim_home/build/dave_ros_gz_plugins' returned '0': CMAKE_PREFIX_PATH=/home/namtruong/uuv_sim_home/install/dave_gz_world_plugins:/home/namtruong/uuv_sim_home/install/dave_interfaces:/home/namtruong/uuv_sim_home/install/multibeam_sonar_system:/home/namtruong/uuv_sim_home/install/multibeam_sonar:/home/namtruong/uuv_sim_home/install/dave_worlds:/home/namtruong/uuv_sim_home/install/dave_gz_model_plugins:/home/namtruong/uuv_sim_home/install/dave_ros_gz_plugins:/home/namtruong/uuv_sim_home/install/dave_robot_models:/home/namtruong/uuv_sim_home/install/dave_object_models:/home/namtruong/uuv_sim_home/install/dave_multibeam_sonar_demo:/home/namtruong/uuv_sim_home/install/dave_gz_sensor_plugins:/opt/ros/jazzy/opt/gz_sim_vendor:/opt/ros/jazzy/opt/gz_sensors_vendor:/opt/ros/jazzy/opt/gz_physics_vendor:/opt/ros/jazzy/opt/sdformat_vendor:/opt/ros/jazzy/opt/gz_gui_vendor:/opt/ros/jazzy/opt/gz_transport_vendor:/opt/ros/jazzy/opt/gz_rendering_vendor:/opt/ros/jazzy/opt/gz_plugin_vendor:/opt/ros/jazzy/opt/gz_fuel_tools_vendor:/opt/ros/jazzy/opt/gz_msgs_vendor:/opt/ros/jazzy/opt/gz_common_vendor:/opt/ros/jazzy/opt/gz_math_vendor:/opt/ros/jazzy/opt/gz_utils_vendor:/opt/ros/jazzy/opt/gz_tools_vendor:/opt/ros/jazzy/opt/gz_ogre_next_vendor:/opt/ros/jazzy/opt/gz_dartsim_vendor:/opt/ros/jazzy/opt/gz_cmake_vendor:/home/namtruong/uuv_sim_home/install/uuv_simu:/opt/ros/jazzy DEBUGINFOD_URLS=https://debuginfod.ubuntu.com LD_LIBRARY_PATH=/home/namtruong/uuv_sim_home/install/dave_gz_world_plugins/lib:/home/namtruong/uuv_sim_home/install/dave_interfaces/lib:/home/namtruong/uuv_sim_home/install/dave_ros_gz_plugins/lib:/opt/ros/jazzy/opt/gz_sim_vendor/lib:/opt/ros/jazzy/opt/gz_sensors_vendor/lib:/opt/ros/jazzy/opt/gz_physics_vendor/lib:/opt/ros/jazzy/opt/sdformat_vendor/lib:/opt/ros/jazzy/opt/rviz_ogre_vendor/lib:/opt/ros/jazzy/lib/x86_64-linux-gnu:/opt/ros/jazzy/opt/gz_gui_vendor/lib:/opt/ros/jazzy/opt/gz_transport_vendor/lib:/opt/ros/jazzy/opt/gz_rendering_vendor/lib:/opt/ros/jazzy/opt/gz_plugin_vendor/lib:/opt/ros/jazzy/opt/gz_fuel_tools_vendor/lib:/opt/ros/jazzy/opt/gz_msgs_vendor/lib:/opt/ros/jazzy/opt/gz_common_vendor/lib:/opt/ros/jazzy/opt/gz_math_vendor/lib:/opt/ros/jazzy/opt/gz_utils_vendor/lib:/opt/ros/jazzy/opt/gz_tools_vendor/lib:/opt/ros/jazzy/opt/gz_ogre_next_vendor/lib:/opt/ros/jazzy/opt/gz_dartsim_vendor/lib:/opt/ros/jazzy/opt/gz_cmake_vendor/lib:/opt/ros/jazzy/lib PYTHONPATH=/home/namtruong/uuv_sim_home/install/dave_interfaces/lib/python3.12/site-packages:/home/namtruong/uuv_sim_home/build/uuv_simu:/home/namtruong/uuv_sim_home/install/uuv_simu/lib/python3.12/site-packages:/opt/ros/jazzy/lib/python3.12/site-packages /usr/bin/cmake --install /home/namtruong/uuv_sim_home/build/dave_ros_gz_plugins
[0.988s] Level 1:colcon.colcon_core.environment:checking '/home/namtruong/uuv_sim_home/install/dave_ros_gz_plugins' for CMake config files
[0.988s] Level 1:colcon.colcon_core.shell:create_environment_hook('dave_ros_gz_plugins', 'cmake_prefix_path')
[0.989s] INFO:colcon.colcon_core.shell:Creating environment hook '/home/namtruong/uuv_sim_home/install/dave_ros_gz_plugins/share/dave_ros_gz_plugins/hook/cmake_prefix_path.ps1'
[0.989s] INFO:colcon.colcon_core.shell:Creating environment descriptor '/home/namtruong/uuv_sim_home/install/dave_ros_gz_plugins/share/dave_ros_gz_plugins/hook/cmake_prefix_path.dsv'
[0.989s] INFO:colcon.colcon_core.shell:Creating environment hook '/home/namtruong/uuv_sim_home/install/dave_ros_gz_plugins/share/dave_ros_gz_plugins/hook/cmake_prefix_path.sh'
[0.990s] Level 1:colcon.colcon_core.environment:checking '/home/namtruong/uuv_sim_home/install/dave_ros_gz_plugins/lib'
[0.990s] Level 1:colcon.colcon_core.shell:create_environment_hook('dave_ros_gz_plugins', 'ld_library_path_lib')
[0.990s] INFO:colcon.colcon_core.shell:Creating environment hook '/home/namtruong/uuv_sim_home/install/dave_ros_gz_plugins/share/dave_ros_gz_plugins/hook/ld_library_path_lib.ps1'
[0.990s] INFO:colcon.colcon_core.shell:Creating environment descriptor '/home/namtruong/uuv_sim_home/install/dave_ros_gz_plugins/share/dave_ros_gz_plugins/hook/ld_library_path_lib.dsv'
[0.991s] INFO:colcon.colcon_core.shell:Creating environment hook '/home/namtruong/uuv_sim_home/install/dave_ros_gz_plugins/share/dave_ros_gz_plugins/hook/ld_library_path_lib.sh'
[0.991s] Level 1:colcon.colcon_core.environment:checking '/home/namtruong/uuv_sim_home/install/dave_ros_gz_plugins/bin'
[0.991s] Level 1:colcon.colcon_core.environment:checking '/home/namtruong/uuv_sim_home/install/dave_ros_gz_plugins/lib/pkgconfig/dave_ros_gz_plugins.pc'
[0.991s] Level 1:colcon.colcon_core.environment:checking '/home/namtruong/uuv_sim_home/install/dave_ros_gz_plugins/lib/python3.12/site-packages'
[0.991s] Level 1:colcon.colcon_core.environment:checking '/home/namtruong/uuv_sim_home/install/dave_ros_gz_plugins/bin'
[0.991s] INFO:colcon.colcon_core.shell:Creating package script '/home/namtruong/uuv_sim_home/install/dave_ros_gz_plugins/share/dave_ros_gz_plugins/package.ps1'
[0.992s] INFO:colcon.colcon_core.shell:Creating package descriptor '/home/namtruong/uuv_sim_home/install/dave_ros_gz_plugins/share/dave_ros_gz_plugins/package.dsv'
[0.992s] INFO:colcon.colcon_core.shell:Creating package script '/home/namtruong/uuv_sim_home/install/dave_ros_gz_plugins/share/dave_ros_gz_plugins/package.sh'
[0.993s] INFO:colcon.colcon_core.shell:Creating package script '/home/namtruong/uuv_sim_home/install/dave_ros_gz_plugins/share/dave_ros_gz_plugins/package.bash'
[0.993s] INFO:colcon.colcon_core.shell:Creating package script '/home/namtruong/uuv_sim_home/install/dave_ros_gz_plugins/share/dave_ros_gz_plugins/package.zsh'
[0.993s] Level 1:colcon.colcon_core.environment:create_file_with_runtime_dependencies(/home/namtruong/uuv_sim_home/install/dave_ros_gz_plugins/share/colcon-core/packages/dave_ros_gz_plugins)
[0.994s] Level 1:colcon.colcon_core.environment:create_environment_scripts_only(dave_ros_gz_plugins)
[0.994s] Level 1:colcon.colcon_core.environment:checking '/home/namtruong/uuv_sim_home/install/dave_ros_gz_plugins' for CMake module files
[0.994s] Level 1:colcon.colcon_core.environment:checking '/home/namtruong/uuv_sim_home/install/dave_ros_gz_plugins' for CMake config files
[0.995s] Level 1:colcon.colcon_core.shell:create_environment_hook('dave_ros_gz_plugins', 'cmake_prefix_path')
[0.995s] INFO:colcon.colcon_core.shell:Creating environment hook '/home/namtruong/uuv_sim_home/install/dave_ros_gz_plugins/share/dave_ros_gz_plugins/hook/cmake_prefix_path.ps1'
[0.995s] INFO:colcon.colcon_core.shell:Creating environment descriptor '/home/namtruong/uuv_sim_home/install/dave_ros_gz_plugins/share/dave_ros_gz_plugins/hook/cmake_prefix_path.dsv'
[0.995s] INFO:colcon.colcon_core.shell:Creating environment hook '/home/namtruong/uuv_sim_home/install/dave_ros_gz_plugins/share/dave_ros_gz_plugins/hook/cmake_prefix_path.sh'
[0.996s] Level 1:colcon.colcon_core.environment:checking '/home/namtruong/uuv_sim_home/install/dave_ros_gz_plugins/lib'
[0.996s] Level 1:colcon.colcon_core.shell:create_environment_hook('dave_ros_gz_plugins', 'ld_library_path_lib')
[0.996s] INFO:colcon.colcon_core.shell:Creating environment hook '/home/namtruong/uuv_sim_home/install/dave_ros_gz_plugins/share/dave_ros_gz_plugins/hook/ld_library_path_lib.ps1'
[0.996s] INFO:colcon.colcon_core.shell:Creating environment descriptor '/home/namtruong/uuv_sim_home/install/dave_ros_gz_plugins/share/dave_ros_gz_plugins/hook/ld_library_path_lib.dsv'
[0.997s] INFO:colcon.colcon_core.shell:Creating environment hook '/home/namtruong/uuv_sim_home/install/dave_ros_gz_plugins/share/dave_ros_gz_plugins/hook/ld_library_path_lib.sh'
[0.997s] Level 1:colcon.colcon_core.environment:checking '/home/namtruong/uuv_sim_home/install/dave_ros_gz_plugins/bin'
[0.997s] Level 1:colcon.colcon_core.environment:checking '/home/namtruong/uuv_sim_home/install/dave_ros_gz_plugins/lib/pkgconfig/dave_ros_gz_plugins.pc'
[0.997s] Level 1:colcon.colcon_core.environment:checking '/home/namtruong/uuv_sim_home/install/dave_ros_gz_plugins/lib/python3.12/site-packages'
[0.997s] Level 1:colcon.colcon_core.environment:checking '/home/namtruong/uuv_sim_home/install/dave_ros_gz_plugins/bin'
[0.998s] INFO:colcon.colcon_core.shell:Creating package script '/home/namtruong/uuv_sim_home/install/dave_ros_gz_plugins/share/dave_ros_gz_plugins/package.ps1'
[0.998s] INFO:colcon.colcon_core.shell:Creating package descriptor '/home/namtruong/uuv_sim_home/install/dave_ros_gz_plugins/share/dave_ros_gz_plugins/package.dsv'
[0.998s] INFO:colcon.colcon_core.shell:Creating package script '/home/namtruong/uuv_sim_home/install/dave_ros_gz_plugins/share/dave_ros_gz_plugins/package.sh'
[0.999s] INFO:colcon.colcon_core.shell:Creating package script '/home/namtruong/uuv_sim_home/install/dave_ros_gz_plugins/share/dave_ros_gz_plugins/package.bash'
[0.999s] INFO:colcon.colcon_core.shell:Creating package script '/home/namtruong/uuv_sim_home/install/dave_ros_gz_plugins/share/dave_ros_gz_plugins/package.zsh'
[1.000s] Level 1:colcon.colcon_core.environment:create_file_with_runtime_dependencies(/home/namtruong/uuv_sim_home/install/dave_ros_gz_plugins/share/colcon-core/packages/dave_ros_gz_plugins)
[1.000s] INFO:colcon.colcon_ros.task.ament_cmake.build:Building ROS package in '/home/namtruong/uuv_sim_home/src/dave_gz_model_plugins' with build type 'ament_cmake'
[1.000s] INFO:colcon.colcon_cmake.task.cmake.build:Building CMake package in '/home/namtruong/uuv_sim_home/src/dave_gz_model_plugins'
[1.000s] INFO:colcon.colcon_core.shell:Skip shell extension 'powershell' for command environment: Not usable outside of PowerShell
[1.000s] DEBUG:colcon.colcon_core.shell:Skip shell extension 'dsv' for command environment
[1.016s] DEBUG:colcon.colcon_core.event_handler.log_command:Invoking command in '/home/namtruong/uuv_sim_home/build/dave_gz_model_plugins': CMAKE_PREFIX_PATH=/home/namtruong/uuv_sim_home/install/dave_ros_gz_plugins:/home/namtruong/uuv_sim_home/install/dave_gz_world_plugins:/home/namtruong/uuv_sim_home/install/dave_interfaces:/home/namtruong/uuv_sim_home/install/multibeam_sonar_system:/home/namtruong/uuv_sim_home/install/multibeam_sonar:/home/namtruong/uuv_sim_home/install/dave_worlds:/home/namtruong/uuv_sim_home/install/dave_gz_model_plugins:/home/namtruong/uuv_sim_home/install/dave_robot_models:/home/namtruong/uuv_sim_home/install/dave_object_models:/home/namtruong/uuv_sim_home/install/dave_multibeam_sonar_demo:/home/namtruong/uuv_sim_home/install/dave_gz_sensor_plugins:/opt/ros/jazzy/opt/gz_sim_vendor:/opt/ros/jazzy/opt/gz_sensors_vendor:/opt/ros/jazzy/opt/gz_physics_vendor:/opt/ros/jazzy/opt/sdformat_vendor:/opt/ros/jazzy/opt/gz_gui_vendor:/opt/ros/jazzy/opt/gz_transport_vendor:/opt/ros/jazzy/opt/gz_rendering_vendor:/opt/ros/jazzy/opt/gz_plugin_vendor:/opt/ros/jazzy/opt/gz_fuel_tools_vendor:/opt/ros/jazzy/opt/gz_msgs_vendor:/opt/ros/jazzy/opt/gz_common_vendor:/opt/ros/jazzy/opt/gz_math_vendor:/opt/ros/jazzy/opt/gz_utils_vendor:/opt/ros/jazzy/opt/gz_tools_vendor:/opt/ros/jazzy/opt/gz_ogre_next_vendor:/opt/ros/jazzy/opt/gz_dartsim_vendor:/opt/ros/jazzy/opt/gz_cmake_vendor:/home/namtruong/uuv_sim_home/install/uuv_simu:/opt/ros/jazzy DEBUGINFOD_URLS=https://debuginfod.ubuntu.com PYTHONPATH=/home/namtruong/uuv_sim_home/install/dave_interfaces/lib/python3.12/site-packages:/home/namtruong/uuv_sim_home/build/uuv_simu:/home/namtruong/uuv_sim_home/install/uuv_simu/lib/python3.12/site-packages:/opt/ros/jazzy/lib/python3.12/site-packages /usr/bin/cmake --build /home/namtruong/uuv_sim_home/build/dave_gz_model_plugins -- -j16 -l16
[1.102s] DEBUG:colcon.colcon_core.event_handler.log_command:Invoked command in '/home/namtruong/uuv_sim_home/build/dave_gz_model_plugins' returned '0': CMAKE_PREFIX_PATH=/home/namtruong/uuv_sim_home/install/dave_ros_gz_plugins:/home/namtruong/uuv_sim_home/install/dave_gz_world_plugins:/home/namtruong/uuv_sim_home/install/dave_interfaces:/home/namtruong/uuv_sim_home/install/multibeam_sonar_system:/home/namtruong/uuv_sim_home/install/multibeam_sonar:/home/namtruong/uuv_sim_home/install/dave_worlds:/home/namtruong/uuv_sim_home/install/dave_gz_model_plugins:/home/namtruong/uuv_sim_home/install/dave_robot_models:/home/namtruong/uuv_sim_home/install/dave_object_models:/home/namtruong/uuv_sim_home/install/dave_multibeam_sonar_demo:/home/namtruong/uuv_sim_home/install/dave_gz_sensor_plugins:/opt/ros/jazzy/opt/gz_sim_vendor:/opt/ros/jazzy/opt/gz_sensors_vendor:/opt/ros/jazzy/opt/gz_physics_vendor:/opt/ros/jazzy/opt/sdformat_vendor:/opt/ros/jazzy/opt/gz_gui_vendor:/opt/ros/jazzy/opt/gz_transport_vendor:/opt/ros/jazzy/opt/gz_rendering_vendor:/opt/ros/jazzy/opt/gz_plugin_vendor:/opt/ros/jazzy/opt/gz_fuel_tools_vendor:/opt/ros/jazzy/opt/gz_msgs_vendor:/opt/ros/jazzy/opt/gz_common_vendor:/opt/ros/jazzy/opt/gz_math_vendor:/opt/ros/jazzy/opt/gz_utils_vendor:/opt/ros/jazzy/opt/gz_tools_vendor:/opt/ros/jazzy/opt/gz_ogre_next_vendor:/opt/ros/jazzy/opt/gz_dartsim_vendor:/opt/ros/jazzy/opt/gz_cmake_vendor:/home/namtruong/uuv_sim_home/install/uuv_simu:/opt/ros/jazzy DEBUGINFOD_URLS=https://debuginfod.ubuntu.com PYTHONPATH=/home/namtruong/uuv_sim_home/install/dave_interfaces/lib/python3.12/site-packages:/home/namtruong/uuv_sim_home/build/uuv_simu:/home/namtruong/uuv_sim_home/install/uuv_simu/lib/python3.12/site-packages:/opt/ros/jazzy/lib/python3.12/site-packages /usr/bin/cmake --build /home/namtruong/uuv_sim_home/build/dave_gz_model_plugins -- -j16 -l16
[1.103s] DEBUG:colcon.colcon_core.event_handler.log_command:Invoking command in '/home/namtruong/uuv_sim_home/build/dave_gz_model_plugins': CMAKE_PREFIX_PATH=/home/namtruong/uuv_sim_home/install/dave_ros_gz_plugins:/home/namtruong/uuv_sim_home/install/dave_gz_world_plugins:/home/namtruong/uuv_sim_home/install/dave_interfaces:/home/namtruong/uuv_sim_home/install/multibeam_sonar_system:/home/namtruong/uuv_sim_home/install/multibeam_sonar:/home/namtruong/uuv_sim_home/install/dave_worlds:/home/namtruong/uuv_sim_home/install/dave_gz_model_plugins:/home/namtruong/uuv_sim_home/install/dave_robot_models:/home/namtruong/uuv_sim_home/install/dave_object_models:/home/namtruong/uuv_sim_home/install/dave_multibeam_sonar_demo:/home/namtruong/uuv_sim_home/install/dave_gz_sensor_plugins:/opt/ros/jazzy/opt/gz_sim_vendor:/opt/ros/jazzy/opt/gz_sensors_vendor:/opt/ros/jazzy/opt/gz_physics_vendor:/opt/ros/jazzy/opt/sdformat_vendor:/opt/ros/jazzy/opt/gz_gui_vendor:/opt/ros/jazzy/opt/gz_transport_vendor:/opt/ros/jazzy/opt/gz_rendering_vendor:/opt/ros/jazzy/opt/gz_plugin_vendor:/opt/ros/jazzy/opt/gz_fuel_tools_vendor:/opt/ros/jazzy/opt/gz_msgs_vendor:/opt/ros/jazzy/opt/gz_common_vendor:/opt/ros/jazzy/opt/gz_math_vendor:/opt/ros/jazzy/opt/gz_utils_vendor:/opt/ros/jazzy/opt/gz_tools_vendor:/opt/ros/jazzy/opt/gz_ogre_next_vendor:/opt/ros/jazzy/opt/gz_dartsim_vendor:/opt/ros/jazzy/opt/gz_cmake_vendor:/home/namtruong/uuv_sim_home/install/uuv_simu:/opt/ros/jazzy DEBUGINFOD_URLS=https://debuginfod.ubuntu.com PYTHONPATH=/home/namtruong/uuv_sim_home/install/dave_interfaces/lib/python3.12/site-packages:/home/namtruong/uuv_sim_home/build/uuv_simu:/home/namtruong/uuv_sim_home/install/uuv_simu/lib/python3.12/site-packages:/opt/ros/jazzy/lib/python3.12/site-packages /usr/bin/cmake --install /home/namtruong/uuv_sim_home/build/dave_gz_model_plugins
[1.128s] Level 1:colcon.colcon_core.environment:create_environment_scripts_only(dave_gz_model_plugins)
[1.128s] Level 1:colcon.colcon_core.environment:checking '/home/namtruong/uuv_sim_home/install/dave_gz_model_plugins' for CMake module files
[1.128s] DEBUG:colcon.colcon_core.event_handler.log_command:Invoked command in '/home/namtruong/uuv_sim_home/build/dave_gz_model_plugins' returned '0': CMAKE_PREFIX_PATH=/home/namtruong/uuv_sim_home/install/dave_ros_gz_plugins:/home/namtruong/uuv_sim_home/install/dave_gz_world_plugins:/home/namtruong/uuv_sim_home/install/dave_interfaces:/home/namtruong/uuv_sim_home/install/multibeam_sonar_system:/home/namtruong/uuv_sim_home/install/multibeam_sonar:/home/namtruong/uuv_sim_home/install/dave_worlds:/home/namtruong/uuv_sim_home/install/dave_gz_model_plugins:/home/namtruong/uuv_sim_home/install/dave_robot_models:/home/namtruong/uuv_sim_home/install/dave_object_models:/home/namtruong/uuv_sim_home/install/dave_multibeam_sonar_demo:/home/namtruong/uuv_sim_home/install/dave_gz_sensor_plugins:/opt/ros/jazzy/opt/gz_sim_vendor:/opt/ros/jazzy/opt/gz_sensors_vendor:/opt/ros/jazzy/opt/gz_physics_vendor:/opt/ros/jazzy/opt/sdformat_vendor:/opt/ros/jazzy/opt/gz_gui_vendor:/opt/ros/jazzy/opt/gz_transport_vendor:/opt/ros/jazzy/opt/gz_rendering_vendor:/opt/ros/jazzy/opt/gz_plugin_vendor:/opt/ros/jazzy/opt/gz_fuel_tools_vendor:/opt/ros/jazzy/opt/gz_msgs_vendor:/opt/ros/jazzy/opt/gz_common_vendor:/opt/ros/jazzy/opt/gz_math_vendor:/opt/ros/jazzy/opt/gz_utils_vendor:/opt/ros/jazzy/opt/gz_tools_vendor:/opt/ros/jazzy/opt/gz_ogre_next_vendor:/opt/ros/jazzy/opt/gz_dartsim_vendor:/opt/ros/jazzy/opt/gz_cmake_vendor:/home/namtruong/uuv_sim_home/install/uuv_simu:/opt/ros/jazzy DEBUGINFOD_URLS=https://debuginfod.ubuntu.com PYTHONPATH=/home/namtruong/uuv_sim_home/install/dave_interfaces/lib/python3.12/site-packages:/home/namtruong/uuv_sim_home/build/uuv_simu:/home/namtruong/uuv_sim_home/install/uuv_simu/lib/python3.12/site-packages:/opt/ros/jazzy/lib/python3.12/site-packages /usr/bin/cmake --install /home/namtruong/uuv_sim_home/build/dave_gz_model_plugins
[1.129s] Level 1:colcon.colcon_core.environment:checking '/home/namtruong/uuv_sim_home/install/dave_gz_model_plugins' for CMake config files
[1.129s] Level 1:colcon.colcon_core.shell:create_environment_hook('dave_gz_model_plugins', 'cmake_prefix_path')
[1.129s] INFO:colcon.colcon_core.shell:Creating environment hook '/home/namtruong/uuv_sim_home/install/dave_gz_model_plugins/share/dave_gz_model_plugins/hook/cmake_prefix_path.ps1'
[1.130s] INFO:colcon.colcon_core.shell:Creating environment descriptor '/home/namtruong/uuv_sim_home/install/dave_gz_model_plugins/share/dave_gz_model_plugins/hook/cmake_prefix_path.dsv'
[1.130s] INFO:colcon.colcon_core.shell:Creating environment hook '/home/namtruong/uuv_sim_home/install/dave_gz_model_plugins/share/dave_gz_model_plugins/hook/cmake_prefix_path.sh'
[1.130s] Level 1:colcon.colcon_core.environment:checking '/home/namtruong/uuv_sim_home/install/dave_gz_model_plugins/lib'
[1.130s] Level 1:colcon.colcon_core.environment:checking '/home/namtruong/uuv_sim_home/install/dave_gz_model_plugins/bin'
[1.130s] Level 1:colcon.colcon_core.environment:checking '/home/namtruong/uuv_sim_home/install/dave_gz_model_plugins/lib/pkgconfig/dave_gz_model_plugins.pc'
[1.131s] Level 1:colcon.colcon_core.environment:checking '/home/namtruong/uuv_sim_home/install/dave_gz_model_plugins/lib/python3.12/site-packages'
[1.131s] Level 1:colcon.colcon_core.environment:checking '/home/namtruong/uuv_sim_home/install/dave_gz_model_plugins/bin'
[1.131s] INFO:colcon.colcon_core.shell:Creating package script '/home/namtruong/uuv_sim_home/install/dave_gz_model_plugins/share/dave_gz_model_plugins/package.ps1'
[1.131s] INFO:colcon.colcon_core.shell:Creating package descriptor '/home/namtruong/uuv_sim_home/install/dave_gz_model_plugins/share/dave_gz_model_plugins/package.dsv'
[1.132s] INFO:colcon.colcon_core.shell:Creating package script '/home/namtruong/uuv_sim_home/install/dave_gz_model_plugins/share/dave_gz_model_plugins/package.sh'
[1.132s] INFO:colcon.colcon_core.shell:Creating package script '/home/namtruong/uuv_sim_home/install/dave_gz_model_plugins/share/dave_gz_model_plugins/package.bash'
[1.132s] INFO:colcon.colcon_core.shell:Creating package script '/home/namtruong/uuv_sim_home/install/dave_gz_model_plugins/share/dave_gz_model_plugins/package.zsh'
[1.133s] Level 1:colcon.colcon_core.environment:create_file_with_runtime_dependencies(/home/namtruong/uuv_sim_home/install/dave_gz_model_plugins/share/colcon-core/packages/dave_gz_model_plugins)
[1.133s] Level 1:colcon.colcon_core.environment:create_environment_scripts_only(dave_gz_model_plugins)
[1.133s] Level 1:colcon.colcon_core.environment:checking '/home/namtruong/uuv_sim_home/install/dave_gz_model_plugins' for CMake module files
[1.133s] Level 1:colcon.colcon_core.environment:checking '/home/namtruong/uuv_sim_home/install/dave_gz_model_plugins' for CMake config files
[1.134s] Level 1:colcon.colcon_core.shell:create_environment_hook('dave_gz_model_plugins', 'cmake_prefix_path')
[1.134s] INFO:colcon.colcon_core.shell:Creating environment hook '/home/namtruong/uuv_sim_home/install/dave_gz_model_plugins/share/dave_gz_model_plugins/hook/cmake_prefix_path.ps1'
[1.134s] INFO:colcon.colcon_core.shell:Creating environment descriptor '/home/namtruong/uuv_sim_home/install/dave_gz_model_plugins/share/dave_gz_model_plugins/hook/cmake_prefix_path.dsv'
[1.134s] INFO:colcon.colcon_core.shell:Creating environment hook '/home/namtruong/uuv_sim_home/install/dave_gz_model_plugins/share/dave_gz_model_plugins/hook/cmake_prefix_path.sh'
[1.135s] Level 1:colcon.colcon_core.environment:checking '/home/namtruong/uuv_sim_home/install/dave_gz_model_plugins/lib'
[1.135s] Level 1:colcon.colcon_core.environment:checking '/home/namtruong/uuv_sim_home/install/dave_gz_model_plugins/bin'
[1.135s] Level 1:colcon.colcon_core.environment:checking '/home/namtruong/uuv_sim_home/install/dave_gz_model_plugins/lib/pkgconfig/dave_gz_model_plugins.pc'
[1.135s] Level 1:colcon.colcon_core.environment:checking '/home/namtruong/uuv_sim_home/install/dave_gz_model_plugins/lib/python3.12/site-packages'
[1.135s] Level 1:colcon.colcon_core.environment:checking '/home/namtruong/uuv_sim_home/install/dave_gz_model_plugins/bin'
[1.136s] INFO:colcon.colcon_core.shell:Creating package script '/home/namtruong/uuv_sim_home/install/dave_gz_model_plugins/share/dave_gz_model_plugins/package.ps1'
[1.136s] INFO:colcon.colcon_core.shell:Creating package descriptor '/home/namtruong/uuv_sim_home/install/dave_gz_model_plugins/share/dave_gz_model_plugins/package.dsv'
[1.136s] INFO:colcon.colcon_core.shell:Creating package script '/home/namtruong/uuv_sim_home/install/dave_gz_model_plugins/share/dave_gz_model_plugins/package.sh'
[1.137s] INFO:colcon.colcon_core.shell:Creating package script '/home/namtruong/uuv_sim_home/install/dave_gz_model_plugins/share/dave_gz_model_plugins/package.bash'
[1.137s] INFO:colcon.colcon_core.shell:Creating package script '/home/namtruong/uuv_sim_home/install/dave_gz_model_plugins/share/dave_gz_model_plugins/package.zsh'
[1.137s] Level 1:colcon.colcon_core.environment:create_file_with_runtime_dependencies(/home/namtruong/uuv_sim_home/install/dave_gz_model_plugins/share/colcon-core/packages/dave_gz_model_plugins)
[1.421s] Level 1:colcon.colcon_core.environment:checking '/home/namtruong/uuv_sim_home/install/uuv_simu' for CMake module files
[1.422s] DEBUG:colcon.colcon_core.event_handler.log_command:Invoked command in '/home/namtruong/uuv_sim_home/src/uuv_simu' returned '0': CMAKE_PREFIX_PATH=/home/namtruong/uuv_sim_home/install/dave_robot_models:/home/namtruong/uuv_sim_home/install/multibeam_sonar_system:/home/namtruong/uuv_sim_home/install/multibeam_sonar:/home/namtruong/uuv_sim_home/install/dave_worlds:/home/namtruong/uuv_sim_home/install/dave_gz_model_plugins:/home/namtruong/uuv_sim_home/install/dave_ros_gz_plugins:/home/namtruong/uuv_sim_home/install/dave_object_models:/home/namtruong/uuv_sim_home/install/dave_multibeam_sonar_demo:/home/namtruong/uuv_sim_home/install/dave_gz_world_plugins:/home/namtruong/uuv_sim_home/install/dave_gz_sensor_plugins:/home/namtruong/uuv_sim_home/install/dave_interfaces:/opt/ros/jazzy/opt/gz_sim_vendor:/opt/ros/jazzy/opt/gz_sensors_vendor:/opt/ros/jazzy/opt/gz_physics_vendor:/opt/ros/jazzy/opt/sdformat_vendor:/opt/ros/jazzy/opt/gz_gui_vendor:/opt/ros/jazzy/opt/gz_transport_vendor:/opt/ros/jazzy/opt/gz_rendering_vendor:/opt/ros/jazzy/opt/gz_plugin_vendor:/opt/ros/jazzy/opt/gz_fuel_tools_vendor:/opt/ros/jazzy/opt/gz_msgs_vendor:/opt/ros/jazzy/opt/gz_common_vendor:/opt/ros/jazzy/opt/gz_math_vendor:/opt/ros/jazzy/opt/gz_utils_vendor:/opt/ros/jazzy/opt/gz_tools_vendor:/opt/ros/jazzy/opt/gz_ogre_next_vendor:/opt/ros/jazzy/opt/gz_dartsim_vendor:/opt/ros/jazzy/opt/gz_cmake_vendor DEBUGINFOD_URLS=https://debuginfod.ubuntu.com PYTHONPATH=/home/namtruong/uuv_sim_home/build/uuv_simu/prefix_override:/usr/lib/python3/dist-packages/colcon_core/task/python/colcon_distutils_commands:/home/namtruong/uuv_sim_home/install/uuv_simu/lib/python3.12/site-packages:${PYTHONPATH} /usr/bin/python3 -W ignore:setup.py install is deprecated -W ignore:easy_install command is deprecated setup.py egg_info --egg-base ../../build/uuv_simu build --build-base /home/namtruong/uuv_sim_home/build/uuv_simu/build install --record /home/namtruong/uuv_sim_home/build/uuv_simu/install.log --install-scripts $base/lib/uuv_simu --single-version-externally-managed install_data
[1.422s] Level 1:colcon.colcon_core.environment:checking '/home/namtruong/uuv_sim_home/install/uuv_simu' for CMake config files
[1.422s] Level 1:colcon.colcon_core.environment:checking '/home/namtruong/uuv_sim_home/install/uuv_simu/lib'
[1.423s] Level 1:colcon.colcon_core.environment:checking '/home/namtruong/uuv_sim_home/install/uuv_simu/bin'
[1.423s] Level 1:colcon.colcon_core.environment:checking '/home/namtruong/uuv_sim_home/install/uuv_simu/lib/pkgconfig/uuv_simu.pc'
[1.423s] Level 1:colcon.colcon_core.environment:checking '/home/namtruong/uuv_sim_home/install/uuv_simu/lib/python3.12/site-packages'
[1.423s] Level 1:colcon.colcon_core.shell:create_environment_hook('uuv_simu', 'pythonpath')
[1.423s] INFO:colcon.colcon_core.shell:Creating environment hook '/home/namtruong/uuv_sim_home/install/uuv_simu/share/uuv_simu/hook/pythonpath.ps1'
[1.423s] INFO:colcon.colcon_core.shell:Creating environment descriptor '/home/namtruong/uuv_sim_home/install/uuv_simu/share/uuv_simu/hook/pythonpath.dsv'
[1.424s] INFO:colcon.colcon_core.shell:Creating environment hook '/home/namtruong/uuv_sim_home/install/uuv_simu/share/uuv_simu/hook/pythonpath.sh'
[1.424s] Level 1:colcon.colcon_core.environment:checking '/home/namtruong/uuv_sim_home/install/uuv_simu/bin'
[1.424s] Level 1:colcon.colcon_core.environment:create_environment_scripts_only(uuv_simu)
[1.424s] INFO:colcon.colcon_core.shell:Creating package script '/home/namtruong/uuv_sim_home/install/uuv_simu/share/uuv_simu/package.ps1'
[1.425s] INFO:colcon.colcon_core.shell:Creating package descriptor '/home/namtruong/uuv_sim_home/install/uuv_simu/share/uuv_simu/package.dsv'
[1.425s] INFO:colcon.colcon_core.shell:Creating package script '/home/namtruong/uuv_sim_home/install/uuv_simu/share/uuv_simu/package.sh'
[1.426s] INFO:colcon.colcon_core.shell:Creating package script '/home/namtruong/uuv_sim_home/install/uuv_simu/share/uuv_simu/package.bash'
[1.426s] INFO:colcon.colcon_core.shell:Creating package script '/home/namtruong/uuv_sim_home/install/uuv_simu/share/uuv_simu/package.zsh'
[1.426s] Level 1:colcon.colcon_core.environment:create_file_with_runtime_dependencies(/home/namtruong/uuv_sim_home/install/uuv_simu/share/colcon-core/packages/uuv_simu)
[1.426s] DEBUG:colcon.colcon_parallel_executor.executor.parallel:closing loop
[1.427s] DEBUG:colcon.colcon_parallel_executor.executor.parallel:loop closed
[1.427s] DEBUG:colcon.colcon_parallel_executor.executor.parallel:run_until_complete finished with '0'
[1.427s] DEBUG:colcon.colcon_core.event_reactor:joining thread
[1.432s] INFO:colcon.colcon_core.plugin_system:Skipping extension 'colcon_notification.desktop_notification.terminal_notifier': Not used on non-Darwin systems
[1.432s] INFO:colcon.colcon_core.plugin_system:Skipping extension 'colcon_notification.desktop_notification.win32': Not used on non-Windows systems
[1.432s] INFO:colcon.colcon_notification.desktop_notification:Sending desktop notification using 'notify2'
[1.445s] DEBUG:colcon.colcon_core.event_reactor:joined thread
[1.445s] INFO:colcon.colcon_core.shell:Creating prefix script '/home/namtruong/uuv_sim_home/install/local_setup.ps1'
[1.446s] INFO:colcon.colcon_core.shell:Creating prefix util module '/home/namtruong/uuv_sim_home/install/_local_setup_util_ps1.py'
[1.447s] INFO:colcon.colcon_core.shell:Creating prefix chain script '/home/namtruong/uuv_sim_home/install/setup.ps1'
[1.448s] INFO:colcon.colcon_core.shell:Creating prefix script '/home/namtruong/uuv_sim_home/install/local_setup.sh'
[1.448s] INFO:colcon.colcon_core.shell:Creating prefix util module '/home/namtruong/uuv_sim_home/install/_local_setup_util_sh.py'
[1.448s] INFO:colcon.colcon_core.shell:Creating prefix chain script '/home/namtruong/uuv_sim_home/install/setup.sh'
[1.449s] INFO:colcon.colcon_core.shell:Creating prefix script '/home/namtruong/uuv_sim_home/install/local_setup.bash'
[1.450s] INFO:colcon.colcon_core.shell:Creating prefix chain script '/home/namtruong/uuv_sim_home/install/setup.bash'
[1.451s] INFO:colcon.colcon_core.shell:Creating prefix script '/home/namtruong/uuv_sim_home/install/local_setup.zsh'
[1.451s] INFO:colcon.colcon_core.shell:Creating prefix chain script '/home/namtruong/uuv_sim_home/install/setup.zsh'
