[0.079s] DEBUG:colcon:Command line arguments: ['/usr/bin/colcon', 'build']
[0.079s] DEBUG:colcon:Parsed command line arguments: Namespace(log_base=None, log_level=None, verb_name='build', build_base='build', install_base='install', merge_install=False, symlink_install=False, test_result_base=None, continue_on_error=False, executor='parallel', parallel_workers=16, event_handlers=None, ignore_user_meta=False, metas=['./colcon.meta'], base_paths=['.'], packages_ignore=None, packages_ignore_regex=None, paths=None, packages_up_to=None, packages_up_to_regex=None, packages_above=None, packages_above_and_dependencies=None, packages_above_depth=None, packages_select_by_dep=None, packages_skip_by_dep=None, packages_skip_up_to=None, packages_select_build_failed=False, packages_skip_build_finished=False, packages_select_test_failures=False, packages_skip_test_passed=False, packages_select=None, packages_skip=None, packages_select_regex=None, packages_skip_regex=None, packages_start=None, packages_end=None, allow_overriding=[], cmake_args=None, cmake_target=None, cmake_target_skip_unavailable=False, cmake_clean_cache=False, cmake_clean_first=False, cmake_force_configure=False, ament_cmake_args=None, catkin_cmake_args=None, catkin_skip_building_tests=False, verb_parser=<colcon_defaults.argument_parser.defaults.DefaultArgumentsDecorator object at 0x70865f3103e0>, verb_extension=<colcon_core.verb.build.BuildVerb object at 0x70865f49a000>, main=<bound method BuildVerb.main of <colcon_core.verb.build.BuildVerb object at 0x70865f49a000>>)
[0.108s] Level 1:colcon.colcon_core.package_discovery:discover_packages(colcon_meta) check parameters
[0.108s] Level 1:colcon.colcon_core.package_discovery:discover_packages(recursive) check parameters
[0.108s] Level 1:colcon.colcon_core.package_discovery:discover_packages(ignore) check parameters
[0.108s] Level 1:colcon.colcon_core.package_discovery:discover_packages(path) check parameters
[0.108s] Level 1:colcon.colcon_core.package_discovery:discover_packages(colcon_meta) discover
[0.108s] Level 1:colcon.colcon_core.package_discovery:discover_packages(recursive) discover
[0.108s] INFO:colcon.colcon_core.package_discovery:Crawling recursively for packages in '/home/namtruong/uuv_sim_home'
[0.108s] Level 1:colcon.colcon_core.package_identification:_identify(.) by extensions ['ignore', 'ignore_ament_install']
[0.108s] Level 1:colcon.colcon_core.package_identification:_identify(.) by extension 'ignore'
[0.108s] Level 1:colcon.colcon_core.package_identification:_identify(.) by extension 'ignore_ament_install'
[0.108s] Level 1:colcon.colcon_core.package_identification:_identify(.) by extensions ['colcon_pkg']
[0.108s] Level 1:colcon.colcon_core.package_identification:_identify(.) by extension 'colcon_pkg'
[0.109s] Level 1:colcon.colcon_core.package_identification:_identify(.) by extensions ['colcon_meta']
[0.109s] Level 1:colcon.colcon_core.package_identification:_identify(.) by extension 'colcon_meta'
[0.109s] Level 1:colcon.colcon_core.package_identification:_identify(.) by extensions ['ros']
[0.109s] Level 1:colcon.colcon_core.package_identification:_identify(.) by extension 'ros'
[0.126s] Level 1:colcon.colcon_core.package_identification:_identify(.) by extensions ['cmake', 'python']
[0.126s] Level 1:colcon.colcon_core.package_identification:_identify(.) by extension 'cmake'
[0.126s] Level 1:colcon.colcon_core.package_identification:_identify(.) by extension 'python'
[0.126s] Level 1:colcon.colcon_core.package_identification:_identify(.) by extensions ['python_setup_py']
[0.126s] Level 1:colcon.colcon_core.package_identification:_identify(.) by extension 'python_setup_py'
[0.127s] Level 1:colcon.colcon_core.package_identification:_identify(build) by extensions ['ignore', 'ignore_ament_install']
[0.127s] Level 1:colcon.colcon_core.package_identification:_identify(build) by extension 'ignore'
[0.127s] Level 1:colcon.colcon_core.package_identification:_identify(build) ignored
[0.127s] Level 1:colcon.colcon_core.package_identification:_identify(install) by extensions ['ignore', 'ignore_ament_install']
[0.127s] Level 1:colcon.colcon_core.package_identification:_identify(install) by extension 'ignore'
[0.127s] Level 1:colcon.colcon_core.package_identification:_identify(install) ignored
[0.127s] Level 1:colcon.colcon_core.package_identification:_identify(log) by extensions ['ignore', 'ignore_ament_install']
[0.127s] Level 1:colcon.colcon_core.package_identification:_identify(log) by extension 'ignore'
[0.127s] Level 1:colcon.colcon_core.package_identification:_identify(log) ignored
[0.127s] Level 1:colcon.colcon_core.package_identification:_identify(src) by extensions ['ignore', 'ignore_ament_install']
[0.127s] Level 1:colcon.colcon_core.package_identification:_identify(src) by extension 'ignore'
[0.127s] Level 1:colcon.colcon_core.package_identification:_identify(src) by extension 'ignore_ament_install'
[0.127s] Level 1:colcon.colcon_core.package_identification:_identify(src) by extensions ['colcon_pkg']
[0.127s] Level 1:colcon.colcon_core.package_identification:_identify(src) by extension 'colcon_pkg'
[0.127s] Level 1:colcon.colcon_core.package_identification:_identify(src) by extensions ['colcon_meta']
[0.127s] Level 1:colcon.colcon_core.package_identification:_identify(src) by extension 'colcon_meta'
[0.127s] Level 1:colcon.colcon_core.package_identification:_identify(src) by extensions ['ros']
[0.127s] Level 1:colcon.colcon_core.package_identification:_identify(src) by extension 'ros'
[0.127s] Level 1:colcon.colcon_core.package_identification:_identify(src) by extensions ['cmake', 'python']
[0.128s] Level 1:colcon.colcon_core.package_identification:_identify(src) by extension 'cmake'
[0.128s] Level 1:colcon.colcon_core.package_identification:_identify(src) by extension 'python'
[0.128s] Level 1:colcon.colcon_core.package_identification:_identify(src) by extensions ['python_setup_py']
[0.128s] Level 1:colcon.colcon_core.package_identification:_identify(src) by extension 'python_setup_py'
[0.128s] Level 1:colcon.colcon_core.package_identification:_identify(src/dave_gz_model_plugins) by extensions ['ignore', 'ignore_ament_install']
[0.128s] Level 1:colcon.colcon_core.package_identification:_identify(src/dave_gz_model_plugins) by extension 'ignore'
[0.128s] Level 1:colcon.colcon_core.package_identification:_identify(src/dave_gz_model_plugins) by extension 'ignore_ament_install'
[0.128s] Level 1:colcon.colcon_core.package_identification:_identify(src/dave_gz_model_plugins) by extensions ['colcon_pkg']
[0.128s] Level 1:colcon.colcon_core.package_identification:_identify(src/dave_gz_model_plugins) by extension 'colcon_pkg'
[0.128s] Level 1:colcon.colcon_core.package_identification:_identify(src/dave_gz_model_plugins) by extensions ['colcon_meta']
[0.128s] Level 1:colcon.colcon_core.package_identification:_identify(src/dave_gz_model_plugins) by extension 'colcon_meta'
[0.128s] Level 1:colcon.colcon_core.package_identification:_identify(src/dave_gz_model_plugins) by extensions ['ros']
[0.128s] Level 1:colcon.colcon_core.package_identification:_identify(src/dave_gz_model_plugins) by extension 'ros'
[0.130s] DEBUG:colcon.colcon_core.package_identification:Package 'src/dave_gz_model_plugins' with type 'ros.ament_cmake' and name 'dave_gz_model_plugins'
[0.130s] Level 1:colcon.colcon_core.package_identification:_identify(src/dave_gz_sensor_plugins) by extensions ['ignore', 'ignore_ament_install']
[0.130s] Level 1:colcon.colcon_core.package_identification:_identify(src/dave_gz_sensor_plugins) by extension 'ignore'
[0.130s] Level 1:colcon.colcon_core.package_identification:_identify(src/dave_gz_sensor_plugins) by extension 'ignore_ament_install'
[0.130s] Level 1:colcon.colcon_core.package_identification:_identify(src/dave_gz_sensor_plugins) by extensions ['colcon_pkg']
[0.130s] Level 1:colcon.colcon_core.package_identification:_identify(src/dave_gz_sensor_plugins) by extension 'colcon_pkg'
[0.130s] Level 1:colcon.colcon_core.package_identification:_identify(src/dave_gz_sensor_plugins) by extensions ['colcon_meta']
[0.130s] Level 1:colcon.colcon_core.package_identification:_identify(src/dave_gz_sensor_plugins) by extension 'colcon_meta'
[0.130s] Level 1:colcon.colcon_core.package_identification:_identify(src/dave_gz_sensor_plugins) by extensions ['ros']
[0.130s] Level 1:colcon.colcon_core.package_identification:_identify(src/dave_gz_sensor_plugins) by extension 'ros'
[0.131s] DEBUG:colcon.colcon_core.package_identification:Package 'src/dave_gz_sensor_plugins' with type 'ros.ament_cmake' and name 'dave_gz_sensor_plugins'
[0.131s] Level 1:colcon.colcon_core.package_identification:_identify(src/dave_gz_world_plugins) by extensions ['ignore', 'ignore_ament_install']
[0.131s] Level 1:colcon.colcon_core.package_identification:_identify(src/dave_gz_world_plugins) by extension 'ignore'
[0.131s] Level 1:colcon.colcon_core.package_identification:_identify(src/dave_gz_world_plugins) by extension 'ignore_ament_install'
[0.131s] Level 1:colcon.colcon_core.package_identification:_identify(src/dave_gz_world_plugins) by extensions ['colcon_pkg']
[0.131s] Level 1:colcon.colcon_core.package_identification:_identify(src/dave_gz_world_plugins) by extension 'colcon_pkg'
[0.131s] Level 1:colcon.colcon_core.package_identification:_identify(src/dave_gz_world_plugins) by extensions ['colcon_meta']
[0.131s] Level 1:colcon.colcon_core.package_identification:_identify(src/dave_gz_world_plugins) by extension 'colcon_meta'
[0.131s] Level 1:colcon.colcon_core.package_identification:_identify(src/dave_gz_world_plugins) by extensions ['ros']
[0.131s] Level 1:colcon.colcon_core.package_identification:_identify(src/dave_gz_world_plugins) by extension 'ros'
[0.132s] DEBUG:colcon.colcon_core.package_identification:Package 'src/dave_gz_world_plugins' with type 'ros.ament_cmake' and name 'dave_gz_world_plugins'
[0.132s] Level 1:colcon.colcon_core.package_identification:_identify(src/dave_interfaces) by extensions ['ignore', 'ignore_ament_install']
[0.132s] Level 1:colcon.colcon_core.package_identification:_identify(src/dave_interfaces) by extension 'ignore'
[0.132s] Level 1:colcon.colcon_core.package_identification:_identify(src/dave_interfaces) by extension 'ignore_ament_install'
[0.132s] Level 1:colcon.colcon_core.package_identification:_identify(src/dave_interfaces) by extensions ['colcon_pkg']
[0.133s] Level 1:colcon.colcon_core.package_identification:_identify(src/dave_interfaces) by extension 'colcon_pkg'
[0.133s] Level 1:colcon.colcon_core.package_identification:_identify(src/dave_interfaces) by extensions ['colcon_meta']
[0.133s] Level 1:colcon.colcon_core.package_identification:_identify(src/dave_interfaces) by extension 'colcon_meta'
[0.133s] Level 1:colcon.colcon_core.package_identification:_identify(src/dave_interfaces) by extensions ['ros']
[0.133s] Level 1:colcon.colcon_core.package_identification:_identify(src/dave_interfaces) by extension 'ros'
[0.133s] DEBUG:colcon.colcon_core.package_identification:Package 'src/dave_interfaces' with type 'ros.ament_cmake' and name 'dave_interfaces'
[0.133s] Level 1:colcon.colcon_core.package_identification:_identify(src/dave_object_models) by extensions ['ignore', 'ignore_ament_install']
[0.133s] Level 1:colcon.colcon_core.package_identification:_identify(src/dave_object_models) by extension 'ignore'
[0.133s] Level 1:colcon.colcon_core.package_identification:_identify(src/dave_object_models) by extension 'ignore_ament_install'
[0.133s] Level 1:colcon.colcon_core.package_identification:_identify(src/dave_object_models) by extensions ['colcon_pkg']
[0.133s] Level 1:colcon.colcon_core.package_identification:_identify(src/dave_object_models) by extension 'colcon_pkg'
[0.133s] Level 1:colcon.colcon_core.package_identification:_identify(src/dave_object_models) by extensions ['colcon_meta']
[0.133s] Level 1:colcon.colcon_core.package_identification:_identify(src/dave_object_models) by extension 'colcon_meta'
[0.133s] Level 1:colcon.colcon_core.package_identification:_identify(src/dave_object_models) by extensions ['ros']
[0.133s] Level 1:colcon.colcon_core.package_identification:_identify(src/dave_object_models) by extension 'ros'
[0.134s] DEBUG:colcon.colcon_core.package_identification:Package 'src/dave_object_models' with type 'ros.ament_cmake' and name 'dave_object_models'
[0.134s] Level 1:colcon.colcon_core.package_identification:_identify(src/dave_robot_models) by extensions ['ignore', 'ignore_ament_install']
[0.134s] Level 1:colcon.colcon_core.package_identification:_identify(src/dave_robot_models) by extension 'ignore'
[0.134s] Level 1:colcon.colcon_core.package_identification:_identify(src/dave_robot_models) by extension 'ignore_ament_install'
[0.134s] Level 1:colcon.colcon_core.package_identification:_identify(src/dave_robot_models) by extensions ['colcon_pkg']
[0.134s] Level 1:colcon.colcon_core.package_identification:_identify(src/dave_robot_models) by extension 'colcon_pkg'
[0.134s] Level 1:colcon.colcon_core.package_identification:_identify(src/dave_robot_models) by extensions ['colcon_meta']
[0.134s] Level 1:colcon.colcon_core.package_identification:_identify(src/dave_robot_models) by extension 'colcon_meta'
[0.134s] Level 1:colcon.colcon_core.package_identification:_identify(src/dave_robot_models) by extensions ['ros']
[0.134s] Level 1:colcon.colcon_core.package_identification:_identify(src/dave_robot_models) by extension 'ros'
[0.134s] DEBUG:colcon.colcon_core.package_identification:Package 'src/dave_robot_models' with type 'ros.ament_cmake' and name 'dave_robot_models'
[0.135s] Level 1:colcon.colcon_core.package_identification:_identify(src/dave_ros_gz_plugins) by extensions ['ignore', 'ignore_ament_install']
[0.135s] Level 1:colcon.colcon_core.package_identification:_identify(src/dave_ros_gz_plugins) by extension 'ignore'
[0.135s] Level 1:colcon.colcon_core.package_identification:_identify(src/dave_ros_gz_plugins) by extension 'ignore_ament_install'
[0.135s] Level 1:colcon.colcon_core.package_identification:_identify(src/dave_ros_gz_plugins) by extensions ['colcon_pkg']
[0.135s] Level 1:colcon.colcon_core.package_identification:_identify(src/dave_ros_gz_plugins) by extension 'colcon_pkg'
[0.135s] Level 1:colcon.colcon_core.package_identification:_identify(src/dave_ros_gz_plugins) by extensions ['colcon_meta']
[0.135s] Level 1:colcon.colcon_core.package_identification:_identify(src/dave_ros_gz_plugins) by extension 'colcon_meta'
[0.135s] Level 1:colcon.colcon_core.package_identification:_identify(src/dave_ros_gz_plugins) by extensions ['ros']
[0.135s] Level 1:colcon.colcon_core.package_identification:_identify(src/dave_ros_gz_plugins) by extension 'ros'
[0.135s] DEBUG:colcon.colcon_core.package_identification:Package 'src/dave_ros_gz_plugins' with type 'ros.ament_cmake' and name 'dave_ros_gz_plugins'
[0.136s] Level 1:colcon.colcon_core.package_identification:_identify(src/dave_worlds) by extensions ['ignore', 'ignore_ament_install']
[0.136s] Level 1:colcon.colcon_core.package_identification:_identify(src/dave_worlds) by extension 'ignore'
[0.136s] Level 1:colcon.colcon_core.package_identification:_identify(src/dave_worlds) by extension 'ignore_ament_install'
[0.136s] Level 1:colcon.colcon_core.package_identification:_identify(src/dave_worlds) by extensions ['colcon_pkg']
[0.136s] Level 1:colcon.colcon_core.package_identification:_identify(src/dave_worlds) by extension 'colcon_pkg'
[0.136s] Level 1:colcon.colcon_core.package_identification:_identify(src/dave_worlds) by extensions ['colcon_meta']
[0.136s] Level 1:colcon.colcon_core.package_identification:_identify(src/dave_worlds) by extension 'colcon_meta'
[0.136s] Level 1:colcon.colcon_core.package_identification:_identify(src/dave_worlds) by extensions ['ros']
[0.136s] Level 1:colcon.colcon_core.package_identification:_identify(src/dave_worlds) by extension 'ros'
[0.136s] DEBUG:colcon.colcon_core.package_identification:Package 'src/dave_worlds' with type 'ros.ament_cmake' and name 'dave_worlds'
[0.136s] Level 1:colcon.colcon_core.package_identification:_identify(src/multibeam_sonar) by extensions ['ignore', 'ignore_ament_install']
[0.136s] Level 1:colcon.colcon_core.package_identification:_identify(src/multibeam_sonar) by extension 'ignore'
[0.136s] Level 1:colcon.colcon_core.package_identification:_identify(src/multibeam_sonar) by extension 'ignore_ament_install'
[0.136s] Level 1:colcon.colcon_core.package_identification:_identify(src/multibeam_sonar) by extensions ['colcon_pkg']
[0.136s] Level 1:colcon.colcon_core.package_identification:_identify(src/multibeam_sonar) by extension 'colcon_pkg'
[0.136s] Level 1:colcon.colcon_core.package_identification:_identify(src/multibeam_sonar) by extensions ['colcon_meta']
[0.137s] Level 1:colcon.colcon_core.package_identification:_identify(src/multibeam_sonar) by extension 'colcon_meta'
[0.137s] Level 1:colcon.colcon_core.package_identification:_identify(src/multibeam_sonar) by extensions ['ros']
[0.137s] Level 1:colcon.colcon_core.package_identification:_identify(src/multibeam_sonar) by extension 'ros'
[0.137s] DEBUG:colcon.colcon_core.package_identification:Package 'src/multibeam_sonar' with type 'ros.ament_cmake' and name 'multibeam_sonar'
[0.137s] Level 1:colcon.colcon_core.package_identification:_identify(src/multibeam_sonar_demo) by extensions ['ignore', 'ignore_ament_install']
[0.137s] Level 1:colcon.colcon_core.package_identification:_identify(src/multibeam_sonar_demo) by extension 'ignore'
[0.137s] Level 1:colcon.colcon_core.package_identification:_identify(src/multibeam_sonar_demo) by extension 'ignore_ament_install'
[0.138s] Level 1:colcon.colcon_core.package_identification:_identify(src/multibeam_sonar_demo) by extensions ['colcon_pkg']
[0.138s] Level 1:colcon.colcon_core.package_identification:_identify(src/multibeam_sonar_demo) by extension 'colcon_pkg'
[0.138s] Level 1:colcon.colcon_core.package_identification:_identify(src/multibeam_sonar_demo) by extensions ['colcon_meta']
[0.138s] Level 1:colcon.colcon_core.package_identification:_identify(src/multibeam_sonar_demo) by extension 'colcon_meta'
[0.138s] Level 1:colcon.colcon_core.package_identification:_identify(src/multibeam_sonar_demo) by extensions ['ros']
[0.138s] Level 1:colcon.colcon_core.package_identification:_identify(src/multibeam_sonar_demo) by extension 'ros'
[0.138s] DEBUG:colcon.colcon_core.package_identification:Package 'src/multibeam_sonar_demo' with type 'ros.ament_cmake' and name 'dave_multibeam_sonar_demo'
[0.138s] Level 1:colcon.colcon_core.package_identification:_identify(src/multibeam_sonar_system) by extensions ['ignore', 'ignore_ament_install']
[0.138s] Level 1:colcon.colcon_core.package_identification:_identify(src/multibeam_sonar_system) by extension 'ignore'
[0.138s] Level 1:colcon.colcon_core.package_identification:_identify(src/multibeam_sonar_system) by extension 'ignore_ament_install'
[0.138s] Level 1:colcon.colcon_core.package_identification:_identify(src/multibeam_sonar_system) by extensions ['colcon_pkg']
[0.138s] Level 1:colcon.colcon_core.package_identification:_identify(src/multibeam_sonar_system) by extension 'colcon_pkg'
[0.138s] Level 1:colcon.colcon_core.package_identification:_identify(src/multibeam_sonar_system) by extensions ['colcon_meta']
[0.138s] Level 1:colcon.colcon_core.package_identification:_identify(src/multibeam_sonar_system) by extension 'colcon_meta'
[0.138s] Level 1:colcon.colcon_core.package_identification:_identify(src/multibeam_sonar_system) by extensions ['ros']
[0.138s] Level 1:colcon.colcon_core.package_identification:_identify(src/multibeam_sonar_system) by extension 'ros'
[0.139s] DEBUG:colcon.colcon_core.package_identification:Package 'src/multibeam_sonar_system' with type 'ros.ament_cmake' and name 'multibeam_sonar_system'
[0.139s] Level 1:colcon.colcon_core.package_identification:_identify(src/uuv_simu) by extensions ['ignore', 'ignore_ament_install']
[0.139s] Level 1:colcon.colcon_core.package_identification:_identify(src/uuv_simu) by extension 'ignore'
[0.139s] Level 1:colcon.colcon_core.package_identification:_identify(src/uuv_simu) by extension 'ignore_ament_install'
[0.139s] Level 1:colcon.colcon_core.package_identification:_identify(src/uuv_simu) by extensions ['colcon_pkg']
[0.139s] Level 1:colcon.colcon_core.package_identification:_identify(src/uuv_simu) by extension 'colcon_pkg'
[0.139s] Level 1:colcon.colcon_core.package_identification:_identify(src/uuv_simu) by extensions ['colcon_meta']
[0.139s] Level 1:colcon.colcon_core.package_identification:_identify(src/uuv_simu) by extension 'colcon_meta'
[0.139s] Level 1:colcon.colcon_core.package_identification:_identify(src/uuv_simu) by extensions ['ros']
[0.139s] Level 1:colcon.colcon_core.package_identification:_identify(src/uuv_simu) by extension 'ros'
[0.140s] DEBUG:colcon.colcon_core.package_identification:Package 'src/uuv_simu' with type 'ros.ament_python' and name 'uuv_simu'
[0.140s] Level 1:colcon.colcon_core.package_discovery:discover_packages(recursive) using defaults
[0.140s] Level 1:colcon.colcon_core.package_discovery:discover_packages(ignore) discover
[0.140s] Level 1:colcon.colcon_core.package_discovery:discover_packages(ignore) using defaults
[0.140s] Level 1:colcon.colcon_core.package_discovery:discover_packages(path) discover
[0.140s] Level 1:colcon.colcon_core.package_discovery:discover_packages(path) using defaults
[0.155s] Level 1:colcon.colcon_core.package_discovery:discover_packages(prefix_path) check parameters
[0.155s] Level 1:colcon.colcon_core.package_discovery:discover_packages(prefix_path) discover
[0.156s] DEBUG:colcon.colcon_installed_package_information.package_discovery:Found 12 installed packages in /home/namtruong/uuv_sim_home/install
[0.158s] DEBUG:colcon.colcon_installed_package_information.package_discovery:Found 325 installed packages in /opt/ros/jazzy
[0.159s] Level 1:colcon.colcon_core.package_discovery:discover_packages(prefix_path) using defaults
[0.193s] Level 5:colcon.colcon_core.verb:set package 'dave_interfaces' build argument 'cmake_args' from command line to 'None'
[0.193s] Level 5:colcon.colcon_core.verb:set package 'dave_interfaces' build argument 'cmake_target' from command line to 'None'
[0.193s] Level 5:colcon.colcon_core.verb:set package 'dave_interfaces' build argument 'cmake_target_skip_unavailable' from command line to 'False'
[0.193s] Level 5:colcon.colcon_core.verb:set package 'dave_interfaces' build argument 'cmake_clean_cache' from command line to 'False'
[0.193s] Level 5:colcon.colcon_core.verb:set package 'dave_interfaces' build argument 'cmake_clean_first' from command line to 'False'
[0.193s] Level 5:colcon.colcon_core.verb:set package 'dave_interfaces' build argument 'cmake_force_configure' from command line to 'False'
[0.193s] Level 5:colcon.colcon_core.verb:set package 'dave_interfaces' build argument 'ament_cmake_args' from command line to 'None'
[0.193s] Level 5:colcon.colcon_core.verb:set package 'dave_interfaces' build argument 'catkin_cmake_args' from command line to 'None'
[0.193s] Level 5:colcon.colcon_core.verb:set package 'dave_interfaces' build argument 'catkin_skip_building_tests' from command line to 'False'
[0.193s] DEBUG:colcon.colcon_core.verb:Building package 'dave_interfaces' with the following arguments: {'ament_cmake_args': None, 'build_base': '/home/namtruong/uuv_sim_home/build/dave_interfaces', 'catkin_cmake_args': None, 'catkin_skip_building_tests': False, 'cmake_args': None, 'cmake_clean_cache': False, 'cmake_clean_first': False, 'cmake_force_configure': False, 'cmake_target': None, 'cmake_target_skip_unavailable': False, 'install_base': '/home/namtruong/uuv_sim_home/install/dave_interfaces', 'merge_install': False, 'path': '/home/namtruong/uuv_sim_home/src/dave_interfaces', 'symlink_install': False, 'test_result_base': None}
[0.193s] Level 5:colcon.colcon_core.verb:set package 'dave_multibeam_sonar_demo' build argument 'cmake_args' from command line to 'None'
[0.193s] Level 5:colcon.colcon_core.verb:set package 'dave_multibeam_sonar_demo' build argument 'cmake_target' from command line to 'None'
[0.193s] Level 5:colcon.colcon_core.verb:set package 'dave_multibeam_sonar_demo' build argument 'cmake_target_skip_unavailable' from command line to 'False'
[0.193s] Level 5:colcon.colcon_core.verb:set package 'dave_multibeam_sonar_demo' build argument 'cmake_clean_cache' from command line to 'False'
[0.193s] Level 5:colcon.colcon_core.verb:set package 'dave_multibeam_sonar_demo' build argument 'cmake_clean_first' from command line to 'False'
[0.193s] Level 5:colcon.colcon_core.verb:set package 'dave_multibeam_sonar_demo' build argument 'cmake_force_configure' from command line to 'False'
[0.193s] Level 5:colcon.colcon_core.verb:set package 'dave_multibeam_sonar_demo' build argument 'ament_cmake_args' from command line to 'None'
[0.193s] Level 5:colcon.colcon_core.verb:set package 'dave_multibeam_sonar_demo' build argument 'catkin_cmake_args' from command line to 'None'
[0.193s] Level 5:colcon.colcon_core.verb:set package 'dave_multibeam_sonar_demo' build argument 'catkin_skip_building_tests' from command line to 'False'
[0.193s] DEBUG:colcon.colcon_core.verb:Building package 'dave_multibeam_sonar_demo' with the following arguments: {'ament_cmake_args': None, 'build_base': '/home/namtruong/uuv_sim_home/build/dave_multibeam_sonar_demo', 'catkin_cmake_args': None, 'catkin_skip_building_tests': False, 'cmake_args': None, 'cmake_clean_cache': False, 'cmake_clean_first': False, 'cmake_force_configure': False, 'cmake_target': None, 'cmake_target_skip_unavailable': False, 'install_base': '/home/namtruong/uuv_sim_home/install/dave_multibeam_sonar_demo', 'merge_install': False, 'path': '/home/namtruong/uuv_sim_home/src/multibeam_sonar_demo', 'symlink_install': False, 'test_result_base': None}
[0.193s] Level 5:colcon.colcon_core.verb:set package 'dave_object_models' build argument 'cmake_args' from command line to 'None'
[0.193s] Level 5:colcon.colcon_core.verb:set package 'dave_object_models' build argument 'cmake_target' from command line to 'None'
[0.194s] Level 5:colcon.colcon_core.verb:set package 'dave_object_models' build argument 'cmake_target_skip_unavailable' from command line to 'False'
[0.194s] Level 5:colcon.colcon_core.verb:set package 'dave_object_models' build argument 'cmake_clean_cache' from command line to 'False'
[0.194s] Level 5:colcon.colcon_core.verb:set package 'dave_object_models' build argument 'cmake_clean_first' from command line to 'False'
[0.194s] Level 5:colcon.colcon_core.verb:set package 'dave_object_models' build argument 'cmake_force_configure' from command line to 'False'
[0.194s] Level 5:colcon.colcon_core.verb:set package 'dave_object_models' build argument 'ament_cmake_args' from command line to 'None'
[0.194s] Level 5:colcon.colcon_core.verb:set package 'dave_object_models' build argument 'catkin_cmake_args' from command line to 'None'
[0.194s] Level 5:colcon.colcon_core.verb:set package 'dave_object_models' build argument 'catkin_skip_building_tests' from command line to 'False'
[0.194s] DEBUG:colcon.colcon_core.verb:Building package 'dave_object_models' with the following arguments: {'ament_cmake_args': None, 'build_base': '/home/namtruong/uuv_sim_home/build/dave_object_models', 'catkin_cmake_args': None, 'catkin_skip_building_tests': False, 'cmake_args': None, 'cmake_clean_cache': False, 'cmake_clean_first': False, 'cmake_force_configure': False, 'cmake_target': None, 'cmake_target_skip_unavailable': False, 'install_base': '/home/namtruong/uuv_sim_home/install/dave_object_models', 'merge_install': False, 'path': '/home/namtruong/uuv_sim_home/src/dave_object_models', 'symlink_install': False, 'test_result_base': None}
[0.194s] Level 5:colcon.colcon_core.verb:set package 'dave_robot_models' build argument 'cmake_args' from command line to 'None'
[0.194s] Level 5:colcon.colcon_core.verb:set package 'dave_robot_models' build argument 'cmake_target' from command line to 'None'
[0.194s] Level 5:colcon.colcon_core.verb:set package 'dave_robot_models' build argument 'cmake_target_skip_unavailable' from command line to 'False'
[0.194s] Level 5:colcon.colcon_core.verb:set package 'dave_robot_models' build argument 'cmake_clean_cache' from command line to 'False'
[0.194s] Level 5:colcon.colcon_core.verb:set package 'dave_robot_models' build argument 'cmake_clean_first' from command line to 'False'
[0.194s] Level 5:colcon.colcon_core.verb:set package 'dave_robot_models' build argument 'cmake_force_configure' from command line to 'False'
[0.194s] Level 5:colcon.colcon_core.verb:set package 'dave_robot_models' build argument 'ament_cmake_args' from command line to 'None'
[0.194s] Level 5:colcon.colcon_core.verb:set package 'dave_robot_models' build argument 'catkin_cmake_args' from command line to 'None'
[0.194s] Level 5:colcon.colcon_core.verb:set package 'dave_robot_models' build argument 'catkin_skip_building_tests' from command line to 'False'
[0.194s] DEBUG:colcon.colcon_core.verb:Building package 'dave_robot_models' with the following arguments: {'ament_cmake_args': None, 'build_base': '/home/namtruong/uuv_sim_home/build/dave_robot_models', 'catkin_cmake_args': None, 'catkin_skip_building_tests': False, 'cmake_args': None, 'cmake_clean_cache': False, 'cmake_clean_first': False, 'cmake_force_configure': False, 'cmake_target': None, 'cmake_target_skip_unavailable': False, 'install_base': '/home/namtruong/uuv_sim_home/install/dave_robot_models', 'merge_install': False, 'path': '/home/namtruong/uuv_sim_home/src/dave_robot_models', 'symlink_install': False, 'test_result_base': None}
[0.194s] Level 5:colcon.colcon_core.verb:set package 'dave_worlds' build argument 'cmake_args' from command line to 'None'
[0.194s] Level 5:colcon.colcon_core.verb:set package 'dave_worlds' build argument 'cmake_target' from command line to 'None'
[0.194s] Level 5:colcon.colcon_core.verb:set package 'dave_worlds' build argument 'cmake_target_skip_unavailable' from command line to 'False'
[0.194s] Level 5:colcon.colcon_core.verb:set package 'dave_worlds' build argument 'cmake_clean_cache' from command line to 'False'
[0.194s] Level 5:colcon.colcon_core.verb:set package 'dave_worlds' build argument 'cmake_clean_first' from command line to 'False'
[0.194s] Level 5:colcon.colcon_core.verb:set package 'dave_worlds' build argument 'cmake_force_configure' from command line to 'False'
[0.194s] Level 5:colcon.colcon_core.verb:set package 'dave_worlds' build argument 'ament_cmake_args' from command line to 'None'
[0.194s] Level 5:colcon.colcon_core.verb:set package 'dave_worlds' build argument 'catkin_cmake_args' from command line to 'None'
[0.194s] Level 5:colcon.colcon_core.verb:set package 'dave_worlds' build argument 'catkin_skip_building_tests' from command line to 'False'
[0.194s] DEBUG:colcon.colcon_core.verb:Building package 'dave_worlds' with the following arguments: {'ament_cmake_args': None, 'build_base': '/home/namtruong/uuv_sim_home/build/dave_worlds', 'catkin_cmake_args': None, 'catkin_skip_building_tests': False, 'cmake_args': None, 'cmake_clean_cache': False, 'cmake_clean_first': False, 'cmake_force_configure': False, 'cmake_target': None, 'cmake_target_skip_unavailable': False, 'install_base': '/home/namtruong/uuv_sim_home/install/dave_worlds', 'merge_install': False, 'path': '/home/namtruong/uuv_sim_home/src/dave_worlds', 'symlink_install': False, 'test_result_base': None}
[0.195s] Level 5:colcon.colcon_core.verb:set package 'multibeam_sonar_system' build argument 'cmake_args' from command line to 'None'
[0.195s] Level 5:colcon.colcon_core.verb:set package 'multibeam_sonar_system' build argument 'cmake_target' from command line to 'None'
[0.195s] Level 5:colcon.colcon_core.verb:set package 'multibeam_sonar_system' build argument 'cmake_target_skip_unavailable' from command line to 'False'
[0.195s] Level 5:colcon.colcon_core.verb:set package 'multibeam_sonar_system' build argument 'cmake_clean_cache' from command line to 'False'
[0.195s] Level 5:colcon.colcon_core.verb:set package 'multibeam_sonar_system' build argument 'cmake_clean_first' from command line to 'False'
[0.195s] Level 5:colcon.colcon_core.verb:set package 'multibeam_sonar_system' build argument 'cmake_force_configure' from command line to 'False'
[0.195s] Level 5:colcon.colcon_core.verb:set package 'multibeam_sonar_system' build argument 'ament_cmake_args' from command line to 'None'
[0.195s] Level 5:colcon.colcon_core.verb:set package 'multibeam_sonar_system' build argument 'catkin_cmake_args' from command line to 'None'
[0.195s] Level 5:colcon.colcon_core.verb:set package 'multibeam_sonar_system' build argument 'catkin_skip_building_tests' from command line to 'False'
[0.195s] DEBUG:colcon.colcon_core.verb:Building package 'multibeam_sonar_system' with the following arguments: {'ament_cmake_args': None, 'build_base': '/home/namtruong/uuv_sim_home/build/multibeam_sonar_system', 'catkin_cmake_args': None, 'catkin_skip_building_tests': False, 'cmake_args': None, 'cmake_clean_cache': False, 'cmake_clean_first': False, 'cmake_force_configure': False, 'cmake_target': None, 'cmake_target_skip_unavailable': False, 'install_base': '/home/namtruong/uuv_sim_home/install/multibeam_sonar_system', 'merge_install': False, 'path': '/home/namtruong/uuv_sim_home/src/multibeam_sonar_system', 'symlink_install': False, 'test_result_base': None}
[0.195s] Level 5:colcon.colcon_core.verb:set package 'dave_gz_sensor_plugins' build argument 'cmake_args' from command line to 'None'
[0.195s] Level 5:colcon.colcon_core.verb:set package 'dave_gz_sensor_plugins' build argument 'cmake_target' from command line to 'None'
[0.195s] Level 5:colcon.colcon_core.verb:set package 'dave_gz_sensor_plugins' build argument 'cmake_target_skip_unavailable' from command line to 'False'
[0.195s] Level 5:colcon.colcon_core.verb:set package 'dave_gz_sensor_plugins' build argument 'cmake_clean_cache' from command line to 'False'
[0.195s] Level 5:colcon.colcon_core.verb:set package 'dave_gz_sensor_plugins' build argument 'cmake_clean_first' from command line to 'False'
[0.195s] Level 5:colcon.colcon_core.verb:set package 'dave_gz_sensor_plugins' build argument 'cmake_force_configure' from command line to 'False'
[0.195s] Level 5:colcon.colcon_core.verb:set package 'dave_gz_sensor_plugins' build argument 'ament_cmake_args' from command line to 'None'
[0.195s] Level 5:colcon.colcon_core.verb:set package 'dave_gz_sensor_plugins' build argument 'catkin_cmake_args' from command line to 'None'
[0.195s] Level 5:colcon.colcon_core.verb:set package 'dave_gz_sensor_plugins' build argument 'catkin_skip_building_tests' from command line to 'False'
[0.195s] DEBUG:colcon.colcon_core.verb:Building package 'dave_gz_sensor_plugins' with the following arguments: {'ament_cmake_args': None, 'build_base': '/home/namtruong/uuv_sim_home/build/dave_gz_sensor_plugins', 'catkin_cmake_args': None, 'catkin_skip_building_tests': False, 'cmake_args': None, 'cmake_clean_cache': False, 'cmake_clean_first': False, 'cmake_force_configure': False, 'cmake_target': None, 'cmake_target_skip_unavailable': False, 'install_base': '/home/namtruong/uuv_sim_home/install/dave_gz_sensor_plugins', 'merge_install': False, 'path': '/home/namtruong/uuv_sim_home/src/dave_gz_sensor_plugins', 'symlink_install': False, 'test_result_base': None}
[0.195s] Level 5:colcon.colcon_core.verb:set package 'dave_gz_world_plugins' build argument 'cmake_args' from command line to 'None'
[0.195s] Level 5:colcon.colcon_core.verb:set package 'dave_gz_world_plugins' build argument 'cmake_target' from command line to 'None'
[0.195s] Level 5:colcon.colcon_core.verb:set package 'dave_gz_world_plugins' build argument 'cmake_target_skip_unavailable' from command line to 'False'
[0.195s] Level 5:colcon.colcon_core.verb:set package 'dave_gz_world_plugins' build argument 'cmake_clean_cache' from command line to 'False'
[0.195s] Level 5:colcon.colcon_core.verb:set package 'dave_gz_world_plugins' build argument 'cmake_clean_first' from command line to 'False'
[0.196s] Level 5:colcon.colcon_core.verb:set package 'dave_gz_world_plugins' build argument 'cmake_force_configure' from command line to 'False'
[0.196s] Level 5:colcon.colcon_core.verb:set package 'dave_gz_world_plugins' build argument 'ament_cmake_args' from command line to 'None'
[0.196s] Level 5:colcon.colcon_core.verb:set package 'dave_gz_world_plugins' build argument 'catkin_cmake_args' from command line to 'None'
[0.196s] Level 5:colcon.colcon_core.verb:set package 'dave_gz_world_plugins' build argument 'catkin_skip_building_tests' from command line to 'False'
[0.196s] DEBUG:colcon.colcon_core.verb:Building package 'dave_gz_world_plugins' with the following arguments: {'ament_cmake_args': None, 'build_base': '/home/namtruong/uuv_sim_home/build/dave_gz_world_plugins', 'catkin_cmake_args': None, 'catkin_skip_building_tests': False, 'cmake_args': None, 'cmake_clean_cache': False, 'cmake_clean_first': False, 'cmake_force_configure': False, 'cmake_target': None, 'cmake_target_skip_unavailable': False, 'install_base': '/home/namtruong/uuv_sim_home/install/dave_gz_world_plugins', 'merge_install': False, 'path': '/home/namtruong/uuv_sim_home/src/dave_gz_world_plugins', 'symlink_install': False, 'test_result_base': None}
[0.196s] Level 5:colcon.colcon_core.verb:set package 'multibeam_sonar' build argument 'cmake_args' from command line to 'None'
[0.196s] Level 5:colcon.colcon_core.verb:set package 'multibeam_sonar' build argument 'cmake_target' from command line to 'None'
[0.196s] Level 5:colcon.colcon_core.verb:set package 'multibeam_sonar' build argument 'cmake_target_skip_unavailable' from command line to 'False'
[0.196s] Level 5:colcon.colcon_core.verb:set package 'multibeam_sonar' build argument 'cmake_clean_cache' from command line to 'False'
[0.196s] Level 5:colcon.colcon_core.verb:set package 'multibeam_sonar' build argument 'cmake_clean_first' from command line to 'False'
[0.196s] Level 5:colcon.colcon_core.verb:set package 'multibeam_sonar' build argument 'cmake_force_configure' from command line to 'False'
[0.196s] Level 5:colcon.colcon_core.verb:set package 'multibeam_sonar' build argument 'ament_cmake_args' from command line to 'None'
[0.196s] Level 5:colcon.colcon_core.verb:set package 'multibeam_sonar' build argument 'catkin_cmake_args' from command line to 'None'
[0.196s] Level 5:colcon.colcon_core.verb:set package 'multibeam_sonar' build argument 'catkin_skip_building_tests' from command line to 'False'
[0.196s] DEBUG:colcon.colcon_core.verb:Building package 'multibeam_sonar' with the following arguments: {'ament_cmake_args': None, 'build_base': '/home/namtruong/uuv_sim_home/build/multibeam_sonar', 'catkin_cmake_args': None, 'catkin_skip_building_tests': False, 'cmake_args': None, 'cmake_clean_cache': False, 'cmake_clean_first': False, 'cmake_force_configure': False, 'cmake_target': None, 'cmake_target_skip_unavailable': False, 'install_base': '/home/namtruong/uuv_sim_home/install/multibeam_sonar', 'merge_install': False, 'path': '/home/namtruong/uuv_sim_home/src/multibeam_sonar', 'symlink_install': False, 'test_result_base': None}
[0.196s] Level 5:colcon.colcon_core.verb:set package 'uuv_simu' build argument 'cmake_args' from command line to 'None'
[0.196s] Level 5:colcon.colcon_core.verb:set package 'uuv_simu' build argument 'cmake_target' from command line to 'None'
[0.196s] Level 5:colcon.colcon_core.verb:set package 'uuv_simu' build argument 'cmake_target_skip_unavailable' from command line to 'False'
[0.196s] Level 5:colcon.colcon_core.verb:set package 'uuv_simu' build argument 'cmake_clean_cache' from command line to 'False'
[0.196s] Level 5:colcon.colcon_core.verb:set package 'uuv_simu' build argument 'cmake_clean_first' from command line to 'False'
[0.196s] Level 5:colcon.colcon_core.verb:set package 'uuv_simu' build argument 'cmake_force_configure' from command line to 'False'
[0.196s] Level 5:colcon.colcon_core.verb:set package 'uuv_simu' build argument 'ament_cmake_args' from command line to 'None'
[0.196s] Level 5:colcon.colcon_core.verb:set package 'uuv_simu' build argument 'catkin_cmake_args' from command line to 'None'
[0.196s] Level 5:colcon.colcon_core.verb:set package 'uuv_simu' build argument 'catkin_skip_building_tests' from command line to 'False'
[0.196s] DEBUG:colcon.colcon_core.verb:Building package 'uuv_simu' with the following arguments: {'ament_cmake_args': None, 'build_base': '/home/namtruong/uuv_sim_home/build/uuv_simu', 'catkin_cmake_args': None, 'catkin_skip_building_tests': False, 'cmake_args': None, 'cmake_clean_cache': False, 'cmake_clean_first': False, 'cmake_force_configure': False, 'cmake_target': None, 'cmake_target_skip_unavailable': False, 'install_base': '/home/namtruong/uuv_sim_home/install/uuv_simu', 'merge_install': False, 'path': '/home/namtruong/uuv_sim_home/src/uuv_simu', 'symlink_install': False, 'test_result_base': None}
[0.197s] Level 5:colcon.colcon_core.verb:set package 'dave_ros_gz_plugins' build argument 'cmake_args' from command line to 'None'
[0.197s] Level 5:colcon.colcon_core.verb:set package 'dave_ros_gz_plugins' build argument 'cmake_target' from command line to 'None'
[0.197s] Level 5:colcon.colcon_core.verb:set package 'dave_ros_gz_plugins' build argument 'cmake_target_skip_unavailable' from command line to 'False'
[0.197s] Level 5:colcon.colcon_core.verb:set package 'dave_ros_gz_plugins' build argument 'cmake_clean_cache' from command line to 'False'
[0.197s] Level 5:colcon.colcon_core.verb:set package 'dave_ros_gz_plugins' build argument 'cmake_clean_first' from command line to 'False'
[0.197s] Level 5:colcon.colcon_core.verb:set package 'dave_ros_gz_plugins' build argument 'cmake_force_configure' from command line to 'False'
[0.197s] Level 5:colcon.colcon_core.verb:set package 'dave_ros_gz_plugins' build argument 'ament_cmake_args' from command line to 'None'
[0.197s] Level 5:colcon.colcon_core.verb:set package 'dave_ros_gz_plugins' build argument 'catkin_cmake_args' from command line to 'None'
[0.197s] Level 5:colcon.colcon_core.verb:set package 'dave_ros_gz_plugins' build argument 'catkin_skip_building_tests' from command line to 'False'
[0.197s] DEBUG:colcon.colcon_core.verb:Building package 'dave_ros_gz_plugins' with the following arguments: {'ament_cmake_args': None, 'build_base': '/home/namtruong/uuv_sim_home/build/dave_ros_gz_plugins', 'catkin_cmake_args': None, 'catkin_skip_building_tests': False, 'cmake_args': None, 'cmake_clean_cache': False, 'cmake_clean_first': False, 'cmake_force_configure': False, 'cmake_target': None, 'cmake_target_skip_unavailable': False, 'install_base': '/home/namtruong/uuv_sim_home/install/dave_ros_gz_plugins', 'merge_install': False, 'path': '/home/namtruong/uuv_sim_home/src/dave_ros_gz_plugins', 'symlink_install': False, 'test_result_base': None}
[0.197s] Level 5:colcon.colcon_core.verb:set package 'dave_gz_model_plugins' build argument 'cmake_args' from command line to 'None'
[0.197s] Level 5:colcon.colcon_core.verb:set package 'dave_gz_model_plugins' build argument 'cmake_target' from command line to 'None'
[0.197s] Level 5:colcon.colcon_core.verb:set package 'dave_gz_model_plugins' build argument 'cmake_target_skip_unavailable' from command line to 'False'
[0.197s] Level 5:colcon.colcon_core.verb:set package 'dave_gz_model_plugins' build argument 'cmake_clean_cache' from command line to 'False'
[0.197s] Level 5:colcon.colcon_core.verb:set package 'dave_gz_model_plugins' build argument 'cmake_clean_first' from command line to 'False'
[0.197s] Level 5:colcon.colcon_core.verb:set package 'dave_gz_model_plugins' build argument 'cmake_force_configure' from command line to 'False'
[0.197s] Level 5:colcon.colcon_core.verb:set package 'dave_gz_model_plugins' build argument 'ament_cmake_args' from command line to 'None'
[0.197s] Level 5:colcon.colcon_core.verb:set package 'dave_gz_model_plugins' build argument 'catkin_cmake_args' from command line to 'None'
[0.197s] Level 5:colcon.colcon_core.verb:set package 'dave_gz_model_plugins' build argument 'catkin_skip_building_tests' from command line to 'False'
[0.197s] DEBUG:colcon.colcon_core.verb:Building package 'dave_gz_model_plugins' with the following arguments: {'ament_cmake_args': None, 'build_base': '/home/namtruong/uuv_sim_home/build/dave_gz_model_plugins', 'catkin_cmake_args': None, 'catkin_skip_building_tests': False, 'cmake_args': None, 'cmake_clean_cache': False, 'cmake_clean_first': False, 'cmake_force_configure': False, 'cmake_target': None, 'cmake_target_skip_unavailable': False, 'install_base': '/home/namtruong/uuv_sim_home/install/dave_gz_model_plugins', 'merge_install': False, 'path': '/home/namtruong/uuv_sim_home/src/dave_gz_model_plugins', 'symlink_install': False, 'test_result_base': None}
[0.197s] INFO:colcon.colcon_core.executor:Executing jobs using 'parallel' executor
[0.198s] DEBUG:colcon.colcon_parallel_executor.executor.parallel:run_until_complete
[0.198s] INFO:colcon.colcon_ros.task.ament_cmake.build:Building ROS package in '/home/namtruong/uuv_sim_home/src/dave_interfaces' with build type 'ament_cmake'
[0.198s] INFO:colcon.colcon_cmake.task.cmake.build:Building CMake package in '/home/namtruong/uuv_sim_home/src/dave_interfaces'
[0.200s] INFO:colcon.colcon_core.plugin_system:Skipping extension 'colcon_core.shell.bat': Not used on non-Windows systems
[0.200s] INFO:colcon.colcon_core.shell:Skip shell extension 'powershell' for command environment: Not usable outside of PowerShell
[0.200s] DEBUG:colcon.colcon_core.shell:Skip shell extension 'dsv' for command environment
[0.204s] INFO:colcon.colcon_ros.task.ament_cmake.build:Building ROS package in '/home/namtruong/uuv_sim_home/src/dave_robot_models' with build type 'ament_cmake'
[0.204s] INFO:colcon.colcon_cmake.task.cmake.build:Building CMake package in '/home/namtruong/uuv_sim_home/src/dave_robot_models'
[0.204s] INFO:colcon.colcon_core.shell:Skip shell extension 'powershell' for command environment: Not usable outside of PowerShell
[0.204s] DEBUG:colcon.colcon_core.shell:Skip shell extension 'dsv' for command environment
[0.207s] INFO:colcon.colcon_ros.task.ament_cmake.build:Building ROS package in '/home/namtruong/uuv_sim_home/src/multibeam_sonar_demo' with build type 'ament_cmake'
[0.207s] INFO:colcon.colcon_cmake.task.cmake.build:Building CMake package in '/home/namtruong/uuv_sim_home/src/multibeam_sonar_demo'
[0.207s] INFO:colcon.colcon_core.shell:Skip shell extension 'powershell' for command environment: Not usable outside of PowerShell
[0.207s] DEBUG:colcon.colcon_core.shell:Skip shell extension 'dsv' for command environment
[0.210s] INFO:colcon.colcon_ros.task.ament_cmake.build:Building ROS package in '/home/namtruong/uuv_sim_home/src/dave_object_models' with build type 'ament_cmake'
[0.210s] INFO:colcon.colcon_cmake.task.cmake.build:Building CMake package in '/home/namtruong/uuv_sim_home/src/dave_object_models'
[0.210s] INFO:colcon.colcon_core.shell:Skip shell extension 'powershell' for command environment: Not usable outside of PowerShell
[0.210s] DEBUG:colcon.colcon_core.shell:Skip shell extension 'dsv' for command environment
[0.213s] INFO:colcon.colcon_ros.task.ament_cmake.build:Building ROS package in '/home/namtruong/uuv_sim_home/src/dave_worlds' with build type 'ament_cmake'
[0.213s] INFO:colcon.colcon_cmake.task.cmake.build:Building CMake package in '/home/namtruong/uuv_sim_home/src/dave_worlds'
[0.213s] INFO:colcon.colcon_core.shell:Skip shell extension 'powershell' for command environment: Not usable outside of PowerShell
[0.213s] DEBUG:colcon.colcon_core.shell:Skip shell extension 'dsv' for command environment
[0.216s] INFO:colcon.colcon_ros.task.ament_cmake.build:Building ROS package in '/home/namtruong/uuv_sim_home/src/multibeam_sonar_system' with build type 'ament_cmake'
[0.216s] INFO:colcon.colcon_cmake.task.cmake.build:Building CMake package in '/home/namtruong/uuv_sim_home/src/multibeam_sonar_system'
[0.216s] INFO:colcon.colcon_core.shell:Skip shell extension 'powershell' for command environment: Not usable outside of PowerShell
[0.216s] DEBUG:colcon.colcon_core.shell:Skip shell extension 'dsv' for command environment
[0.223s] DEBUG:colcon.colcon_core.event_handler.log_command:Invoking command in '/home/namtruong/uuv_sim_home/build/dave_interfaces': CMAKE_PREFIX_PATH=${CMAKE_PREFIX_PATH}:/home/namtruong/uuv_sim_home/install/uuv_simu:/opt/ros/jazzy DEBUGINFOD_URLS=https://debuginfod.ubuntu.com /usr/bin/cmake --build /home/namtruong/uuv_sim_home/build/dave_interfaces -- -j16 -l16
[0.224s] DEBUG:colcon.colcon_core.event_handler.log_command:Invoking command in '/home/namtruong/uuv_sim_home/build/dave_robot_models': CMAKE_PREFIX_PATH=${CMAKE_PREFIX_PATH}:/home/namtruong/uuv_sim_home/install/uuv_simu:/opt/ros/jazzy DEBUGINFOD_URLS=https://debuginfod.ubuntu.com /usr/bin/cmake --build /home/namtruong/uuv_sim_home/build/dave_robot_models -- -j16 -l16
[0.226s] DEBUG:colcon.colcon_core.event_handler.log_command:Invoking command in '/home/namtruong/uuv_sim_home/build/dave_multibeam_sonar_demo': CMAKE_PREFIX_PATH=${CMAKE_PREFIX_PATH}:/home/namtruong/uuv_sim_home/install/uuv_simu:/opt/ros/jazzy DEBUGINFOD_URLS=https://debuginfod.ubuntu.com /usr/bin/cmake --build /home/namtruong/uuv_sim_home/build/dave_multibeam_sonar_demo -- -j16 -l16
[0.227s] DEBUG:colcon.colcon_core.event_handler.log_command:Invoking command in '/home/namtruong/uuv_sim_home/build/dave_object_models': CMAKE_PREFIX_PATH=${CMAKE_PREFIX_PATH}:/home/namtruong/uuv_sim_home/install/uuv_simu:/opt/ros/jazzy DEBUGINFOD_URLS=https://debuginfod.ubuntu.com /usr/bin/cmake --build /home/namtruong/uuv_sim_home/build/dave_object_models -- -j16 -l16
[0.229s] DEBUG:colcon.colcon_core.event_handler.log_command:Invoking command in '/home/namtruong/uuv_sim_home/build/dave_worlds': CMAKE_PREFIX_PATH=${CMAKE_PREFIX_PATH}:/home/namtruong/uuv_sim_home/install/uuv_simu:/opt/ros/jazzy DEBUGINFOD_URLS=https://debuginfod.ubuntu.com /usr/bin/cmake --build /home/namtruong/uuv_sim_home/build/dave_worlds -- -j16 -l16
[0.235s] DEBUG:colcon.colcon_core.event_handler.log_command:Invoking command in '/home/namtruong/uuv_sim_home/build/multibeam_sonar_system': CMAKE_PREFIX_PATH=${CMAKE_PREFIX_PATH}:/home/namtruong/uuv_sim_home/install/uuv_simu:/opt/ros/jazzy DEBUGINFOD_URLS=https://debuginfod.ubuntu.com /usr/bin/cmake --build /home/namtruong/uuv_sim_home/build/multibeam_sonar_system -- -j16 -l16
[0.262s] DEBUG:colcon.colcon_core.event_handler.log_command:Invoked command in '/home/namtruong/uuv_sim_home/build/dave_object_models' returned '0': CMAKE_PREFIX_PATH=${CMAKE_PREFIX_PATH}:/home/namtruong/uuv_sim_home/install/uuv_simu:/opt/ros/jazzy DEBUGINFOD_URLS=https://debuginfod.ubuntu.com /usr/bin/cmake --build /home/namtruong/uuv_sim_home/build/dave_object_models -- -j16 -l16
[0.273s] DEBUG:colcon.colcon_core.event_handler.log_command:Invoking command in '/home/namtruong/uuv_sim_home/build/dave_object_models': CMAKE_PREFIX_PATH=${CMAKE_PREFIX_PATH}:/home/namtruong/uuv_sim_home/install/uuv_simu:/opt/ros/jazzy DEBUGINFOD_URLS=https://debuginfod.ubuntu.com /usr/bin/cmake --install /home/namtruong/uuv_sim_home/build/dave_object_models
[0.273s] DEBUG:colcon.colcon_core.event_handler.log_command:Invoked command in '/home/namtruong/uuv_sim_home/build/dave_robot_models' returned '0': CMAKE_PREFIX_PATH=${CMAKE_PREFIX_PATH}:/home/namtruong/uuv_sim_home/install/uuv_simu:/opt/ros/jazzy DEBUGINFOD_URLS=https://debuginfod.ubuntu.com /usr/bin/cmake --build /home/namtruong/uuv_sim_home/build/dave_robot_models -- -j16 -l16
[0.274s] DEBUG:colcon.colcon_core.event_handler.log_command:Invoking command in '/home/namtruong/uuv_sim_home/build/dave_robot_models': CMAKE_PREFIX_PATH=${CMAKE_PREFIX_PATH}:/home/namtruong/uuv_sim_home/install/uuv_simu:/opt/ros/jazzy DEBUGINFOD_URLS=https://debuginfod.ubuntu.com /usr/bin/cmake --install /home/namtruong/uuv_sim_home/build/dave_robot_models
[0.276s] DEBUG:colcon.colcon_core.event_handler.log_command:Invoked command in '/home/namtruong/uuv_sim_home/build/dave_multibeam_sonar_demo' returned '0': CMAKE_PREFIX_PATH=${CMAKE_PREFIX_PATH}:/home/namtruong/uuv_sim_home/install/uuv_simu:/opt/ros/jazzy DEBUGINFOD_URLS=https://debuginfod.ubuntu.com /usr/bin/cmake --build /home/namtruong/uuv_sim_home/build/dave_multibeam_sonar_demo -- -j16 -l16
[0.277s] DEBUG:colcon.colcon_core.event_handler.log_command:Invoking command in '/home/namtruong/uuv_sim_home/build/dave_multibeam_sonar_demo': CMAKE_PREFIX_PATH=${CMAKE_PREFIX_PATH}:/home/namtruong/uuv_sim_home/install/uuv_simu:/opt/ros/jazzy DEBUGINFOD_URLS=https://debuginfod.ubuntu.com /usr/bin/cmake --install /home/namtruong/uuv_sim_home/build/dave_multibeam_sonar_demo
[0.278s] DEBUG:colcon.colcon_core.event_handler.log_command:Invoked command in '/home/namtruong/uuv_sim_home/build/dave_worlds' returned '0': CMAKE_PREFIX_PATH=${CMAKE_PREFIX_PATH}:/home/namtruong/uuv_sim_home/install/uuv_simu:/opt/ros/jazzy DEBUGINFOD_URLS=https://debuginfod.ubuntu.com /usr/bin/cmake --build /home/namtruong/uuv_sim_home/build/dave_worlds -- -j16 -l16
[0.279s] DEBUG:colcon.colcon_core.event_handler.log_command:Invoking command in '/home/namtruong/uuv_sim_home/build/dave_worlds': CMAKE_PREFIX_PATH=${CMAKE_PREFIX_PATH}:/home/namtruong/uuv_sim_home/install/uuv_simu:/opt/ros/jazzy DEBUGINFOD_URLS=https://debuginfod.ubuntu.com /usr/bin/cmake --install /home/namtruong/uuv_sim_home/build/dave_worlds
[0.296s] Level 1:colcon.colcon_core.environment:create_environment_scripts_only(dave_object_models)
[0.296s] DEBUG:colcon.colcon_core.event_handler.log_command:Invoked command in '/home/namtruong/uuv_sim_home/build/dave_object_models' returned '0': CMAKE_PREFIX_PATH=${CMAKE_PREFIX_PATH}:/home/namtruong/uuv_sim_home/install/uuv_simu:/opt/ros/jazzy DEBUGINFOD_URLS=https://debuginfod.ubuntu.com /usr/bin/cmake --install /home/namtruong/uuv_sim_home/build/dave_object_models
[0.298s] Level 1:colcon.colcon_core.environment:checking '/home/namtruong/uuv_sim_home/install/dave_object_models' for CMake module files
[0.300s] Level 1:colcon.colcon_core.environment:checking '/home/namtruong/uuv_sim_home/install/dave_object_models' for CMake config files
[0.301s] Level 1:colcon.colcon_core.shell:create_environment_hook('dave_object_models', 'cmake_prefix_path')
[0.301s] INFO:colcon.colcon_core.shell:Creating environment hook '/home/namtruong/uuv_sim_home/install/dave_object_models/share/dave_object_models/hook/cmake_prefix_path.ps1'
[0.302s] INFO:colcon.colcon_core.shell:Creating environment descriptor '/home/namtruong/uuv_sim_home/install/dave_object_models/share/dave_object_models/hook/cmake_prefix_path.dsv'
[0.302s] INFO:colcon.colcon_core.shell:Creating environment hook '/home/namtruong/uuv_sim_home/install/dave_object_models/share/dave_object_models/hook/cmake_prefix_path.sh'
[0.303s] Level 1:colcon.colcon_core.environment:checking '/home/namtruong/uuv_sim_home/install/dave_object_models/bin'
[0.303s] Level 1:colcon.colcon_core.environment:checking '/home/namtruong/uuv_sim_home/install/dave_object_models/lib/pkgconfig/dave_object_models.pc'
[0.303s] Level 1:colcon.colcon_core.environment:checking '/home/namtruong/uuv_sim_home/install/dave_object_models/lib/python3.12/site-packages'
[0.304s] Level 1:colcon.colcon_core.environment:checking '/home/namtruong/uuv_sim_home/install/dave_object_models/bin'
[0.304s] INFO:colcon.colcon_core.shell:Creating package script '/home/namtruong/uuv_sim_home/install/dave_object_models/share/dave_object_models/package.ps1'
[0.305s] INFO:colcon.colcon_core.shell:Creating package descriptor '/home/namtruong/uuv_sim_home/install/dave_object_models/share/dave_object_models/package.dsv'
[0.305s] INFO:colcon.colcon_core.shell:Creating package script '/home/namtruong/uuv_sim_home/install/dave_object_models/share/dave_object_models/package.sh'
[0.306s] INFO:colcon.colcon_core.shell:Creating package script '/home/namtruong/uuv_sim_home/install/dave_object_models/share/dave_object_models/package.bash'
[0.307s] INFO:colcon.colcon_core.shell:Creating package script '/home/namtruong/uuv_sim_home/install/dave_object_models/share/dave_object_models/package.zsh'
[0.308s] Level 1:colcon.colcon_core.environment:create_file_with_runtime_dependencies(/home/namtruong/uuv_sim_home/install/dave_object_models/share/colcon-core/packages/dave_object_models)
[0.308s] Level 1:colcon.colcon_core.environment:create_environment_scripts_only(dave_object_models)
[0.308s] Level 1:colcon.colcon_core.environment:checking '/home/namtruong/uuv_sim_home/install/dave_object_models' for CMake module files
[0.309s] Level 1:colcon.colcon_core.environment:checking '/home/namtruong/uuv_sim_home/install/dave_object_models' for CMake config files
[0.309s] Level 1:colcon.colcon_core.shell:create_environment_hook('dave_object_models', 'cmake_prefix_path')
[0.310s] INFO:colcon.colcon_core.shell:Creating environment hook '/home/namtruong/uuv_sim_home/install/dave_object_models/share/dave_object_models/hook/cmake_prefix_path.ps1'
[0.310s] INFO:colcon.colcon_core.shell:Creating environment descriptor '/home/namtruong/uuv_sim_home/install/dave_object_models/share/dave_object_models/hook/cmake_prefix_path.dsv'
[0.310s] INFO:colcon.colcon_core.shell:Creating environment hook '/home/namtruong/uuv_sim_home/install/dave_object_models/share/dave_object_models/hook/cmake_prefix_path.sh'
[0.311s] Level 1:colcon.colcon_core.environment:checking '/home/namtruong/uuv_sim_home/install/dave_object_models/bin'
[0.311s] Level 1:colcon.colcon_core.environment:checking '/home/namtruong/uuv_sim_home/install/dave_object_models/lib/pkgconfig/dave_object_models.pc'
[0.311s] Level 1:colcon.colcon_core.environment:checking '/home/namtruong/uuv_sim_home/install/dave_object_models/lib/python3.12/site-packages'
[0.311s] Level 1:colcon.colcon_core.environment:checking '/home/namtruong/uuv_sim_home/install/dave_object_models/bin'
[0.311s] INFO:colcon.colcon_core.shell:Creating package script '/home/namtruong/uuv_sim_home/install/dave_object_models/share/dave_object_models/package.ps1'
[0.312s] INFO:colcon.colcon_core.shell:Creating package descriptor '/home/namtruong/uuv_sim_home/install/dave_object_models/share/dave_object_models/package.dsv'
[0.312s] INFO:colcon.colcon_core.shell:Creating package script '/home/namtruong/uuv_sim_home/install/dave_object_models/share/dave_object_models/package.sh'
[0.312s] INFO:colcon.colcon_core.shell:Creating package script '/home/namtruong/uuv_sim_home/install/dave_object_models/share/dave_object_models/package.bash'
[0.312s] INFO:colcon.colcon_core.shell:Creating package script '/home/namtruong/uuv_sim_home/install/dave_object_models/share/dave_object_models/package.zsh'
[0.313s] Level 1:colcon.colcon_core.environment:create_file_with_runtime_dependencies(/home/namtruong/uuv_sim_home/install/dave_object_models/share/colcon-core/packages/dave_object_models)
[0.314s] Level 1:colcon.colcon_core.environment:create_environment_scripts_only(dave_robot_models)
[0.314s] Level 1:colcon.colcon_core.environment:checking '/home/namtruong/uuv_sim_home/install/dave_robot_models' for CMake module files
[0.315s] DEBUG:colcon.colcon_core.event_handler.log_command:Invoked command in '/home/namtruong/uuv_sim_home/build/dave_robot_models' returned '0': CMAKE_PREFIX_PATH=${CMAKE_PREFIX_PATH}:/home/namtruong/uuv_sim_home/install/uuv_simu:/opt/ros/jazzy DEBUGINFOD_URLS=https://debuginfod.ubuntu.com /usr/bin/cmake --install /home/namtruong/uuv_sim_home/build/dave_robot_models
[0.315s] Level 1:colcon.colcon_core.environment:checking '/home/namtruong/uuv_sim_home/install/dave_robot_models' for CMake config files
[0.316s] Level 1:colcon.colcon_core.shell:create_environment_hook('dave_robot_models', 'cmake_prefix_path')
[0.316s] INFO:colcon.colcon_core.shell:Creating environment hook '/home/namtruong/uuv_sim_home/install/dave_robot_models/share/dave_robot_models/hook/cmake_prefix_path.ps1'
[0.316s] INFO:colcon.colcon_core.shell:Creating environment descriptor '/home/namtruong/uuv_sim_home/install/dave_robot_models/share/dave_robot_models/hook/cmake_prefix_path.dsv'
[0.316s] INFO:colcon.colcon_core.shell:Creating environment hook '/home/namtruong/uuv_sim_home/install/dave_robot_models/share/dave_robot_models/hook/cmake_prefix_path.sh'
[0.317s] Level 1:colcon.colcon_core.environment:checking '/home/namtruong/uuv_sim_home/install/dave_robot_models/lib'
[0.317s] Level 1:colcon.colcon_core.environment:checking '/home/namtruong/uuv_sim_home/install/dave_robot_models/bin'
[0.317s] Level 1:colcon.colcon_core.environment:checking '/home/namtruong/uuv_sim_home/install/dave_robot_models/lib/pkgconfig/dave_robot_models.pc'
[0.317s] Level 1:colcon.colcon_core.environment:checking '/home/namtruong/uuv_sim_home/install/dave_robot_models/lib/python3.12/site-packages'
[0.317s] Level 1:colcon.colcon_core.environment:checking '/home/namtruong/uuv_sim_home/install/dave_robot_models/bin'
[0.318s] INFO:colcon.colcon_core.shell:Creating package script '/home/namtruong/uuv_sim_home/install/dave_robot_models/share/dave_robot_models/package.ps1'
[0.318s] INFO:colcon.colcon_core.shell:Creating package descriptor '/home/namtruong/uuv_sim_home/install/dave_robot_models/share/dave_robot_models/package.dsv'
[0.318s] INFO:colcon.colcon_core.shell:Creating package script '/home/namtruong/uuv_sim_home/install/dave_robot_models/share/dave_robot_models/package.sh'
[0.319s] INFO:colcon.colcon_core.shell:Creating package script '/home/namtruong/uuv_sim_home/install/dave_robot_models/share/dave_robot_models/package.bash'
[0.319s] INFO:colcon.colcon_core.shell:Creating package script '/home/namtruong/uuv_sim_home/install/dave_robot_models/share/dave_robot_models/package.zsh'
[0.319s] Level 1:colcon.colcon_core.environment:create_file_with_runtime_dependencies(/home/namtruong/uuv_sim_home/install/dave_robot_models/share/colcon-core/packages/dave_robot_models)
[0.320s] Level 1:colcon.colcon_core.environment:create_environment_scripts_only(dave_robot_models)
[0.320s] Level 1:colcon.colcon_core.environment:checking '/home/namtruong/uuv_sim_home/install/dave_robot_models' for CMake module files
[0.320s] Level 1:colcon.colcon_core.environment:checking '/home/namtruong/uuv_sim_home/install/dave_robot_models' for CMake config files
[0.321s] Level 1:colcon.colcon_core.shell:create_environment_hook('dave_robot_models', 'cmake_prefix_path')
[0.321s] INFO:colcon.colcon_core.shell:Creating environment hook '/home/namtruong/uuv_sim_home/install/dave_robot_models/share/dave_robot_models/hook/cmake_prefix_path.ps1'
[0.321s] INFO:colcon.colcon_core.shell:Creating environment descriptor '/home/namtruong/uuv_sim_home/install/dave_robot_models/share/dave_robot_models/hook/cmake_prefix_path.dsv'
[0.322s] INFO:colcon.colcon_core.shell:Creating environment hook '/home/namtruong/uuv_sim_home/install/dave_robot_models/share/dave_robot_models/hook/cmake_prefix_path.sh'
[0.322s] Level 1:colcon.colcon_core.environment:checking '/home/namtruong/uuv_sim_home/install/dave_robot_models/lib'
[0.322s] Level 1:colcon.colcon_core.environment:checking '/home/namtruong/uuv_sim_home/install/dave_robot_models/bin'
[0.322s] Level 1:colcon.colcon_core.environment:checking '/home/namtruong/uuv_sim_home/install/dave_robot_models/lib/pkgconfig/dave_robot_models.pc'
[0.322s] Level 1:colcon.colcon_core.environment:checking '/home/namtruong/uuv_sim_home/install/dave_robot_models/lib/python3.12/site-packages'
[0.322s] Level 1:colcon.colcon_core.environment:checking '/home/namtruong/uuv_sim_home/install/dave_robot_models/bin'
[0.323s] INFO:colcon.colcon_core.shell:Creating package script '/home/namtruong/uuv_sim_home/install/dave_robot_models/share/dave_robot_models/package.ps1'
[0.323s] INFO:colcon.colcon_core.shell:Creating package descriptor '/home/namtruong/uuv_sim_home/install/dave_robot_models/share/dave_robot_models/package.dsv'
[0.323s] INFO:colcon.colcon_core.shell:Creating package script '/home/namtruong/uuv_sim_home/install/dave_robot_models/share/dave_robot_models/package.sh'
[0.324s] INFO:colcon.colcon_core.shell:Creating package script '/home/namtruong/uuv_sim_home/install/dave_robot_models/share/dave_robot_models/package.bash'
[0.324s] INFO:colcon.colcon_core.shell:Creating package script '/home/namtruong/uuv_sim_home/install/dave_robot_models/share/dave_robot_models/package.zsh'
[0.324s] Level 1:colcon.colcon_core.environment:create_file_with_runtime_dependencies(/home/namtruong/uuv_sim_home/install/dave_robot_models/share/colcon-core/packages/dave_robot_models)
[0.325s] INFO:colcon.colcon_ros.task.ament_python.build:Building ROS package in '/home/namtruong/uuv_sim_home/src/uuv_simu' with build type 'ament_python'
[0.325s] Level 1:colcon.colcon_core.shell:create_environment_hook('uuv_simu', 'ament_prefix_path')
[0.325s] INFO:colcon.colcon_core.shell:Creating environment hook '/home/namtruong/uuv_sim_home/install/uuv_simu/share/uuv_simu/hook/ament_prefix_path.ps1'
[0.326s] INFO:colcon.colcon_core.shell:Creating environment descriptor '/home/namtruong/uuv_sim_home/install/uuv_simu/share/uuv_simu/hook/ament_prefix_path.dsv'
[0.326s] INFO:colcon.colcon_core.shell:Creating environment hook '/home/namtruong/uuv_sim_home/install/uuv_simu/share/uuv_simu/hook/ament_prefix_path.sh'
[0.326s] INFO:colcon.colcon_core.shell:Skip shell extension 'powershell' for command environment: Not usable outside of PowerShell
[0.326s] DEBUG:colcon.colcon_core.shell:Skip shell extension 'dsv' for command environment
[0.330s] Level 1:colcon.colcon_core.environment:create_environment_scripts_only(dave_worlds)
[0.330s] Level 1:colcon.colcon_core.environment:checking '/home/namtruong/uuv_sim_home/install/dave_worlds' for CMake module files
[0.331s] DEBUG:colcon.colcon_core.event_handler.log_command:Invoked command in '/home/namtruong/uuv_sim_home/build/dave_worlds' returned '0': CMAKE_PREFIX_PATH=${CMAKE_PREFIX_PATH}:/home/namtruong/uuv_sim_home/install/uuv_simu:/opt/ros/jazzy DEBUGINFOD_URLS=https://debuginfod.ubuntu.com /usr/bin/cmake --install /home/namtruong/uuv_sim_home/build/dave_worlds
[0.331s] Level 1:colcon.colcon_core.environment:checking '/home/namtruong/uuv_sim_home/install/dave_worlds' for CMake config files
[0.331s] Level 1:colcon.colcon_core.shell:create_environment_hook('dave_worlds', 'cmake_prefix_path')
[0.332s] INFO:colcon.colcon_core.shell:Creating environment hook '/home/namtruong/uuv_sim_home/install/dave_worlds/share/dave_worlds/hook/cmake_prefix_path.ps1'
[0.332s] INFO:colcon.colcon_core.shell:Creating environment descriptor '/home/namtruong/uuv_sim_home/install/dave_worlds/share/dave_worlds/hook/cmake_prefix_path.dsv'
[0.332s] INFO:colcon.colcon_core.shell:Creating environment hook '/home/namtruong/uuv_sim_home/install/dave_worlds/share/dave_worlds/hook/cmake_prefix_path.sh'
[0.333s] Level 1:colcon.colcon_core.environment:checking '/home/namtruong/uuv_sim_home/install/dave_worlds/bin'
[0.333s] Level 1:colcon.colcon_core.environment:checking '/home/namtruong/uuv_sim_home/install/dave_worlds/lib/pkgconfig/dave_worlds.pc'
[0.333s] Level 1:colcon.colcon_core.environment:checking '/home/namtruong/uuv_sim_home/install/dave_worlds/lib/python3.12/site-packages'
[0.333s] Level 1:colcon.colcon_core.environment:checking '/home/namtruong/uuv_sim_home/install/dave_worlds/bin'
[0.334s] INFO:colcon.colcon_core.shell:Creating package script '/home/namtruong/uuv_sim_home/install/dave_worlds/share/dave_worlds/package.ps1'
[0.334s] INFO:colcon.colcon_core.shell:Creating package descriptor '/home/namtruong/uuv_sim_home/install/dave_worlds/share/dave_worlds/package.dsv'
[0.335s] INFO:colcon.colcon_core.shell:Creating package script '/home/namtruong/uuv_sim_home/install/dave_worlds/share/dave_worlds/package.sh'
[0.335s] INFO:colcon.colcon_core.shell:Creating package script '/home/namtruong/uuv_sim_home/install/dave_worlds/share/dave_worlds/package.bash'
[0.335s] INFO:colcon.colcon_core.shell:Creating package script '/home/namtruong/uuv_sim_home/install/dave_worlds/share/dave_worlds/package.zsh'
[0.335s] Level 1:colcon.colcon_core.environment:create_file_with_runtime_dependencies(/home/namtruong/uuv_sim_home/install/dave_worlds/share/colcon-core/packages/dave_worlds)
[0.336s] Level 1:colcon.colcon_core.environment:create_environment_scripts_only(dave_worlds)
[0.336s] Level 1:colcon.colcon_core.environment:checking '/home/namtruong/uuv_sim_home/install/dave_worlds' for CMake module files
[0.336s] Level 1:colcon.colcon_core.environment:checking '/home/namtruong/uuv_sim_home/install/dave_worlds' for CMake config files
[0.337s] Level 1:colcon.colcon_core.shell:create_environment_hook('dave_worlds', 'cmake_prefix_path')
[0.337s] INFO:colcon.colcon_core.shell:Creating environment hook '/home/namtruong/uuv_sim_home/install/dave_worlds/share/dave_worlds/hook/cmake_prefix_path.ps1'
[0.337s] INFO:colcon.colcon_core.shell:Creating environment descriptor '/home/namtruong/uuv_sim_home/install/dave_worlds/share/dave_worlds/hook/cmake_prefix_path.dsv'
[0.337s] INFO:colcon.colcon_core.shell:Creating environment hook '/home/namtruong/uuv_sim_home/install/dave_worlds/share/dave_worlds/hook/cmake_prefix_path.sh'
[0.338s] Level 1:colcon.colcon_core.environment:checking '/home/namtruong/uuv_sim_home/install/dave_worlds/bin'
[0.338s] Level 1:colcon.colcon_core.environment:checking '/home/namtruong/uuv_sim_home/install/dave_worlds/lib/pkgconfig/dave_worlds.pc'
[0.338s] Level 1:colcon.colcon_core.environment:checking '/home/namtruong/uuv_sim_home/install/dave_worlds/lib/python3.12/site-packages'
[0.338s] Level 1:colcon.colcon_core.environment:checking '/home/namtruong/uuv_sim_home/install/dave_worlds/bin'
[0.339s] INFO:colcon.colcon_core.shell:Creating package script '/home/namtruong/uuv_sim_home/install/dave_worlds/share/dave_worlds/package.ps1'
[0.339s] INFO:colcon.colcon_core.shell:Creating package descriptor '/home/namtruong/uuv_sim_home/install/dave_worlds/share/dave_worlds/package.dsv'
[0.339s] INFO:colcon.colcon_core.shell:Creating package script '/home/namtruong/uuv_sim_home/install/dave_worlds/share/dave_worlds/package.sh'
[0.340s] INFO:colcon.colcon_core.shell:Creating package script '/home/namtruong/uuv_sim_home/install/dave_worlds/share/dave_worlds/package.bash'
[0.340s] INFO:colcon.colcon_core.shell:Creating package script '/home/namtruong/uuv_sim_home/install/dave_worlds/share/dave_worlds/package.zsh'
[0.340s] Level 1:colcon.colcon_core.environment:create_file_with_runtime_dependencies(/home/namtruong/uuv_sim_home/install/dave_worlds/share/colcon-core/packages/dave_worlds)
[0.340s] Level 1:colcon.colcon_core.environment:create_environment_scripts_only(dave_multibeam_sonar_demo)
[0.341s] Level 1:colcon.colcon_core.environment:checking '/home/namtruong/uuv_sim_home/install/dave_multibeam_sonar_demo' for CMake module files
[0.342s] DEBUG:colcon.colcon_core.event_handler.log_command:Invoked command in '/home/namtruong/uuv_sim_home/build/dave_multibeam_sonar_demo' returned '0': CMAKE_PREFIX_PATH=${CMAKE_PREFIX_PATH}:/home/namtruong/uuv_sim_home/install/uuv_simu:/opt/ros/jazzy DEBUGINFOD_URLS=https://debuginfod.ubuntu.com /usr/bin/cmake --install /home/namtruong/uuv_sim_home/build/dave_multibeam_sonar_demo
[0.342s] Level 1:colcon.colcon_core.environment:checking '/home/namtruong/uuv_sim_home/install/dave_multibeam_sonar_demo' for CMake config files
[0.342s] Level 1:colcon.colcon_core.shell:create_environment_hook('dave_multibeam_sonar_demo', 'cmake_prefix_path')
[0.342s] INFO:colcon.colcon_core.shell:Creating environment hook '/home/namtruong/uuv_sim_home/install/dave_multibeam_sonar_demo/share/dave_multibeam_sonar_demo/hook/cmake_prefix_path.ps1'
[0.343s] INFO:colcon.colcon_core.shell:Creating environment descriptor '/home/namtruong/uuv_sim_home/install/dave_multibeam_sonar_demo/share/dave_multibeam_sonar_demo/hook/cmake_prefix_path.dsv'
[0.343s] INFO:colcon.colcon_core.shell:Creating environment hook '/home/namtruong/uuv_sim_home/install/dave_multibeam_sonar_demo/share/dave_multibeam_sonar_demo/hook/cmake_prefix_path.sh'
[0.344s] Level 1:colcon.colcon_core.environment:checking '/home/namtruong/uuv_sim_home/install/dave_multibeam_sonar_demo/bin'
[0.344s] Level 1:colcon.colcon_core.environment:checking '/home/namtruong/uuv_sim_home/install/dave_multibeam_sonar_demo/lib/pkgconfig/dave_multibeam_sonar_demo.pc'
[0.344s] Level 1:colcon.colcon_core.environment:checking '/home/namtruong/uuv_sim_home/install/dave_multibeam_sonar_demo/lib/python3.12/site-packages'
[0.344s] Level 1:colcon.colcon_core.environment:checking '/home/namtruong/uuv_sim_home/install/dave_multibeam_sonar_demo/bin'
[0.345s] INFO:colcon.colcon_core.shell:Creating package script '/home/namtruong/uuv_sim_home/install/dave_multibeam_sonar_demo/share/dave_multibeam_sonar_demo/package.ps1'
[0.345s] INFO:colcon.colcon_core.shell:Creating package descriptor '/home/namtruong/uuv_sim_home/install/dave_multibeam_sonar_demo/share/dave_multibeam_sonar_demo/package.dsv'
[0.345s] INFO:colcon.colcon_core.shell:Creating package script '/home/namtruong/uuv_sim_home/install/dave_multibeam_sonar_demo/share/dave_multibeam_sonar_demo/package.sh'
[0.346s] INFO:colcon.colcon_core.shell:Creating package script '/home/namtruong/uuv_sim_home/install/dave_multibeam_sonar_demo/share/dave_multibeam_sonar_demo/package.bash'
[0.346s] INFO:colcon.colcon_core.shell:Creating package script '/home/namtruong/uuv_sim_home/install/dave_multibeam_sonar_demo/share/dave_multibeam_sonar_demo/package.zsh'
[0.346s] Level 1:colcon.colcon_core.environment:create_file_with_runtime_dependencies(/home/namtruong/uuv_sim_home/install/dave_multibeam_sonar_demo/share/colcon-core/packages/dave_multibeam_sonar_demo)
[0.347s] Level 1:colcon.colcon_core.environment:create_environment_scripts_only(dave_multibeam_sonar_demo)
[0.347s] Level 1:colcon.colcon_core.environment:checking '/home/namtruong/uuv_sim_home/install/dave_multibeam_sonar_demo' for CMake module files
[0.347s] Level 1:colcon.colcon_core.environment:checking '/home/namtruong/uuv_sim_home/install/dave_multibeam_sonar_demo' for CMake config files
[0.347s] Level 1:colcon.colcon_core.shell:create_environment_hook('dave_multibeam_sonar_demo', 'cmake_prefix_path')
[0.348s] INFO:colcon.colcon_core.shell:Creating environment hook '/home/namtruong/uuv_sim_home/install/dave_multibeam_sonar_demo/share/dave_multibeam_sonar_demo/hook/cmake_prefix_path.ps1'
[0.348s] INFO:colcon.colcon_core.shell:Creating environment descriptor '/home/namtruong/uuv_sim_home/install/dave_multibeam_sonar_demo/share/dave_multibeam_sonar_demo/hook/cmake_prefix_path.dsv'
[0.348s] INFO:colcon.colcon_core.shell:Creating environment hook '/home/namtruong/uuv_sim_home/install/dave_multibeam_sonar_demo/share/dave_multibeam_sonar_demo/hook/cmake_prefix_path.sh'
[0.349s] Level 1:colcon.colcon_core.environment:checking '/home/namtruong/uuv_sim_home/install/dave_multibeam_sonar_demo/bin'
[0.349s] Level 1:colcon.colcon_core.environment:checking '/home/namtruong/uuv_sim_home/install/dave_multibeam_sonar_demo/lib/pkgconfig/dave_multibeam_sonar_demo.pc'
[0.349s] Level 1:colcon.colcon_core.environment:checking '/home/namtruong/uuv_sim_home/install/dave_multibeam_sonar_demo/lib/python3.12/site-packages'
[0.350s] Level 1:colcon.colcon_core.environment:checking '/home/namtruong/uuv_sim_home/install/dave_multibeam_sonar_demo/bin'
[0.350s] INFO:colcon.colcon_core.shell:Creating package script '/home/namtruong/uuv_sim_home/install/dave_multibeam_sonar_demo/share/dave_multibeam_sonar_demo/package.ps1'
[0.351s] INFO:colcon.colcon_core.shell:Creating package descriptor '/home/namtruong/uuv_sim_home/install/dave_multibeam_sonar_demo/share/dave_multibeam_sonar_demo/package.dsv'
[0.351s] INFO:colcon.colcon_core.shell:Creating package script '/home/namtruong/uuv_sim_home/install/dave_multibeam_sonar_demo/share/dave_multibeam_sonar_demo/package.sh'
[0.351s] INFO:colcon.colcon_core.shell:Creating package script '/home/namtruong/uuv_sim_home/install/dave_multibeam_sonar_demo/share/dave_multibeam_sonar_demo/package.bash'
[0.352s] INFO:colcon.colcon_core.shell:Creating package script '/home/namtruong/uuv_sim_home/install/dave_multibeam_sonar_demo/share/dave_multibeam_sonar_demo/package.zsh'
[0.352s] Level 1:colcon.colcon_core.environment:create_file_with_runtime_dependencies(/home/namtruong/uuv_sim_home/install/dave_multibeam_sonar_demo/share/colcon-core/packages/dave_multibeam_sonar_demo)
[0.517s] INFO:colcon.colcon_core.task.python.build:Building Python package in '/home/namtruong/uuv_sim_home/src/uuv_simu'
[0.517s] INFO:colcon.colcon_core.shell:Skip shell extension 'powershell' for command environment: Not usable outside of PowerShell
[0.517s] DEBUG:colcon.colcon_core.shell:Skip shell extension 'dsv' for command environment
[0.521s] DEBUG:colcon.colcon_core.event_handler.log_command:Invoked command in '/home/namtruong/uuv_sim_home/build/multibeam_sonar_system' returned '0': CMAKE_PREFIX_PATH=${CMAKE_PREFIX_PATH}:/home/namtruong/uuv_sim_home/install/uuv_simu:/opt/ros/jazzy DEBUGINFOD_URLS=https://debuginfod.ubuntu.com /usr/bin/cmake --build /home/namtruong/uuv_sim_home/build/multibeam_sonar_system -- -j16 -l16
[0.522s] DEBUG:colcon.colcon_core.event_handler.log_command:Invoking command in '/home/namtruong/uuv_sim_home/build/multibeam_sonar_system': CMAKE_PREFIX_PATH=${CMAKE_PREFIX_PATH}:/home/namtruong/uuv_sim_home/install/uuv_simu:/opt/ros/jazzy DEBUGINFOD_URLS=https://debuginfod.ubuntu.com /usr/bin/cmake --install /home/namtruong/uuv_sim_home/build/multibeam_sonar_system
[0.549s] Level 1:colcon.colcon_core.environment:create_environment_scripts_only(multibeam_sonar_system)
[0.549s] Level 1:colcon.colcon_core.environment:checking '/home/namtruong/uuv_sim_home/install/multibeam_sonar_system' for CMake module files
[0.549s] DEBUG:colcon.colcon_core.event_handler.log_command:Invoked command in '/home/namtruong/uuv_sim_home/build/multibeam_sonar_system' returned '0': CMAKE_PREFIX_PATH=${CMAKE_PREFIX_PATH}:/home/namtruong/uuv_sim_home/install/uuv_simu:/opt/ros/jazzy DEBUGINFOD_URLS=https://debuginfod.ubuntu.com /usr/bin/cmake --install /home/namtruong/uuv_sim_home/build/multibeam_sonar_system
[0.550s] Level 1:colcon.colcon_core.environment:checking '/home/namtruong/uuv_sim_home/install/multibeam_sonar_system' for CMake config files
[0.550s] Level 1:colcon.colcon_core.shell:create_environment_hook('multibeam_sonar_system', 'cmake_prefix_path')
[0.550s] INFO:colcon.colcon_core.shell:Creating environment hook '/home/namtruong/uuv_sim_home/install/multibeam_sonar_system/share/multibeam_sonar_system/hook/cmake_prefix_path.ps1'
[0.551s] INFO:colcon.colcon_core.shell:Creating environment descriptor '/home/namtruong/uuv_sim_home/install/multibeam_sonar_system/share/multibeam_sonar_system/hook/cmake_prefix_path.dsv'
[0.551s] INFO:colcon.colcon_core.shell:Creating environment hook '/home/namtruong/uuv_sim_home/install/multibeam_sonar_system/share/multibeam_sonar_system/hook/cmake_prefix_path.sh'
[0.551s] Level 1:colcon.colcon_core.environment:checking '/home/namtruong/uuv_sim_home/install/multibeam_sonar_system/lib'
[0.552s] Level 1:colcon.colcon_core.environment:checking '/home/namtruong/uuv_sim_home/install/multibeam_sonar_system/bin'
[0.552s] Level 1:colcon.colcon_core.environment:checking '/home/namtruong/uuv_sim_home/install/multibeam_sonar_system/lib/pkgconfig/multibeam_sonar_system.pc'
[0.552s] Level 1:colcon.colcon_core.environment:checking '/home/namtruong/uuv_sim_home/install/multibeam_sonar_system/lib/python3.12/site-packages'
[0.552s] Level 1:colcon.colcon_core.environment:checking '/home/namtruong/uuv_sim_home/install/multibeam_sonar_system/bin'
[0.552s] INFO:colcon.colcon_core.shell:Creating package script '/home/namtruong/uuv_sim_home/install/multibeam_sonar_system/share/multibeam_sonar_system/package.ps1'
[0.553s] INFO:colcon.colcon_core.shell:Creating package descriptor '/home/namtruong/uuv_sim_home/install/multibeam_sonar_system/share/multibeam_sonar_system/package.dsv'
[0.553s] INFO:colcon.colcon_core.shell:Creating package script '/home/namtruong/uuv_sim_home/install/multibeam_sonar_system/share/multibeam_sonar_system/package.sh'
[0.553s] INFO:colcon.colcon_core.shell:Creating package script '/home/namtruong/uuv_sim_home/install/multibeam_sonar_system/share/multibeam_sonar_system/package.bash'
[0.553s] INFO:colcon.colcon_core.shell:Creating package script '/home/namtruong/uuv_sim_home/install/multibeam_sonar_system/share/multibeam_sonar_system/package.zsh'
[0.554s] Level 1:colcon.colcon_core.environment:create_file_with_runtime_dependencies(/home/namtruong/uuv_sim_home/install/multibeam_sonar_system/share/colcon-core/packages/multibeam_sonar_system)
[0.554s] Level 1:colcon.colcon_core.environment:create_environment_scripts_only(multibeam_sonar_system)
[0.554s] Level 1:colcon.colcon_core.environment:checking '/home/namtruong/uuv_sim_home/install/multibeam_sonar_system' for CMake module files
[0.554s] Level 1:colcon.colcon_core.environment:checking '/home/namtruong/uuv_sim_home/install/multibeam_sonar_system' for CMake config files
[0.555s] Level 1:colcon.colcon_core.shell:create_environment_hook('multibeam_sonar_system', 'cmake_prefix_path')
[0.555s] INFO:colcon.colcon_core.shell:Creating environment hook '/home/namtruong/uuv_sim_home/install/multibeam_sonar_system/share/multibeam_sonar_system/hook/cmake_prefix_path.ps1'
[0.555s] INFO:colcon.colcon_core.shell:Creating environment descriptor '/home/namtruong/uuv_sim_home/install/multibeam_sonar_system/share/multibeam_sonar_system/hook/cmake_prefix_path.dsv'
[0.555s] INFO:colcon.colcon_core.shell:Creating environment hook '/home/namtruong/uuv_sim_home/install/multibeam_sonar_system/share/multibeam_sonar_system/hook/cmake_prefix_path.sh'
[0.556s] Level 1:colcon.colcon_core.environment:checking '/home/namtruong/uuv_sim_home/install/multibeam_sonar_system/lib'
[0.556s] Level 1:colcon.colcon_core.environment:checking '/home/namtruong/uuv_sim_home/install/multibeam_sonar_system/bin'
[0.556s] Level 1:colcon.colcon_core.environment:checking '/home/namtruong/uuv_sim_home/install/multibeam_sonar_system/lib/pkgconfig/multibeam_sonar_system.pc'
[0.556s] Level 1:colcon.colcon_core.environment:checking '/home/namtruong/uuv_sim_home/install/multibeam_sonar_system/lib/python3.12/site-packages'
[0.556s] Level 1:colcon.colcon_core.environment:checking '/home/namtruong/uuv_sim_home/install/multibeam_sonar_system/bin'
[0.556s] INFO:colcon.colcon_core.shell:Creating package script '/home/namtruong/uuv_sim_home/install/multibeam_sonar_system/share/multibeam_sonar_system/package.ps1'
[0.557s] INFO:colcon.colcon_core.shell:Creating package descriptor '/home/namtruong/uuv_sim_home/install/multibeam_sonar_system/share/multibeam_sonar_system/package.dsv'
[0.557s] INFO:colcon.colcon_core.shell:Creating package script '/home/namtruong/uuv_sim_home/install/multibeam_sonar_system/share/multibeam_sonar_system/package.sh'
[0.557s] INFO:colcon.colcon_core.shell:Creating package script '/home/namtruong/uuv_sim_home/install/multibeam_sonar_system/share/multibeam_sonar_system/package.bash'
[0.558s] INFO:colcon.colcon_core.shell:Creating package script '/home/namtruong/uuv_sim_home/install/multibeam_sonar_system/share/multibeam_sonar_system/package.zsh'
[0.558s] Level 1:colcon.colcon_core.environment:create_file_with_runtime_dependencies(/home/namtruong/uuv_sim_home/install/multibeam_sonar_system/share/colcon-core/packages/multibeam_sonar_system)
[0.584s] DEBUG:colcon.colcon_core.event_handler.log_command:Invoked command in '/home/namtruong/uuv_sim_home/build/dave_interfaces' returned '0': CMAKE_PREFIX_PATH=${CMAKE_PREFIX_PATH}:/home/namtruong/uuv_sim_home/install/uuv_simu:/opt/ros/jazzy DEBUGINFOD_URLS=https://debuginfod.ubuntu.com /usr/bin/cmake --build /home/namtruong/uuv_sim_home/build/dave_interfaces -- -j16 -l16
[0.585s] DEBUG:colcon.colcon_core.event_handler.log_command:Invoking command in '/home/namtruong/uuv_sim_home/build/dave_interfaces': CMAKE_PREFIX_PATH=${CMAKE_PREFIX_PATH}:/home/namtruong/uuv_sim_home/install/uuv_simu:/opt/ros/jazzy DEBUGINFOD_URLS=https://debuginfod.ubuntu.com /usr/bin/cmake --install /home/namtruong/uuv_sim_home/build/dave_interfaces
[0.691s] Level 1:colcon.colcon_core.environment:create_environment_scripts_only(dave_interfaces)
[0.692s] Level 1:colcon.colcon_core.environment:checking '/home/namtruong/uuv_sim_home/install/dave_interfaces' for CMake module files
[0.692s] DEBUG:colcon.colcon_core.event_handler.log_command:Invoked command in '/home/namtruong/uuv_sim_home/build/dave_interfaces' returned '0': CMAKE_PREFIX_PATH=${CMAKE_PREFIX_PATH}:/home/namtruong/uuv_sim_home/install/uuv_simu:/opt/ros/jazzy DEBUGINFOD_URLS=https://debuginfod.ubuntu.com /usr/bin/cmake --install /home/namtruong/uuv_sim_home/build/dave_interfaces
[0.693s] Level 1:colcon.colcon_core.environment:checking '/home/namtruong/uuv_sim_home/install/dave_interfaces' for CMake config files
[0.695s] Level 1:colcon.colcon_core.shell:create_environment_hook('dave_interfaces', 'cmake_prefix_path')
[0.695s] INFO:colcon.colcon_core.shell:Creating environment hook '/home/namtruong/uuv_sim_home/install/dave_interfaces/share/dave_interfaces/hook/cmake_prefix_path.ps1'
[0.695s] INFO:colcon.colcon_core.shell:Creating environment descriptor '/home/namtruong/uuv_sim_home/install/dave_interfaces/share/dave_interfaces/hook/cmake_prefix_path.dsv'
[0.696s] INFO:colcon.colcon_core.shell:Creating environment hook '/home/namtruong/uuv_sim_home/install/dave_interfaces/share/dave_interfaces/hook/cmake_prefix_path.sh'
[0.696s] Level 1:colcon.colcon_core.environment:checking '/home/namtruong/uuv_sim_home/install/dave_interfaces/lib'
[0.696s] Level 1:colcon.colcon_core.shell:create_environment_hook('dave_interfaces', 'ld_library_path_lib')
[0.696s] INFO:colcon.colcon_core.shell:Creating environment hook '/home/namtruong/uuv_sim_home/install/dave_interfaces/share/dave_interfaces/hook/ld_library_path_lib.ps1'
[0.697s] INFO:colcon.colcon_core.shell:Creating environment descriptor '/home/namtruong/uuv_sim_home/install/dave_interfaces/share/dave_interfaces/hook/ld_library_path_lib.dsv'
[0.697s] INFO:colcon.colcon_core.shell:Creating environment hook '/home/namtruong/uuv_sim_home/install/dave_interfaces/share/dave_interfaces/hook/ld_library_path_lib.sh'
[0.697s] Level 1:colcon.colcon_core.environment:checking '/home/namtruong/uuv_sim_home/install/dave_interfaces/bin'
[0.697s] Level 1:colcon.colcon_core.environment:checking '/home/namtruong/uuv_sim_home/install/dave_interfaces/lib/pkgconfig/dave_interfaces.pc'
[0.697s] Level 1:colcon.colcon_core.environment:checking '/home/namtruong/uuv_sim_home/install/dave_interfaces/lib/python3.12/site-packages'
[0.697s] Level 1:colcon.colcon_core.shell:create_environment_hook('dave_interfaces', 'pythonpath')
[0.698s] INFO:colcon.colcon_core.shell:Creating environment hook '/home/namtruong/uuv_sim_home/install/dave_interfaces/share/dave_interfaces/hook/pythonpath.ps1'
[0.698s] INFO:colcon.colcon_core.shell:Creating environment descriptor '/home/namtruong/uuv_sim_home/install/dave_interfaces/share/dave_interfaces/hook/pythonpath.dsv'
[0.698s] INFO:colcon.colcon_core.shell:Creating environment hook '/home/namtruong/uuv_sim_home/install/dave_interfaces/share/dave_interfaces/hook/pythonpath.sh'
[0.699s] Level 1:colcon.colcon_core.environment:checking '/home/namtruong/uuv_sim_home/install/dave_interfaces/bin'
[0.699s] INFO:colcon.colcon_core.shell:Creating package script '/home/namtruong/uuv_sim_home/install/dave_interfaces/share/dave_interfaces/package.ps1'
[0.700s] INFO:colcon.colcon_core.shell:Creating package descriptor '/home/namtruong/uuv_sim_home/install/dave_interfaces/share/dave_interfaces/package.dsv'
[0.700s] INFO:colcon.colcon_core.shell:Creating package script '/home/namtruong/uuv_sim_home/install/dave_interfaces/share/dave_interfaces/package.sh'
[0.700s] INFO:colcon.colcon_core.shell:Creating package script '/home/namtruong/uuv_sim_home/install/dave_interfaces/share/dave_interfaces/package.bash'
[0.701s] INFO:colcon.colcon_core.shell:Creating package script '/home/namtruong/uuv_sim_home/install/dave_interfaces/share/dave_interfaces/package.zsh'
[0.701s] Level 1:colcon.colcon_core.environment:create_file_with_runtime_dependencies(/home/namtruong/uuv_sim_home/install/dave_interfaces/share/colcon-core/packages/dave_interfaces)
[0.701s] Level 1:colcon.colcon_core.environment:create_environment_scripts_only(dave_interfaces)
[0.702s] Level 1:colcon.colcon_core.environment:checking '/home/namtruong/uuv_sim_home/install/dave_interfaces' for CMake module files
[0.702s] Level 1:colcon.colcon_core.environment:checking '/home/namtruong/uuv_sim_home/install/dave_interfaces' for CMake config files
[0.704s] Level 1:colcon.colcon_core.shell:create_environment_hook('dave_interfaces', 'cmake_prefix_path')
[0.704s] INFO:colcon.colcon_core.shell:Creating environment hook '/home/namtruong/uuv_sim_home/install/dave_interfaces/share/dave_interfaces/hook/cmake_prefix_path.ps1'
[0.704s] INFO:colcon.colcon_core.shell:Creating environment descriptor '/home/namtruong/uuv_sim_home/install/dave_interfaces/share/dave_interfaces/hook/cmake_prefix_path.dsv'
[0.705s] INFO:colcon.colcon_core.shell:Creating environment hook '/home/namtruong/uuv_sim_home/install/dave_interfaces/share/dave_interfaces/hook/cmake_prefix_path.sh'
[0.705s] Level 1:colcon.colcon_core.environment:checking '/home/namtruong/uuv_sim_home/install/dave_interfaces/lib'
[0.705s] Level 1:colcon.colcon_core.shell:create_environment_hook('dave_interfaces', 'ld_library_path_lib')
[0.705s] INFO:colcon.colcon_core.shell:Creating environment hook '/home/namtruong/uuv_sim_home/install/dave_interfaces/share/dave_interfaces/hook/ld_library_path_lib.ps1'
[0.706s] INFO:colcon.colcon_core.shell:Creating environment descriptor '/home/namtruong/uuv_sim_home/install/dave_interfaces/share/dave_interfaces/hook/ld_library_path_lib.dsv'
[0.706s] INFO:colcon.colcon_core.shell:Creating environment hook '/home/namtruong/uuv_sim_home/install/dave_interfaces/share/dave_interfaces/hook/ld_library_path_lib.sh'
[0.706s] Level 1:colcon.colcon_core.environment:checking '/home/namtruong/uuv_sim_home/install/dave_interfaces/bin'
[0.706s] Level 1:colcon.colcon_core.environment:checking '/home/namtruong/uuv_sim_home/install/dave_interfaces/lib/pkgconfig/dave_interfaces.pc'
[0.707s] Level 1:colcon.colcon_core.environment:checking '/home/namtruong/uuv_sim_home/install/dave_interfaces/lib/python3.12/site-packages'
[0.707s] Level 1:colcon.colcon_core.shell:create_environment_hook('dave_interfaces', 'pythonpath')
[0.707s] INFO:colcon.colcon_core.shell:Creating environment hook '/home/namtruong/uuv_sim_home/install/dave_interfaces/share/dave_interfaces/hook/pythonpath.ps1'
[0.707s] INFO:colcon.colcon_core.shell:Creating environment descriptor '/home/namtruong/uuv_sim_home/install/dave_interfaces/share/dave_interfaces/hook/pythonpath.dsv'
[0.707s] INFO:colcon.colcon_core.shell:Creating environment hook '/home/namtruong/uuv_sim_home/install/dave_interfaces/share/dave_interfaces/hook/pythonpath.sh'
[0.708s] Level 1:colcon.colcon_core.environment:checking '/home/namtruong/uuv_sim_home/install/dave_interfaces/bin'
[0.708s] INFO:colcon.colcon_core.shell:Creating package script '/home/namtruong/uuv_sim_home/install/dave_interfaces/share/dave_interfaces/package.ps1'
[0.709s] INFO:colcon.colcon_core.shell:Creating package descriptor '/home/namtruong/uuv_sim_home/install/dave_interfaces/share/dave_interfaces/package.dsv'
[0.709s] INFO:colcon.colcon_core.shell:Creating package script '/home/namtruong/uuv_sim_home/install/dave_interfaces/share/dave_interfaces/package.sh'
[0.709s] INFO:colcon.colcon_core.shell:Creating package script '/home/namtruong/uuv_sim_home/install/dave_interfaces/share/dave_interfaces/package.bash'
[0.710s] INFO:colcon.colcon_core.shell:Creating package script '/home/namtruong/uuv_sim_home/install/dave_interfaces/share/dave_interfaces/package.zsh'
[0.710s] Level 1:colcon.colcon_core.environment:create_file_with_runtime_dependencies(/home/namtruong/uuv_sim_home/install/dave_interfaces/share/colcon-core/packages/dave_interfaces)
[0.710s] INFO:colcon.colcon_ros.task.ament_cmake.build:Building ROS package in '/home/namtruong/uuv_sim_home/src/dave_gz_world_plugins' with build type 'ament_cmake'
[0.710s] INFO:colcon.colcon_cmake.task.cmake.build:Building CMake package in '/home/namtruong/uuv_sim_home/src/dave_gz_world_plugins'
[0.711s] INFO:colcon.colcon_core.shell:Skip shell extension 'powershell' for command environment: Not usable outside of PowerShell
[0.711s] DEBUG:colcon.colcon_core.shell:Skip shell extension 'dsv' for command environment
[0.714s] INFO:colcon.colcon_ros.task.ament_cmake.build:Building ROS package in '/home/namtruong/uuv_sim_home/src/dave_gz_sensor_plugins' with build type 'ament_cmake'
[0.714s] INFO:colcon.colcon_cmake.task.cmake.build:Building CMake package in '/home/namtruong/uuv_sim_home/src/dave_gz_sensor_plugins'
[0.715s] INFO:colcon.colcon_core.shell:Skip shell extension 'powershell' for command environment: Not usable outside of PowerShell
[0.715s] DEBUG:colcon.colcon_core.shell:Skip shell extension 'dsv' for command environment
[0.718s] INFO:colcon.colcon_ros.task.ament_cmake.build:Building ROS package in '/home/namtruong/uuv_sim_home/src/multibeam_sonar' with build type 'ament_cmake'
[0.719s] INFO:colcon.colcon_cmake.task.cmake.build:Building CMake package in '/home/namtruong/uuv_sim_home/src/multibeam_sonar'
[0.719s] INFO:colcon.colcon_core.shell:Skip shell extension 'powershell' for command environment: Not usable outside of PowerShell
[0.719s] DEBUG:colcon.colcon_core.shell:Skip shell extension 'dsv' for command environment
[0.725s] DEBUG:colcon.colcon_core.event_handler.log_command:Invoking command in '/home/namtruong/uuv_sim_home/build/dave_gz_world_plugins': CMAKE_PREFIX_PATH=/home/namtruong/uuv_sim_home/install/dave_interfaces:/home/namtruong/uuv_sim_home/install/multibeam_sonar_system:/home/namtruong/uuv_sim_home/install/multibeam_sonar:/home/namtruong/uuv_sim_home/install/dave_worlds:/home/namtruong/uuv_sim_home/install/dave_gz_model_plugins:/home/namtruong/uuv_sim_home/install/dave_ros_gz_plugins:/home/namtruong/uuv_sim_home/install/dave_robot_models:/home/namtruong/uuv_sim_home/install/dave_object_models:/home/namtruong/uuv_sim_home/install/dave_multibeam_sonar_demo:/home/namtruong/uuv_sim_home/install/dave_gz_world_plugins:/home/namtruong/uuv_sim_home/install/dave_gz_sensor_plugins:/opt/ros/jazzy/opt/gz_sim_vendor:/opt/ros/jazzy/opt/gz_sensors_vendor:/opt/ros/jazzy/opt/gz_physics_vendor:/opt/ros/jazzy/opt/sdformat_vendor:/opt/ros/jazzy/opt/gz_gui_vendor:/opt/ros/jazzy/opt/gz_transport_vendor:/opt/ros/jazzy/opt/gz_rendering_vendor:/opt/ros/jazzy/opt/gz_plugin_vendor:/opt/ros/jazzy/opt/gz_fuel_tools_vendor:/opt/ros/jazzy/opt/gz_msgs_vendor:/opt/ros/jazzy/opt/gz_common_vendor:/opt/ros/jazzy/opt/gz_math_vendor:/opt/ros/jazzy/opt/gz_utils_vendor:/opt/ros/jazzy/opt/gz_tools_vendor:/opt/ros/jazzy/opt/gz_ogre_next_vendor:/opt/ros/jazzy/opt/gz_dartsim_vendor:/opt/ros/jazzy/opt/gz_cmake_vendor:/home/namtruong/uuv_sim_home/install/uuv_simu:/opt/ros/jazzy DEBUGINFOD_URLS=https://debuginfod.ubuntu.com LD_LIBRARY_PATH=/home/namtruong/uuv_sim_home/install/dave_interfaces/lib:/home/namtruong/uuv_sim_home/install/multibeam_sonar_system/lib/multibeam_sonar_system/:/home/namtruong/uuv_sim_home/install/multibeam_sonar/lib/multibeam_sonar/:/home/namtruong/uuv_sim_home/install/dave_ros_gz_plugins/lib:/home/namtruong/uuv_sim_home/install/dave_gz_world_plugins/lib:/opt/ros/jazzy/opt/gz_sim_vendor/lib:/opt/ros/jazzy/opt/gz_sensors_vendor/lib:/opt/ros/jazzy/opt/gz_physics_vendor/lib:/opt/ros/jazzy/opt/sdformat_vendor/lib:/opt/ros/jazzy/opt/rviz_ogre_vendor/lib:/opt/ros/jazzy/lib/x86_64-linux-gnu:/opt/ros/jazzy/opt/gz_gui_vendor/lib:/opt/ros/jazzy/opt/gz_transport_vendor/lib:/opt/ros/jazzy/opt/gz_rendering_vendor/lib:/opt/ros/jazzy/opt/gz_plugin_vendor/lib:/opt/ros/jazzy/opt/gz_fuel_tools_vendor/lib:/opt/ros/jazzy/opt/gz_msgs_vendor/lib:/opt/ros/jazzy/opt/gz_common_vendor/lib:/opt/ros/jazzy/opt/gz_math_vendor/lib:/opt/ros/jazzy/opt/gz_utils_vendor/lib:/opt/ros/jazzy/opt/gz_tools_vendor/lib:/opt/ros/jazzy/opt/gz_ogre_next_vendor/lib:/opt/ros/jazzy/opt/gz_dartsim_vendor/lib:/opt/ros/jazzy/opt/gz_cmake_vendor/lib:/opt/ros/jazzy/lib PYTHONPATH=/home/namtruong/uuv_sim_home/install/dave_interfaces/lib/python3.12/site-packages:/home/namtruong/uuv_sim_home/install/uuv_simu/lib/python3.12/site-packages:/opt/ros/jazzy/lib/python3.12/site-packages /usr/bin/cmake --build /home/namtruong/uuv_sim_home/build/dave_gz_world_plugins -- -j16 -l16
[0.727s] DEBUG:colcon.colcon_core.event_handler.log_command:Invoking command in '/home/namtruong/uuv_sim_home/build/dave_gz_sensor_plugins': CMAKE_PREFIX_PATH=/home/namtruong/uuv_sim_home/install/dave_interfaces:/home/namtruong/uuv_sim_home/install/multibeam_sonar_system:/home/namtruong/uuv_sim_home/install/multibeam_sonar:/home/namtruong/uuv_sim_home/install/dave_worlds:/home/namtruong/uuv_sim_home/install/dave_gz_model_plugins:/home/namtruong/uuv_sim_home/install/dave_ros_gz_plugins:/home/namtruong/uuv_sim_home/install/dave_robot_models:/home/namtruong/uuv_sim_home/install/dave_object_models:/home/namtruong/uuv_sim_home/install/dave_multibeam_sonar_demo:/home/namtruong/uuv_sim_home/install/dave_gz_world_plugins:/home/namtruong/uuv_sim_home/install/dave_gz_sensor_plugins:/opt/ros/jazzy/opt/gz_sim_vendor:/opt/ros/jazzy/opt/gz_sensors_vendor:/opt/ros/jazzy/opt/gz_physics_vendor:/opt/ros/jazzy/opt/sdformat_vendor:/opt/ros/jazzy/opt/gz_gui_vendor:/opt/ros/jazzy/opt/gz_transport_vendor:/opt/ros/jazzy/opt/gz_rendering_vendor:/opt/ros/jazzy/opt/gz_plugin_vendor:/opt/ros/jazzy/opt/gz_fuel_tools_vendor:/opt/ros/jazzy/opt/gz_msgs_vendor:/opt/ros/jazzy/opt/gz_common_vendor:/opt/ros/jazzy/opt/gz_math_vendor:/opt/ros/jazzy/opt/gz_utils_vendor:/opt/ros/jazzy/opt/gz_tools_vendor:/opt/ros/jazzy/opt/gz_ogre_next_vendor:/opt/ros/jazzy/opt/gz_dartsim_vendor:/opt/ros/jazzy/opt/gz_cmake_vendor:/home/namtruong/uuv_sim_home/install/uuv_simu:/opt/ros/jazzy DEBUGINFOD_URLS=https://debuginfod.ubuntu.com LD_LIBRARY_PATH=/home/namtruong/uuv_sim_home/install/dave_interfaces/lib:/home/namtruong/uuv_sim_home/install/multibeam_sonar_system/lib/multibeam_sonar_system/:/home/namtruong/uuv_sim_home/install/multibeam_sonar/lib/multibeam_sonar/:/home/namtruong/uuv_sim_home/install/dave_ros_gz_plugins/lib:/home/namtruong/uuv_sim_home/install/dave_gz_world_plugins/lib:/opt/ros/jazzy/opt/gz_sim_vendor/lib:/opt/ros/jazzy/opt/gz_sensors_vendor/lib:/opt/ros/jazzy/opt/gz_physics_vendor/lib:/opt/ros/jazzy/opt/sdformat_vendor/lib:/opt/ros/jazzy/opt/rviz_ogre_vendor/lib:/opt/ros/jazzy/lib/x86_64-linux-gnu:/opt/ros/jazzy/opt/gz_gui_vendor/lib:/opt/ros/jazzy/opt/gz_transport_vendor/lib:/opt/ros/jazzy/opt/gz_rendering_vendor/lib:/opt/ros/jazzy/opt/gz_plugin_vendor/lib:/opt/ros/jazzy/opt/gz_fuel_tools_vendor/lib:/opt/ros/jazzy/opt/gz_msgs_vendor/lib:/opt/ros/jazzy/opt/gz_common_vendor/lib:/opt/ros/jazzy/opt/gz_math_vendor/lib:/opt/ros/jazzy/opt/gz_utils_vendor/lib:/opt/ros/jazzy/opt/gz_tools_vendor/lib:/opt/ros/jazzy/opt/gz_ogre_next_vendor/lib:/opt/ros/jazzy/opt/gz_dartsim_vendor/lib:/opt/ros/jazzy/opt/gz_cmake_vendor/lib:/opt/ros/jazzy/lib PYTHONPATH=/home/namtruong/uuv_sim_home/install/dave_interfaces/lib/python3.12/site-packages:/home/namtruong/uuv_sim_home/install/uuv_simu/lib/python3.12/site-packages:/opt/ros/jazzy/lib/python3.12/site-packages /usr/bin/cmake --build /home/namtruong/uuv_sim_home/build/dave_gz_sensor_plugins -- -j16 -l16
[0.729s] DEBUG:colcon.colcon_core.event_handler.log_command:Invoking command in '/home/namtruong/uuv_sim_home/build/multibeam_sonar': CMAKE_PREFIX_PATH=/home/namtruong/uuv_sim_home/install/dave_interfaces:/home/namtruong/uuv_sim_home/install/multibeam_sonar_system:/home/namtruong/uuv_sim_home/install/multibeam_sonar:/home/namtruong/uuv_sim_home/install/dave_worlds:/home/namtruong/uuv_sim_home/install/dave_gz_model_plugins:/home/namtruong/uuv_sim_home/install/dave_ros_gz_plugins:/home/namtruong/uuv_sim_home/install/dave_robot_models:/home/namtruong/uuv_sim_home/install/dave_object_models:/home/namtruong/uuv_sim_home/install/dave_multibeam_sonar_demo:/home/namtruong/uuv_sim_home/install/dave_gz_world_plugins:/home/namtruong/uuv_sim_home/install/dave_gz_sensor_plugins:/opt/ros/jazzy/opt/gz_sim_vendor:/opt/ros/jazzy/opt/gz_sensors_vendor:/opt/ros/jazzy/opt/gz_physics_vendor:/opt/ros/jazzy/opt/sdformat_vendor:/opt/ros/jazzy/opt/gz_gui_vendor:/opt/ros/jazzy/opt/gz_transport_vendor:/opt/ros/jazzy/opt/gz_rendering_vendor:/opt/ros/jazzy/opt/gz_plugin_vendor:/opt/ros/jazzy/opt/gz_fuel_tools_vendor:/opt/ros/jazzy/opt/gz_msgs_vendor:/opt/ros/jazzy/opt/gz_common_vendor:/opt/ros/jazzy/opt/gz_math_vendor:/opt/ros/jazzy/opt/gz_utils_vendor:/opt/ros/jazzy/opt/gz_tools_vendor:/opt/ros/jazzy/opt/gz_ogre_next_vendor:/opt/ros/jazzy/opt/gz_dartsim_vendor:/opt/ros/jazzy/opt/gz_cmake_vendor:/home/namtruong/uuv_sim_home/install/uuv_simu:/opt/ros/jazzy DEBUGINFOD_URLS=https://debuginfod.ubuntu.com LD_LIBRARY_PATH=/home/namtruong/uuv_sim_home/install/dave_interfaces/lib:/home/namtruong/uuv_sim_home/install/multibeam_sonar_system/lib/multibeam_sonar_system/:/home/namtruong/uuv_sim_home/install/multibeam_sonar/lib/multibeam_sonar/:/home/namtruong/uuv_sim_home/install/dave_ros_gz_plugins/lib:/home/namtruong/uuv_sim_home/install/dave_gz_world_plugins/lib:/opt/ros/jazzy/opt/gz_sim_vendor/lib:/opt/ros/jazzy/opt/gz_sensors_vendor/lib:/opt/ros/jazzy/opt/gz_physics_vendor/lib:/opt/ros/jazzy/opt/sdformat_vendor/lib:/opt/ros/jazzy/opt/rviz_ogre_vendor/lib:/opt/ros/jazzy/lib/x86_64-linux-gnu:/opt/ros/jazzy/opt/gz_gui_vendor/lib:/opt/ros/jazzy/opt/gz_transport_vendor/lib:/opt/ros/jazzy/opt/gz_rendering_vendor/lib:/opt/ros/jazzy/opt/gz_plugin_vendor/lib:/opt/ros/jazzy/opt/gz_fuel_tools_vendor/lib:/opt/ros/jazzy/opt/gz_msgs_vendor/lib:/opt/ros/jazzy/opt/gz_common_vendor/lib:/opt/ros/jazzy/opt/gz_math_vendor/lib:/opt/ros/jazzy/opt/gz_utils_vendor/lib:/opt/ros/jazzy/opt/gz_tools_vendor/lib:/opt/ros/jazzy/opt/gz_ogre_next_vendor/lib:/opt/ros/jazzy/opt/gz_dartsim_vendor/lib:/opt/ros/jazzy/opt/gz_cmake_vendor/lib:/opt/ros/jazzy/lib PYTHONPATH=/home/namtruong/uuv_sim_home/install/dave_interfaces/lib/python3.12/site-packages:/home/namtruong/uuv_sim_home/install/uuv_simu/lib/python3.12/site-packages:/opt/ros/jazzy/lib/python3.12/site-packages /usr/bin/cmake --build /home/namtruong/uuv_sim_home/build/multibeam_sonar -- -j16 -l16
[0.806s] DEBUG:colcon.colcon_core.event_handler.log_command:Invoked command in '/home/namtruong/uuv_sim_home/build/dave_gz_sensor_plugins' returned '0': CMAKE_PREFIX_PATH=/home/namtruong/uuv_sim_home/install/dave_interfaces:/home/namtruong/uuv_sim_home/install/multibeam_sonar_system:/home/namtruong/uuv_sim_home/install/multibeam_sonar:/home/namtruong/uuv_sim_home/install/dave_worlds:/home/namtruong/uuv_sim_home/install/dave_gz_model_plugins:/home/namtruong/uuv_sim_home/install/dave_ros_gz_plugins:/home/namtruong/uuv_sim_home/install/dave_robot_models:/home/namtruong/uuv_sim_home/install/dave_object_models:/home/namtruong/uuv_sim_home/install/dave_multibeam_sonar_demo:/home/namtruong/uuv_sim_home/install/dave_gz_world_plugins:/home/namtruong/uuv_sim_home/install/dave_gz_sensor_plugins:/opt/ros/jazzy/opt/gz_sim_vendor:/opt/ros/jazzy/opt/gz_sensors_vendor:/opt/ros/jazzy/opt/gz_physics_vendor:/opt/ros/jazzy/opt/sdformat_vendor:/opt/ros/jazzy/opt/gz_gui_vendor:/opt/ros/jazzy/opt/gz_transport_vendor:/opt/ros/jazzy/opt/gz_rendering_vendor:/opt/ros/jazzy/opt/gz_plugin_vendor:/opt/ros/jazzy/opt/gz_fuel_tools_vendor:/opt/ros/jazzy/opt/gz_msgs_vendor:/opt/ros/jazzy/opt/gz_common_vendor:/opt/ros/jazzy/opt/gz_math_vendor:/opt/ros/jazzy/opt/gz_utils_vendor:/opt/ros/jazzy/opt/gz_tools_vendor:/opt/ros/jazzy/opt/gz_ogre_next_vendor:/opt/ros/jazzy/opt/gz_dartsim_vendor:/opt/ros/jazzy/opt/gz_cmake_vendor:/home/namtruong/uuv_sim_home/install/uuv_simu:/opt/ros/jazzy DEBUGINFOD_URLS=https://debuginfod.ubuntu.com LD_LIBRARY_PATH=/home/namtruong/uuv_sim_home/install/dave_interfaces/lib:/home/namtruong/uuv_sim_home/install/multibeam_sonar_system/lib/multibeam_sonar_system/:/home/namtruong/uuv_sim_home/install/multibeam_sonar/lib/multibeam_sonar/:/home/namtruong/uuv_sim_home/install/dave_ros_gz_plugins/lib:/home/namtruong/uuv_sim_home/install/dave_gz_world_plugins/lib:/opt/ros/jazzy/opt/gz_sim_vendor/lib:/opt/ros/jazzy/opt/gz_sensors_vendor/lib:/opt/ros/jazzy/opt/gz_physics_vendor/lib:/opt/ros/jazzy/opt/sdformat_vendor/lib:/opt/ros/jazzy/opt/rviz_ogre_vendor/lib:/opt/ros/jazzy/lib/x86_64-linux-gnu:/opt/ros/jazzy/opt/gz_gui_vendor/lib:/opt/ros/jazzy/opt/gz_transport_vendor/lib:/opt/ros/jazzy/opt/gz_rendering_vendor/lib:/opt/ros/jazzy/opt/gz_plugin_vendor/lib:/opt/ros/jazzy/opt/gz_fuel_tools_vendor/lib:/opt/ros/jazzy/opt/gz_msgs_vendor/lib:/opt/ros/jazzy/opt/gz_common_vendor/lib:/opt/ros/jazzy/opt/gz_math_vendor/lib:/opt/ros/jazzy/opt/gz_utils_vendor/lib:/opt/ros/jazzy/opt/gz_tools_vendor/lib:/opt/ros/jazzy/opt/gz_ogre_next_vendor/lib:/opt/ros/jazzy/opt/gz_dartsim_vendor/lib:/opt/ros/jazzy/opt/gz_cmake_vendor/lib:/opt/ros/jazzy/lib PYTHONPATH=/home/namtruong/uuv_sim_home/install/dave_interfaces/lib/python3.12/site-packages:/home/namtruong/uuv_sim_home/install/uuv_simu/lib/python3.12/site-packages:/opt/ros/jazzy/lib/python3.12/site-packages /usr/bin/cmake --build /home/namtruong/uuv_sim_home/build/dave_gz_sensor_plugins -- -j16 -l16
[0.807s] DEBUG:colcon.colcon_core.event_handler.log_command:Invoking command in '/home/namtruong/uuv_sim_home/build/dave_gz_sensor_plugins': CMAKE_PREFIX_PATH=/home/namtruong/uuv_sim_home/install/dave_interfaces:/home/namtruong/uuv_sim_home/install/multibeam_sonar_system:/home/namtruong/uuv_sim_home/install/multibeam_sonar:/home/namtruong/uuv_sim_home/install/dave_worlds:/home/namtruong/uuv_sim_home/install/dave_gz_model_plugins:/home/namtruong/uuv_sim_home/install/dave_ros_gz_plugins:/home/namtruong/uuv_sim_home/install/dave_robot_models:/home/namtruong/uuv_sim_home/install/dave_object_models:/home/namtruong/uuv_sim_home/install/dave_multibeam_sonar_demo:/home/namtruong/uuv_sim_home/install/dave_gz_world_plugins:/home/namtruong/uuv_sim_home/install/dave_gz_sensor_plugins:/opt/ros/jazzy/opt/gz_sim_vendor:/opt/ros/jazzy/opt/gz_sensors_vendor:/opt/ros/jazzy/opt/gz_physics_vendor:/opt/ros/jazzy/opt/sdformat_vendor:/opt/ros/jazzy/opt/gz_gui_vendor:/opt/ros/jazzy/opt/gz_transport_vendor:/opt/ros/jazzy/opt/gz_rendering_vendor:/opt/ros/jazzy/opt/gz_plugin_vendor:/opt/ros/jazzy/opt/gz_fuel_tools_vendor:/opt/ros/jazzy/opt/gz_msgs_vendor:/opt/ros/jazzy/opt/gz_common_vendor:/opt/ros/jazzy/opt/gz_math_vendor:/opt/ros/jazzy/opt/gz_utils_vendor:/opt/ros/jazzy/opt/gz_tools_vendor:/opt/ros/jazzy/opt/gz_ogre_next_vendor:/opt/ros/jazzy/opt/gz_dartsim_vendor:/opt/ros/jazzy/opt/gz_cmake_vendor:/home/namtruong/uuv_sim_home/install/uuv_simu:/opt/ros/jazzy DEBUGINFOD_URLS=https://debuginfod.ubuntu.com LD_LIBRARY_PATH=/home/namtruong/uuv_sim_home/install/dave_interfaces/lib:/home/namtruong/uuv_sim_home/install/multibeam_sonar_system/lib/multibeam_sonar_system/:/home/namtruong/uuv_sim_home/install/multibeam_sonar/lib/multibeam_sonar/:/home/namtruong/uuv_sim_home/install/dave_ros_gz_plugins/lib:/home/namtruong/uuv_sim_home/install/dave_gz_world_plugins/lib:/opt/ros/jazzy/opt/gz_sim_vendor/lib:/opt/ros/jazzy/opt/gz_sensors_vendor/lib:/opt/ros/jazzy/opt/gz_physics_vendor/lib:/opt/ros/jazzy/opt/sdformat_vendor/lib:/opt/ros/jazzy/opt/rviz_ogre_vendor/lib:/opt/ros/jazzy/lib/x86_64-linux-gnu:/opt/ros/jazzy/opt/gz_gui_vendor/lib:/opt/ros/jazzy/opt/gz_transport_vendor/lib:/opt/ros/jazzy/opt/gz_rendering_vendor/lib:/opt/ros/jazzy/opt/gz_plugin_vendor/lib:/opt/ros/jazzy/opt/gz_fuel_tools_vendor/lib:/opt/ros/jazzy/opt/gz_msgs_vendor/lib:/opt/ros/jazzy/opt/gz_common_vendor/lib:/opt/ros/jazzy/opt/gz_math_vendor/lib:/opt/ros/jazzy/opt/gz_utils_vendor/lib:/opt/ros/jazzy/opt/gz_tools_vendor/lib:/opt/ros/jazzy/opt/gz_ogre_next_vendor/lib:/opt/ros/jazzy/opt/gz_dartsim_vendor/lib:/opt/ros/jazzy/opt/gz_cmake_vendor/lib:/opt/ros/jazzy/lib PYTHONPATH=/home/namtruong/uuv_sim_home/install/dave_interfaces/lib/python3.12/site-packages:/home/namtruong/uuv_sim_home/install/uuv_simu/lib/python3.12/site-packages:/opt/ros/jazzy/lib/python3.12/site-packages /usr/bin/cmake --install /home/namtruong/uuv_sim_home/build/dave_gz_sensor_plugins
[0.821s] DEBUG:colcon.colcon_core.event_handler.log_command:Invoked command in '/home/namtruong/uuv_sim_home/build/multibeam_sonar' returned '0': CMAKE_PREFIX_PATH=/home/namtruong/uuv_sim_home/install/dave_interfaces:/home/namtruong/uuv_sim_home/install/multibeam_sonar_system:/home/namtruong/uuv_sim_home/install/multibeam_sonar:/home/namtruong/uuv_sim_home/install/dave_worlds:/home/namtruong/uuv_sim_home/install/dave_gz_model_plugins:/home/namtruong/uuv_sim_home/install/dave_ros_gz_plugins:/home/namtruong/uuv_sim_home/install/dave_robot_models:/home/namtruong/uuv_sim_home/install/dave_object_models:/home/namtruong/uuv_sim_home/install/dave_multibeam_sonar_demo:/home/namtruong/uuv_sim_home/install/dave_gz_world_plugins:/home/namtruong/uuv_sim_home/install/dave_gz_sensor_plugins:/opt/ros/jazzy/opt/gz_sim_vendor:/opt/ros/jazzy/opt/gz_sensors_vendor:/opt/ros/jazzy/opt/gz_physics_vendor:/opt/ros/jazzy/opt/sdformat_vendor:/opt/ros/jazzy/opt/gz_gui_vendor:/opt/ros/jazzy/opt/gz_transport_vendor:/opt/ros/jazzy/opt/gz_rendering_vendor:/opt/ros/jazzy/opt/gz_plugin_vendor:/opt/ros/jazzy/opt/gz_fuel_tools_vendor:/opt/ros/jazzy/opt/gz_msgs_vendor:/opt/ros/jazzy/opt/gz_common_vendor:/opt/ros/jazzy/opt/gz_math_vendor:/opt/ros/jazzy/opt/gz_utils_vendor:/opt/ros/jazzy/opt/gz_tools_vendor:/opt/ros/jazzy/opt/gz_ogre_next_vendor:/opt/ros/jazzy/opt/gz_dartsim_vendor:/opt/ros/jazzy/opt/gz_cmake_vendor:/home/namtruong/uuv_sim_home/install/uuv_simu:/opt/ros/jazzy DEBUGINFOD_URLS=https://debuginfod.ubuntu.com LD_LIBRARY_PATH=/home/namtruong/uuv_sim_home/install/dave_interfaces/lib:/home/namtruong/uuv_sim_home/install/multibeam_sonar_system/lib/multibeam_sonar_system/:/home/namtruong/uuv_sim_home/install/multibeam_sonar/lib/multibeam_sonar/:/home/namtruong/uuv_sim_home/install/dave_ros_gz_plugins/lib:/home/namtruong/uuv_sim_home/install/dave_gz_world_plugins/lib:/opt/ros/jazzy/opt/gz_sim_vendor/lib:/opt/ros/jazzy/opt/gz_sensors_vendor/lib:/opt/ros/jazzy/opt/gz_physics_vendor/lib:/opt/ros/jazzy/opt/sdformat_vendor/lib:/opt/ros/jazzy/opt/rviz_ogre_vendor/lib:/opt/ros/jazzy/lib/x86_64-linux-gnu:/opt/ros/jazzy/opt/gz_gui_vendor/lib:/opt/ros/jazzy/opt/gz_transport_vendor/lib:/opt/ros/jazzy/opt/gz_rendering_vendor/lib:/opt/ros/jazzy/opt/gz_plugin_vendor/lib:/opt/ros/jazzy/opt/gz_fuel_tools_vendor/lib:/opt/ros/jazzy/opt/gz_msgs_vendor/lib:/opt/ros/jazzy/opt/gz_common_vendor/lib:/opt/ros/jazzy/opt/gz_math_vendor/lib:/opt/ros/jazzy/opt/gz_utils_vendor/lib:/opt/ros/jazzy/opt/gz_tools_vendor/lib:/opt/ros/jazzy/opt/gz_ogre_next_vendor/lib:/opt/ros/jazzy/opt/gz_dartsim_vendor/lib:/opt/ros/jazzy/opt/gz_cmake_vendor/lib:/opt/ros/jazzy/lib PYTHONPATH=/home/namtruong/uuv_sim_home/install/dave_interfaces/lib/python3.12/site-packages:/home/namtruong/uuv_sim_home/install/uuv_simu/lib/python3.12/site-packages:/opt/ros/jazzy/lib/python3.12/site-packages /usr/bin/cmake --build /home/namtruong/uuv_sim_home/build/multibeam_sonar -- -j16 -l16
[0.822s] DEBUG:colcon.colcon_core.event_handler.log_command:Invoking command in '/home/namtruong/uuv_sim_home/build/multibeam_sonar': CMAKE_PREFIX_PATH=/home/namtruong/uuv_sim_home/install/dave_interfaces:/home/namtruong/uuv_sim_home/install/multibeam_sonar_system:/home/namtruong/uuv_sim_home/install/multibeam_sonar:/home/namtruong/uuv_sim_home/install/dave_worlds:/home/namtruong/uuv_sim_home/install/dave_gz_model_plugins:/home/namtruong/uuv_sim_home/install/dave_ros_gz_plugins:/home/namtruong/uuv_sim_home/install/dave_robot_models:/home/namtruong/uuv_sim_home/install/dave_object_models:/home/namtruong/uuv_sim_home/install/dave_multibeam_sonar_demo:/home/namtruong/uuv_sim_home/install/dave_gz_world_plugins:/home/namtruong/uuv_sim_home/install/dave_gz_sensor_plugins:/opt/ros/jazzy/opt/gz_sim_vendor:/opt/ros/jazzy/opt/gz_sensors_vendor:/opt/ros/jazzy/opt/gz_physics_vendor:/opt/ros/jazzy/opt/sdformat_vendor:/opt/ros/jazzy/opt/gz_gui_vendor:/opt/ros/jazzy/opt/gz_transport_vendor:/opt/ros/jazzy/opt/gz_rendering_vendor:/opt/ros/jazzy/opt/gz_plugin_vendor:/opt/ros/jazzy/opt/gz_fuel_tools_vendor:/opt/ros/jazzy/opt/gz_msgs_vendor:/opt/ros/jazzy/opt/gz_common_vendor:/opt/ros/jazzy/opt/gz_math_vendor:/opt/ros/jazzy/opt/gz_utils_vendor:/opt/ros/jazzy/opt/gz_tools_vendor:/opt/ros/jazzy/opt/gz_ogre_next_vendor:/opt/ros/jazzy/opt/gz_dartsim_vendor:/opt/ros/jazzy/opt/gz_cmake_vendor:/home/namtruong/uuv_sim_home/install/uuv_simu:/opt/ros/jazzy DEBUGINFOD_URLS=https://debuginfod.ubuntu.com LD_LIBRARY_PATH=/home/namtruong/uuv_sim_home/install/dave_interfaces/lib:/home/namtruong/uuv_sim_home/install/multibeam_sonar_system/lib/multibeam_sonar_system/:/home/namtruong/uuv_sim_home/install/multibeam_sonar/lib/multibeam_sonar/:/home/namtruong/uuv_sim_home/install/dave_ros_gz_plugins/lib:/home/namtruong/uuv_sim_home/install/dave_gz_world_plugins/lib:/opt/ros/jazzy/opt/gz_sim_vendor/lib:/opt/ros/jazzy/opt/gz_sensors_vendor/lib:/opt/ros/jazzy/opt/gz_physics_vendor/lib:/opt/ros/jazzy/opt/sdformat_vendor/lib:/opt/ros/jazzy/opt/rviz_ogre_vendor/lib:/opt/ros/jazzy/lib/x86_64-linux-gnu:/opt/ros/jazzy/opt/gz_gui_vendor/lib:/opt/ros/jazzy/opt/gz_transport_vendor/lib:/opt/ros/jazzy/opt/gz_rendering_vendor/lib:/opt/ros/jazzy/opt/gz_plugin_vendor/lib:/opt/ros/jazzy/opt/gz_fuel_tools_vendor/lib:/opt/ros/jazzy/opt/gz_msgs_vendor/lib:/opt/ros/jazzy/opt/gz_common_vendor/lib:/opt/ros/jazzy/opt/gz_math_vendor/lib:/opt/ros/jazzy/opt/gz_utils_vendor/lib:/opt/ros/jazzy/opt/gz_tools_vendor/lib:/opt/ros/jazzy/opt/gz_ogre_next_vendor/lib:/opt/ros/jazzy/opt/gz_dartsim_vendor/lib:/opt/ros/jazzy/opt/gz_cmake_vendor/lib:/opt/ros/jazzy/lib PYTHONPATH=/home/namtruong/uuv_sim_home/install/dave_interfaces/lib/python3.12/site-packages:/home/namtruong/uuv_sim_home/install/uuv_simu/lib/python3.12/site-packages:/opt/ros/jazzy/lib/python3.12/site-packages /usr/bin/cmake --install /home/namtruong/uuv_sim_home/build/multibeam_sonar
[0.830s] Level 1:colcon.colcon_core.environment:create_environment_scripts_only(dave_gz_sensor_plugins)
[0.830s] Level 1:colcon.colcon_core.environment:checking '/home/namtruong/uuv_sim_home/install/dave_gz_sensor_plugins' for CMake module files
[0.831s] DEBUG:colcon.colcon_core.event_handler.log_command:Invoked command in '/home/namtruong/uuv_sim_home/build/dave_gz_sensor_plugins' returned '0': CMAKE_PREFIX_PATH=/home/namtruong/uuv_sim_home/install/dave_interfaces:/home/namtruong/uuv_sim_home/install/multibeam_sonar_system:/home/namtruong/uuv_sim_home/install/multibeam_sonar:/home/namtruong/uuv_sim_home/install/dave_worlds:/home/namtruong/uuv_sim_home/install/dave_gz_model_plugins:/home/namtruong/uuv_sim_home/install/dave_ros_gz_plugins:/home/namtruong/uuv_sim_home/install/dave_robot_models:/home/namtruong/uuv_sim_home/install/dave_object_models:/home/namtruong/uuv_sim_home/install/dave_multibeam_sonar_demo:/home/namtruong/uuv_sim_home/install/dave_gz_world_plugins:/home/namtruong/uuv_sim_home/install/dave_gz_sensor_plugins:/opt/ros/jazzy/opt/gz_sim_vendor:/opt/ros/jazzy/opt/gz_sensors_vendor:/opt/ros/jazzy/opt/gz_physics_vendor:/opt/ros/jazzy/opt/sdformat_vendor:/opt/ros/jazzy/opt/gz_gui_vendor:/opt/ros/jazzy/opt/gz_transport_vendor:/opt/ros/jazzy/opt/gz_rendering_vendor:/opt/ros/jazzy/opt/gz_plugin_vendor:/opt/ros/jazzy/opt/gz_fuel_tools_vendor:/opt/ros/jazzy/opt/gz_msgs_vendor:/opt/ros/jazzy/opt/gz_common_vendor:/opt/ros/jazzy/opt/gz_math_vendor:/opt/ros/jazzy/opt/gz_utils_vendor:/opt/ros/jazzy/opt/gz_tools_vendor:/opt/ros/jazzy/opt/gz_ogre_next_vendor:/opt/ros/jazzy/opt/gz_dartsim_vendor:/opt/ros/jazzy/opt/gz_cmake_vendor:/home/namtruong/uuv_sim_home/install/uuv_simu:/opt/ros/jazzy DEBUGINFOD_URLS=https://debuginfod.ubuntu.com LD_LIBRARY_PATH=/home/namtruong/uuv_sim_home/install/dave_interfaces/lib:/home/namtruong/uuv_sim_home/install/multibeam_sonar_system/lib/multibeam_sonar_system/:/home/namtruong/uuv_sim_home/install/multibeam_sonar/lib/multibeam_sonar/:/home/namtruong/uuv_sim_home/install/dave_ros_gz_plugins/lib:/home/namtruong/uuv_sim_home/install/dave_gz_world_plugins/lib:/opt/ros/jazzy/opt/gz_sim_vendor/lib:/opt/ros/jazzy/opt/gz_sensors_vendor/lib:/opt/ros/jazzy/opt/gz_physics_vendor/lib:/opt/ros/jazzy/opt/sdformat_vendor/lib:/opt/ros/jazzy/opt/rviz_ogre_vendor/lib:/opt/ros/jazzy/lib/x86_64-linux-gnu:/opt/ros/jazzy/opt/gz_gui_vendor/lib:/opt/ros/jazzy/opt/gz_transport_vendor/lib:/opt/ros/jazzy/opt/gz_rendering_vendor/lib:/opt/ros/jazzy/opt/gz_plugin_vendor/lib:/opt/ros/jazzy/opt/gz_fuel_tools_vendor/lib:/opt/ros/jazzy/opt/gz_msgs_vendor/lib:/opt/ros/jazzy/opt/gz_common_vendor/lib:/opt/ros/jazzy/opt/gz_math_vendor/lib:/opt/ros/jazzy/opt/gz_utils_vendor/lib:/opt/ros/jazzy/opt/gz_tools_vendor/lib:/opt/ros/jazzy/opt/gz_ogre_next_vendor/lib:/opt/ros/jazzy/opt/gz_dartsim_vendor/lib:/opt/ros/jazzy/opt/gz_cmake_vendor/lib:/opt/ros/jazzy/lib PYTHONPATH=/home/namtruong/uuv_sim_home/install/dave_interfaces/lib/python3.12/site-packages:/home/namtruong/uuv_sim_home/install/uuv_simu/lib/python3.12/site-packages:/opt/ros/jazzy/lib/python3.12/site-packages /usr/bin/cmake --install /home/namtruong/uuv_sim_home/build/dave_gz_sensor_plugins
[0.831s] Level 1:colcon.colcon_core.environment:checking '/home/namtruong/uuv_sim_home/install/dave_gz_sensor_plugins' for CMake config files
[0.833s] Level 1:colcon.colcon_core.shell:create_environment_hook('dave_gz_sensor_plugins', 'cmake_prefix_path')
[0.833s] INFO:colcon.colcon_core.shell:Creating environment hook '/home/namtruong/uuv_sim_home/install/dave_gz_sensor_plugins/share/dave_gz_sensor_plugins/hook/cmake_prefix_path.ps1'
[0.834s] INFO:colcon.colcon_core.shell:Creating environment descriptor '/home/namtruong/uuv_sim_home/install/dave_gz_sensor_plugins/share/dave_gz_sensor_plugins/hook/cmake_prefix_path.dsv'
[0.834s] INFO:colcon.colcon_core.shell:Creating environment hook '/home/namtruong/uuv_sim_home/install/dave_gz_sensor_plugins/share/dave_gz_sensor_plugins/hook/cmake_prefix_path.sh'
[0.835s] Level 1:colcon.colcon_core.environment:checking '/home/namtruong/uuv_sim_home/install/dave_gz_sensor_plugins/lib'
[0.835s] Level 1:colcon.colcon_core.environment:checking '/home/namtruong/uuv_sim_home/install/dave_gz_sensor_plugins/bin'
[0.835s] Level 1:colcon.colcon_core.environment:checking '/home/namtruong/uuv_sim_home/install/dave_gz_sensor_plugins/lib/pkgconfig/dave_gz_sensor_plugins.pc'
[0.835s] Level 1:colcon.colcon_core.environment:checking '/home/namtruong/uuv_sim_home/install/dave_gz_sensor_plugins/lib/python3.12/site-packages'
[0.836s] Level 1:colcon.colcon_core.environment:checking '/home/namtruong/uuv_sim_home/install/dave_gz_sensor_plugins/bin'
[0.836s] INFO:colcon.colcon_core.shell:Creating package script '/home/namtruong/uuv_sim_home/install/dave_gz_sensor_plugins/share/dave_gz_sensor_plugins/package.ps1'
[0.836s] INFO:colcon.colcon_core.shell:Creating package descriptor '/home/namtruong/uuv_sim_home/install/dave_gz_sensor_plugins/share/dave_gz_sensor_plugins/package.dsv'
[0.836s] INFO:colcon.colcon_core.shell:Creating package script '/home/namtruong/uuv_sim_home/install/dave_gz_sensor_plugins/share/dave_gz_sensor_plugins/package.sh'
[0.837s] INFO:colcon.colcon_core.shell:Creating package script '/home/namtruong/uuv_sim_home/install/dave_gz_sensor_plugins/share/dave_gz_sensor_plugins/package.bash'
[0.837s] INFO:colcon.colcon_core.shell:Creating package script '/home/namtruong/uuv_sim_home/install/dave_gz_sensor_plugins/share/dave_gz_sensor_plugins/package.zsh'
[0.837s] Level 1:colcon.colcon_core.environment:create_file_with_runtime_dependencies(/home/namtruong/uuv_sim_home/install/dave_gz_sensor_plugins/share/colcon-core/packages/dave_gz_sensor_plugins)
[0.838s] Level 1:colcon.colcon_core.environment:create_environment_scripts_only(dave_gz_sensor_plugins)
[0.838s] Level 1:colcon.colcon_core.environment:checking '/home/namtruong/uuv_sim_home/install/dave_gz_sensor_plugins' for CMake module files
[0.838s] Level 1:colcon.colcon_core.environment:checking '/home/namtruong/uuv_sim_home/install/dave_gz_sensor_plugins' for CMake config files
[0.838s] Level 1:colcon.colcon_core.shell:create_environment_hook('dave_gz_sensor_plugins', 'cmake_prefix_path')
[0.839s] INFO:colcon.colcon_core.shell:Creating environment hook '/home/namtruong/uuv_sim_home/install/dave_gz_sensor_plugins/share/dave_gz_sensor_plugins/hook/cmake_prefix_path.ps1'
[0.839s] INFO:colcon.colcon_core.shell:Creating environment descriptor '/home/namtruong/uuv_sim_home/install/dave_gz_sensor_plugins/share/dave_gz_sensor_plugins/hook/cmake_prefix_path.dsv'
[0.839s] INFO:colcon.colcon_core.shell:Creating environment hook '/home/namtruong/uuv_sim_home/install/dave_gz_sensor_plugins/share/dave_gz_sensor_plugins/hook/cmake_prefix_path.sh'
[0.840s] Level 1:colcon.colcon_core.environment:checking '/home/namtruong/uuv_sim_home/install/dave_gz_sensor_plugins/lib'
[0.840s] Level 1:colcon.colcon_core.environment:checking '/home/namtruong/uuv_sim_home/install/dave_gz_sensor_plugins/bin'
[0.840s] Level 1:colcon.colcon_core.environment:checking '/home/namtruong/uuv_sim_home/install/dave_gz_sensor_plugins/lib/pkgconfig/dave_gz_sensor_plugins.pc'
[0.840s] Level 1:colcon.colcon_core.environment:checking '/home/namtruong/uuv_sim_home/install/dave_gz_sensor_plugins/lib/python3.12/site-packages'
[0.840s] Level 1:colcon.colcon_core.environment:checking '/home/namtruong/uuv_sim_home/install/dave_gz_sensor_plugins/bin'
[0.840s] INFO:colcon.colcon_core.shell:Creating package script '/home/namtruong/uuv_sim_home/install/dave_gz_sensor_plugins/share/dave_gz_sensor_plugins/package.ps1'
[0.841s] INFO:colcon.colcon_core.shell:Creating package descriptor '/home/namtruong/uuv_sim_home/install/dave_gz_sensor_plugins/share/dave_gz_sensor_plugins/package.dsv'
[0.841s] INFO:colcon.colcon_core.shell:Creating package script '/home/namtruong/uuv_sim_home/install/dave_gz_sensor_plugins/share/dave_gz_sensor_plugins/package.sh'
[0.841s] INFO:colcon.colcon_core.shell:Creating package script '/home/namtruong/uuv_sim_home/install/dave_gz_sensor_plugins/share/dave_gz_sensor_plugins/package.bash'
[0.842s] INFO:colcon.colcon_core.shell:Creating package script '/home/namtruong/uuv_sim_home/install/dave_gz_sensor_plugins/share/dave_gz_sensor_plugins/package.zsh'
[0.842s] Level 1:colcon.colcon_core.environment:create_file_with_runtime_dependencies(/home/namtruong/uuv_sim_home/install/dave_gz_sensor_plugins/share/colcon-core/packages/dave_gz_sensor_plugins)
[0.843s] DEBUG:colcon.colcon_core.event_handler.log_command:Invoked command in '/home/namtruong/uuv_sim_home/build/dave_gz_world_plugins' returned '0': CMAKE_PREFIX_PATH=/home/namtruong/uuv_sim_home/install/dave_interfaces:/home/namtruong/uuv_sim_home/install/multibeam_sonar_system:/home/namtruong/uuv_sim_home/install/multibeam_sonar:/home/namtruong/uuv_sim_home/install/dave_worlds:/home/namtruong/uuv_sim_home/install/dave_gz_model_plugins:/home/namtruong/uuv_sim_home/install/dave_ros_gz_plugins:/home/namtruong/uuv_sim_home/install/dave_robot_models:/home/namtruong/uuv_sim_home/install/dave_object_models:/home/namtruong/uuv_sim_home/install/dave_multibeam_sonar_demo:/home/namtruong/uuv_sim_home/install/dave_gz_world_plugins:/home/namtruong/uuv_sim_home/install/dave_gz_sensor_plugins:/opt/ros/jazzy/opt/gz_sim_vendor:/opt/ros/jazzy/opt/gz_sensors_vendor:/opt/ros/jazzy/opt/gz_physics_vendor:/opt/ros/jazzy/opt/sdformat_vendor:/opt/ros/jazzy/opt/gz_gui_vendor:/opt/ros/jazzy/opt/gz_transport_vendor:/opt/ros/jazzy/opt/gz_rendering_vendor:/opt/ros/jazzy/opt/gz_plugin_vendor:/opt/ros/jazzy/opt/gz_fuel_tools_vendor:/opt/ros/jazzy/opt/gz_msgs_vendor:/opt/ros/jazzy/opt/gz_common_vendor:/opt/ros/jazzy/opt/gz_math_vendor:/opt/ros/jazzy/opt/gz_utils_vendor:/opt/ros/jazzy/opt/gz_tools_vendor:/opt/ros/jazzy/opt/gz_ogre_next_vendor:/opt/ros/jazzy/opt/gz_dartsim_vendor:/opt/ros/jazzy/opt/gz_cmake_vendor:/home/namtruong/uuv_sim_home/install/uuv_simu:/opt/ros/jazzy DEBUGINFOD_URLS=https://debuginfod.ubuntu.com LD_LIBRARY_PATH=/home/namtruong/uuv_sim_home/install/dave_interfaces/lib:/home/namtruong/uuv_sim_home/install/multibeam_sonar_system/lib/multibeam_sonar_system/:/home/namtruong/uuv_sim_home/install/multibeam_sonar/lib/multibeam_sonar/:/home/namtruong/uuv_sim_home/install/dave_ros_gz_plugins/lib:/home/namtruong/uuv_sim_home/install/dave_gz_world_plugins/lib:/opt/ros/jazzy/opt/gz_sim_vendor/lib:/opt/ros/jazzy/opt/gz_sensors_vendor/lib:/opt/ros/jazzy/opt/gz_physics_vendor/lib:/opt/ros/jazzy/opt/sdformat_vendor/lib:/opt/ros/jazzy/opt/rviz_ogre_vendor/lib:/opt/ros/jazzy/lib/x86_64-linux-gnu:/opt/ros/jazzy/opt/gz_gui_vendor/lib:/opt/ros/jazzy/opt/gz_transport_vendor/lib:/opt/ros/jazzy/opt/gz_rendering_vendor/lib:/opt/ros/jazzy/opt/gz_plugin_vendor/lib:/opt/ros/jazzy/opt/gz_fuel_tools_vendor/lib:/opt/ros/jazzy/opt/gz_msgs_vendor/lib:/opt/ros/jazzy/opt/gz_common_vendor/lib:/opt/ros/jazzy/opt/gz_math_vendor/lib:/opt/ros/jazzy/opt/gz_utils_vendor/lib:/opt/ros/jazzy/opt/gz_tools_vendor/lib:/opt/ros/jazzy/opt/gz_ogre_next_vendor/lib:/opt/ros/jazzy/opt/gz_dartsim_vendor/lib:/opt/ros/jazzy/opt/gz_cmake_vendor/lib:/opt/ros/jazzy/lib PYTHONPATH=/home/namtruong/uuv_sim_home/install/dave_interfaces/lib/python3.12/site-packages:/home/namtruong/uuv_sim_home/install/uuv_simu/lib/python3.12/site-packages:/opt/ros/jazzy/lib/python3.12/site-packages /usr/bin/cmake --build /home/namtruong/uuv_sim_home/build/dave_gz_world_plugins -- -j16 -l16
[0.844s] DEBUG:colcon.colcon_core.event_handler.log_command:Invoking command in '/home/namtruong/uuv_sim_home/build/dave_gz_world_plugins': CMAKE_PREFIX_PATH=/home/namtruong/uuv_sim_home/install/dave_interfaces:/home/namtruong/uuv_sim_home/install/multibeam_sonar_system:/home/namtruong/uuv_sim_home/install/multibeam_sonar:/home/namtruong/uuv_sim_home/install/dave_worlds:/home/namtruong/uuv_sim_home/install/dave_gz_model_plugins:/home/namtruong/uuv_sim_home/install/dave_ros_gz_plugins:/home/namtruong/uuv_sim_home/install/dave_robot_models:/home/namtruong/uuv_sim_home/install/dave_object_models:/home/namtruong/uuv_sim_home/install/dave_multibeam_sonar_demo:/home/namtruong/uuv_sim_home/install/dave_gz_world_plugins:/home/namtruong/uuv_sim_home/install/dave_gz_sensor_plugins:/opt/ros/jazzy/opt/gz_sim_vendor:/opt/ros/jazzy/opt/gz_sensors_vendor:/opt/ros/jazzy/opt/gz_physics_vendor:/opt/ros/jazzy/opt/sdformat_vendor:/opt/ros/jazzy/opt/gz_gui_vendor:/opt/ros/jazzy/opt/gz_transport_vendor:/opt/ros/jazzy/opt/gz_rendering_vendor:/opt/ros/jazzy/opt/gz_plugin_vendor:/opt/ros/jazzy/opt/gz_fuel_tools_vendor:/opt/ros/jazzy/opt/gz_msgs_vendor:/opt/ros/jazzy/opt/gz_common_vendor:/opt/ros/jazzy/opt/gz_math_vendor:/opt/ros/jazzy/opt/gz_utils_vendor:/opt/ros/jazzy/opt/gz_tools_vendor:/opt/ros/jazzy/opt/gz_ogre_next_vendor:/opt/ros/jazzy/opt/gz_dartsim_vendor:/opt/ros/jazzy/opt/gz_cmake_vendor:/home/namtruong/uuv_sim_home/install/uuv_simu:/opt/ros/jazzy DEBUGINFOD_URLS=https://debuginfod.ubuntu.com LD_LIBRARY_PATH=/home/namtruong/uuv_sim_home/install/dave_interfaces/lib:/home/namtruong/uuv_sim_home/install/multibeam_sonar_system/lib/multibeam_sonar_system/:/home/namtruong/uuv_sim_home/install/multibeam_sonar/lib/multibeam_sonar/:/home/namtruong/uuv_sim_home/install/dave_ros_gz_plugins/lib:/home/namtruong/uuv_sim_home/install/dave_gz_world_plugins/lib:/opt/ros/jazzy/opt/gz_sim_vendor/lib:/opt/ros/jazzy/opt/gz_sensors_vendor/lib:/opt/ros/jazzy/opt/gz_physics_vendor/lib:/opt/ros/jazzy/opt/sdformat_vendor/lib:/opt/ros/jazzy/opt/rviz_ogre_vendor/lib:/opt/ros/jazzy/lib/x86_64-linux-gnu:/opt/ros/jazzy/opt/gz_gui_vendor/lib:/opt/ros/jazzy/opt/gz_transport_vendor/lib:/opt/ros/jazzy/opt/gz_rendering_vendor/lib:/opt/ros/jazzy/opt/gz_plugin_vendor/lib:/opt/ros/jazzy/opt/gz_fuel_tools_vendor/lib:/opt/ros/jazzy/opt/gz_msgs_vendor/lib:/opt/ros/jazzy/opt/gz_common_vendor/lib:/opt/ros/jazzy/opt/gz_math_vendor/lib:/opt/ros/jazzy/opt/gz_utils_vendor/lib:/opt/ros/jazzy/opt/gz_tools_vendor/lib:/opt/ros/jazzy/opt/gz_ogre_next_vendor/lib:/opt/ros/jazzy/opt/gz_dartsim_vendor/lib:/opt/ros/jazzy/opt/gz_cmake_vendor/lib:/opt/ros/jazzy/lib PYTHONPATH=/home/namtruong/uuv_sim_home/install/dave_interfaces/lib/python3.12/site-packages:/home/namtruong/uuv_sim_home/install/uuv_simu/lib/python3.12/site-packages:/opt/ros/jazzy/lib/python3.12/site-packages /usr/bin/cmake --install /home/namtruong/uuv_sim_home/build/dave_gz_world_plugins
[0.847s] Level 1:colcon.colcon_core.environment:create_environment_scripts_only(multibeam_sonar)
[0.847s] Level 1:colcon.colcon_core.environment:checking '/home/namtruong/uuv_sim_home/install/multibeam_sonar' for CMake module files
[0.848s] Level 1:colcon.colcon_core.environment:checking '/home/namtruong/uuv_sim_home/install/multibeam_sonar' for CMake config files
[0.848s] Level 1:colcon.colcon_core.shell:create_environment_hook('multibeam_sonar', 'cmake_prefix_path')
[0.848s] INFO:colcon.colcon_core.shell:Creating environment hook '/home/namtruong/uuv_sim_home/install/multibeam_sonar/share/multibeam_sonar/hook/cmake_prefix_path.ps1'
[0.849s] INFO:colcon.colcon_core.shell:Creating environment descriptor '/home/namtruong/uuv_sim_home/install/multibeam_sonar/share/multibeam_sonar/hook/cmake_prefix_path.dsv'
[0.849s] DEBUG:colcon.colcon_core.event_handler.log_command:Invoked command in '/home/namtruong/uuv_sim_home/build/multibeam_sonar' returned '0': CMAKE_PREFIX_PATH=/home/namtruong/uuv_sim_home/install/dave_interfaces:/home/namtruong/uuv_sim_home/install/multibeam_sonar_system:/home/namtruong/uuv_sim_home/install/multibeam_sonar:/home/namtruong/uuv_sim_home/install/dave_worlds:/home/namtruong/uuv_sim_home/install/dave_gz_model_plugins:/home/namtruong/uuv_sim_home/install/dave_ros_gz_plugins:/home/namtruong/uuv_sim_home/install/dave_robot_models:/home/namtruong/uuv_sim_home/install/dave_object_models:/home/namtruong/uuv_sim_home/install/dave_multibeam_sonar_demo:/home/namtruong/uuv_sim_home/install/dave_gz_world_plugins:/home/namtruong/uuv_sim_home/install/dave_gz_sensor_plugins:/opt/ros/jazzy/opt/gz_sim_vendor:/opt/ros/jazzy/opt/gz_sensors_vendor:/opt/ros/jazzy/opt/gz_physics_vendor:/opt/ros/jazzy/opt/sdformat_vendor:/opt/ros/jazzy/opt/gz_gui_vendor:/opt/ros/jazzy/opt/gz_transport_vendor:/opt/ros/jazzy/opt/gz_rendering_vendor:/opt/ros/jazzy/opt/gz_plugin_vendor:/opt/ros/jazzy/opt/gz_fuel_tools_vendor:/opt/ros/jazzy/opt/gz_msgs_vendor:/opt/ros/jazzy/opt/gz_common_vendor:/opt/ros/jazzy/opt/gz_math_vendor:/opt/ros/jazzy/opt/gz_utils_vendor:/opt/ros/jazzy/opt/gz_tools_vendor:/opt/ros/jazzy/opt/gz_ogre_next_vendor:/opt/ros/jazzy/opt/gz_dartsim_vendor:/opt/ros/jazzy/opt/gz_cmake_vendor:/home/namtruong/uuv_sim_home/install/uuv_simu:/opt/ros/jazzy DEBUGINFOD_URLS=https://debuginfod.ubuntu.com LD_LIBRARY_PATH=/home/namtruong/uuv_sim_home/install/dave_interfaces/lib:/home/namtruong/uuv_sim_home/install/multibeam_sonar_system/lib/multibeam_sonar_system/:/home/namtruong/uuv_sim_home/install/multibeam_sonar/lib/multibeam_sonar/:/home/namtruong/uuv_sim_home/install/dave_ros_gz_plugins/lib:/home/namtruong/uuv_sim_home/install/dave_gz_world_plugins/lib:/opt/ros/jazzy/opt/gz_sim_vendor/lib:/opt/ros/jazzy/opt/gz_sensors_vendor/lib:/opt/ros/jazzy/opt/gz_physics_vendor/lib:/opt/ros/jazzy/opt/sdformat_vendor/lib:/opt/ros/jazzy/opt/rviz_ogre_vendor/lib:/opt/ros/jazzy/lib/x86_64-linux-gnu:/opt/ros/jazzy/opt/gz_gui_vendor/lib:/opt/ros/jazzy/opt/gz_transport_vendor/lib:/opt/ros/jazzy/opt/gz_rendering_vendor/lib:/opt/ros/jazzy/opt/gz_plugin_vendor/lib:/opt/ros/jazzy/opt/gz_fuel_tools_vendor/lib:/opt/ros/jazzy/opt/gz_msgs_vendor/lib:/opt/ros/jazzy/opt/gz_common_vendor/lib:/opt/ros/jazzy/opt/gz_math_vendor/lib:/opt/ros/jazzy/opt/gz_utils_vendor/lib:/opt/ros/jazzy/opt/gz_tools_vendor/lib:/opt/ros/jazzy/opt/gz_ogre_next_vendor/lib:/opt/ros/jazzy/opt/gz_dartsim_vendor/lib:/opt/ros/jazzy/opt/gz_cmake_vendor/lib:/opt/ros/jazzy/lib PYTHONPATH=/home/namtruong/uuv_sim_home/install/dave_interfaces/lib/python3.12/site-packages:/home/namtruong/uuv_sim_home/install/uuv_simu/lib/python3.12/site-packages:/opt/ros/jazzy/lib/python3.12/site-packages /usr/bin/cmake --install /home/namtruong/uuv_sim_home/build/multibeam_sonar
[0.849s] INFO:colcon.colcon_core.shell:Creating environment hook '/home/namtruong/uuv_sim_home/install/multibeam_sonar/share/multibeam_sonar/hook/cmake_prefix_path.sh'
[0.850s] Level 1:colcon.colcon_core.environment:checking '/home/namtruong/uuv_sim_home/install/multibeam_sonar/lib'
[0.850s] Level 1:colcon.colcon_core.environment:checking '/home/namtruong/uuv_sim_home/install/multibeam_sonar/bin'
[0.850s] Level 1:colcon.colcon_core.environment:checking '/home/namtruong/uuv_sim_home/install/multibeam_sonar/lib/pkgconfig/multibeam_sonar.pc'
[0.850s] Level 1:colcon.colcon_core.environment:checking '/home/namtruong/uuv_sim_home/install/multibeam_sonar/lib/python3.12/site-packages'
[0.850s] Level 1:colcon.colcon_core.environment:checking '/home/namtruong/uuv_sim_home/install/multibeam_sonar/bin'
[0.850s] INFO:colcon.colcon_core.shell:Creating package script '/home/namtruong/uuv_sim_home/install/multibeam_sonar/share/multibeam_sonar/package.ps1'
[0.851s] INFO:colcon.colcon_core.shell:Creating package descriptor '/home/namtruong/uuv_sim_home/install/multibeam_sonar/share/multibeam_sonar/package.dsv'
[0.851s] INFO:colcon.colcon_core.shell:Creating package script '/home/namtruong/uuv_sim_home/install/multibeam_sonar/share/multibeam_sonar/package.sh'
[0.851s] INFO:colcon.colcon_core.shell:Creating package script '/home/namtruong/uuv_sim_home/install/multibeam_sonar/share/multibeam_sonar/package.bash'
[0.851s] INFO:colcon.colcon_core.shell:Creating package script '/home/namtruong/uuv_sim_home/install/multibeam_sonar/share/multibeam_sonar/package.zsh'
[0.852s] Level 1:colcon.colcon_core.environment:create_file_with_runtime_dependencies(/home/namtruong/uuv_sim_home/install/multibeam_sonar/share/colcon-core/packages/multibeam_sonar)
[0.852s] Level 1:colcon.colcon_core.environment:create_environment_scripts_only(multibeam_sonar)
[0.852s] Level 1:colcon.colcon_core.environment:checking '/home/namtruong/uuv_sim_home/install/multibeam_sonar' for CMake module files
[0.853s] Level 1:colcon.colcon_core.environment:checking '/home/namtruong/uuv_sim_home/install/multibeam_sonar' for CMake config files
[0.853s] Level 1:colcon.colcon_core.shell:create_environment_hook('multibeam_sonar', 'cmake_prefix_path')
[0.853s] INFO:colcon.colcon_core.shell:Creating environment hook '/home/namtruong/uuv_sim_home/install/multibeam_sonar/share/multibeam_sonar/hook/cmake_prefix_path.ps1'
[0.853s] INFO:colcon.colcon_core.shell:Creating environment descriptor '/home/namtruong/uuv_sim_home/install/multibeam_sonar/share/multibeam_sonar/hook/cmake_prefix_path.dsv'
[0.854s] INFO:colcon.colcon_core.shell:Creating environment hook '/home/namtruong/uuv_sim_home/install/multibeam_sonar/share/multibeam_sonar/hook/cmake_prefix_path.sh'
[0.855s] Level 1:colcon.colcon_core.environment:checking '/home/namtruong/uuv_sim_home/install/multibeam_sonar/lib'
[0.855s] Level 1:colcon.colcon_core.environment:checking '/home/namtruong/uuv_sim_home/install/multibeam_sonar/bin'
[0.855s] Level 1:colcon.colcon_core.environment:checking '/home/namtruong/uuv_sim_home/install/multibeam_sonar/lib/pkgconfig/multibeam_sonar.pc'
[0.855s] Level 1:colcon.colcon_core.environment:checking '/home/namtruong/uuv_sim_home/install/multibeam_sonar/lib/python3.12/site-packages'
[0.855s] Level 1:colcon.colcon_core.environment:checking '/home/namtruong/uuv_sim_home/install/multibeam_sonar/bin'
[0.855s] INFO:colcon.colcon_core.shell:Creating package script '/home/namtruong/uuv_sim_home/install/multibeam_sonar/share/multibeam_sonar/package.ps1'
[0.856s] INFO:colcon.colcon_core.shell:Creating package descriptor '/home/namtruong/uuv_sim_home/install/multibeam_sonar/share/multibeam_sonar/package.dsv'
[0.857s] INFO:colcon.colcon_core.shell:Creating package script '/home/namtruong/uuv_sim_home/install/multibeam_sonar/share/multibeam_sonar/package.sh'
[0.857s] INFO:colcon.colcon_core.shell:Creating package script '/home/namtruong/uuv_sim_home/install/multibeam_sonar/share/multibeam_sonar/package.bash'
[0.858s] INFO:colcon.colcon_core.shell:Creating package script '/home/namtruong/uuv_sim_home/install/multibeam_sonar/share/multibeam_sonar/package.zsh'
[0.858s] Level 1:colcon.colcon_core.environment:create_file_with_runtime_dependencies(/home/namtruong/uuv_sim_home/install/multibeam_sonar/share/colcon-core/packages/multibeam_sonar)
[0.872s] Level 1:colcon.colcon_core.environment:create_environment_scripts_only(dave_gz_world_plugins)
[0.873s] Level 1:colcon.colcon_core.environment:checking '/home/namtruong/uuv_sim_home/install/dave_gz_world_plugins' for CMake module files
[0.873s] DEBUG:colcon.colcon_core.event_handler.log_command:Invoked command in '/home/namtruong/uuv_sim_home/build/dave_gz_world_plugins' returned '0': CMAKE_PREFIX_PATH=/home/namtruong/uuv_sim_home/install/dave_interfaces:/home/namtruong/uuv_sim_home/install/multibeam_sonar_system:/home/namtruong/uuv_sim_home/install/multibeam_sonar:/home/namtruong/uuv_sim_home/install/dave_worlds:/home/namtruong/uuv_sim_home/install/dave_gz_model_plugins:/home/namtruong/uuv_sim_home/install/dave_ros_gz_plugins:/home/namtruong/uuv_sim_home/install/dave_robot_models:/home/namtruong/uuv_sim_home/install/dave_object_models:/home/namtruong/uuv_sim_home/install/dave_multibeam_sonar_demo:/home/namtruong/uuv_sim_home/install/dave_gz_world_plugins:/home/namtruong/uuv_sim_home/install/dave_gz_sensor_plugins:/opt/ros/jazzy/opt/gz_sim_vendor:/opt/ros/jazzy/opt/gz_sensors_vendor:/opt/ros/jazzy/opt/gz_physics_vendor:/opt/ros/jazzy/opt/sdformat_vendor:/opt/ros/jazzy/opt/gz_gui_vendor:/opt/ros/jazzy/opt/gz_transport_vendor:/opt/ros/jazzy/opt/gz_rendering_vendor:/opt/ros/jazzy/opt/gz_plugin_vendor:/opt/ros/jazzy/opt/gz_fuel_tools_vendor:/opt/ros/jazzy/opt/gz_msgs_vendor:/opt/ros/jazzy/opt/gz_common_vendor:/opt/ros/jazzy/opt/gz_math_vendor:/opt/ros/jazzy/opt/gz_utils_vendor:/opt/ros/jazzy/opt/gz_tools_vendor:/opt/ros/jazzy/opt/gz_ogre_next_vendor:/opt/ros/jazzy/opt/gz_dartsim_vendor:/opt/ros/jazzy/opt/gz_cmake_vendor:/home/namtruong/uuv_sim_home/install/uuv_simu:/opt/ros/jazzy DEBUGINFOD_URLS=https://debuginfod.ubuntu.com LD_LIBRARY_PATH=/home/namtruong/uuv_sim_home/install/dave_interfaces/lib:/home/namtruong/uuv_sim_home/install/multibeam_sonar_system/lib/multibeam_sonar_system/:/home/namtruong/uuv_sim_home/install/multibeam_sonar/lib/multibeam_sonar/:/home/namtruong/uuv_sim_home/install/dave_ros_gz_plugins/lib:/home/namtruong/uuv_sim_home/install/dave_gz_world_plugins/lib:/opt/ros/jazzy/opt/gz_sim_vendor/lib:/opt/ros/jazzy/opt/gz_sensors_vendor/lib:/opt/ros/jazzy/opt/gz_physics_vendor/lib:/opt/ros/jazzy/opt/sdformat_vendor/lib:/opt/ros/jazzy/opt/rviz_ogre_vendor/lib:/opt/ros/jazzy/lib/x86_64-linux-gnu:/opt/ros/jazzy/opt/gz_gui_vendor/lib:/opt/ros/jazzy/opt/gz_transport_vendor/lib:/opt/ros/jazzy/opt/gz_rendering_vendor/lib:/opt/ros/jazzy/opt/gz_plugin_vendor/lib:/opt/ros/jazzy/opt/gz_fuel_tools_vendor/lib:/opt/ros/jazzy/opt/gz_msgs_vendor/lib:/opt/ros/jazzy/opt/gz_common_vendor/lib:/opt/ros/jazzy/opt/gz_math_vendor/lib:/opt/ros/jazzy/opt/gz_utils_vendor/lib:/opt/ros/jazzy/opt/gz_tools_vendor/lib:/opt/ros/jazzy/opt/gz_ogre_next_vendor/lib:/opt/ros/jazzy/opt/gz_dartsim_vendor/lib:/opt/ros/jazzy/opt/gz_cmake_vendor/lib:/opt/ros/jazzy/lib PYTHONPATH=/home/namtruong/uuv_sim_home/install/dave_interfaces/lib/python3.12/site-packages:/home/namtruong/uuv_sim_home/install/uuv_simu/lib/python3.12/site-packages:/opt/ros/jazzy/lib/python3.12/site-packages /usr/bin/cmake --install /home/namtruong/uuv_sim_home/build/dave_gz_world_plugins
[0.874s] Level 1:colcon.colcon_core.environment:checking '/home/namtruong/uuv_sim_home/install/dave_gz_world_plugins' for CMake config files
[0.874s] Level 1:colcon.colcon_core.shell:create_environment_hook('dave_gz_world_plugins', 'cmake_prefix_path')
[0.874s] INFO:colcon.colcon_core.shell:Creating environment hook '/home/namtruong/uuv_sim_home/install/dave_gz_world_plugins/share/dave_gz_world_plugins/hook/cmake_prefix_path.ps1'
[0.875s] INFO:colcon.colcon_core.shell:Creating environment descriptor '/home/namtruong/uuv_sim_home/install/dave_gz_world_plugins/share/dave_gz_world_plugins/hook/cmake_prefix_path.dsv'
[0.875s] INFO:colcon.colcon_core.shell:Creating environment hook '/home/namtruong/uuv_sim_home/install/dave_gz_world_plugins/share/dave_gz_world_plugins/hook/cmake_prefix_path.sh'
[0.875s] Level 1:colcon.colcon_core.environment:checking '/home/namtruong/uuv_sim_home/install/dave_gz_world_plugins/lib'
[0.875s] Level 1:colcon.colcon_core.shell:create_environment_hook('dave_gz_world_plugins', 'ld_library_path_lib')
[0.876s] INFO:colcon.colcon_core.shell:Creating environment hook '/home/namtruong/uuv_sim_home/install/dave_gz_world_plugins/share/dave_gz_world_plugins/hook/ld_library_path_lib.ps1'
[0.876s] INFO:colcon.colcon_core.shell:Creating environment descriptor '/home/namtruong/uuv_sim_home/install/dave_gz_world_plugins/share/dave_gz_world_plugins/hook/ld_library_path_lib.dsv'
[0.876s] INFO:colcon.colcon_core.shell:Creating environment hook '/home/namtruong/uuv_sim_home/install/dave_gz_world_plugins/share/dave_gz_world_plugins/hook/ld_library_path_lib.sh'
[0.876s] Level 1:colcon.colcon_core.environment:checking '/home/namtruong/uuv_sim_home/install/dave_gz_world_plugins/bin'
[0.876s] Level 1:colcon.colcon_core.environment:checking '/home/namtruong/uuv_sim_home/install/dave_gz_world_plugins/lib/pkgconfig/dave_gz_world_plugins.pc'
[0.877s] Level 1:colcon.colcon_core.environment:checking '/home/namtruong/uuv_sim_home/install/dave_gz_world_plugins/lib/python3.12/site-packages'
[0.877s] Level 1:colcon.colcon_core.environment:checking '/home/namtruong/uuv_sim_home/install/dave_gz_world_plugins/bin'
[0.877s] INFO:colcon.colcon_core.shell:Creating package script '/home/namtruong/uuv_sim_home/install/dave_gz_world_plugins/share/dave_gz_world_plugins/package.ps1'
[0.877s] INFO:colcon.colcon_core.shell:Creating package descriptor '/home/namtruong/uuv_sim_home/install/dave_gz_world_plugins/share/dave_gz_world_plugins/package.dsv'
[0.878s] INFO:colcon.colcon_core.shell:Creating package script '/home/namtruong/uuv_sim_home/install/dave_gz_world_plugins/share/dave_gz_world_plugins/package.sh'
[0.878s] INFO:colcon.colcon_core.shell:Creating package script '/home/namtruong/uuv_sim_home/install/dave_gz_world_plugins/share/dave_gz_world_plugins/package.bash'
[0.878s] INFO:colcon.colcon_core.shell:Creating package script '/home/namtruong/uuv_sim_home/install/dave_gz_world_plugins/share/dave_gz_world_plugins/package.zsh'
[0.879s] Level 1:colcon.colcon_core.environment:create_file_with_runtime_dependencies(/home/namtruong/uuv_sim_home/install/dave_gz_world_plugins/share/colcon-core/packages/dave_gz_world_plugins)
[0.879s] Level 1:colcon.colcon_core.environment:create_environment_scripts_only(dave_gz_world_plugins)
[0.879s] Level 1:colcon.colcon_core.environment:checking '/home/namtruong/uuv_sim_home/install/dave_gz_world_plugins' for CMake module files
[0.879s] Level 1:colcon.colcon_core.environment:checking '/home/namtruong/uuv_sim_home/install/dave_gz_world_plugins' for CMake config files
[0.880s] Level 1:colcon.colcon_core.shell:create_environment_hook('dave_gz_world_plugins', 'cmake_prefix_path')
[0.880s] INFO:colcon.colcon_core.shell:Creating environment hook '/home/namtruong/uuv_sim_home/install/dave_gz_world_plugins/share/dave_gz_world_plugins/hook/cmake_prefix_path.ps1'
[0.880s] INFO:colcon.colcon_core.shell:Creating environment descriptor '/home/namtruong/uuv_sim_home/install/dave_gz_world_plugins/share/dave_gz_world_plugins/hook/cmake_prefix_path.dsv'
[0.880s] INFO:colcon.colcon_core.shell:Creating environment hook '/home/namtruong/uuv_sim_home/install/dave_gz_world_plugins/share/dave_gz_world_plugins/hook/cmake_prefix_path.sh'
[0.881s] Level 1:colcon.colcon_core.environment:checking '/home/namtruong/uuv_sim_home/install/dave_gz_world_plugins/lib'
[0.881s] Level 1:colcon.colcon_core.shell:create_environment_hook('dave_gz_world_plugins', 'ld_library_path_lib')
[0.881s] INFO:colcon.colcon_core.shell:Creating environment hook '/home/namtruong/uuv_sim_home/install/dave_gz_world_plugins/share/dave_gz_world_plugins/hook/ld_library_path_lib.ps1'
[0.881s] INFO:colcon.colcon_core.shell:Creating environment descriptor '/home/namtruong/uuv_sim_home/install/dave_gz_world_plugins/share/dave_gz_world_plugins/hook/ld_library_path_lib.dsv'
[0.882s] INFO:colcon.colcon_core.shell:Creating environment hook '/home/namtruong/uuv_sim_home/install/dave_gz_world_plugins/share/dave_gz_world_plugins/hook/ld_library_path_lib.sh'
[0.882s] Level 1:colcon.colcon_core.environment:checking '/home/namtruong/uuv_sim_home/install/dave_gz_world_plugins/bin'
[0.882s] Level 1:colcon.colcon_core.environment:checking '/home/namtruong/uuv_sim_home/install/dave_gz_world_plugins/lib/pkgconfig/dave_gz_world_plugins.pc'
[0.882s] Level 1:colcon.colcon_core.environment:checking '/home/namtruong/uuv_sim_home/install/dave_gz_world_plugins/lib/python3.12/site-packages'
[0.882s] Level 1:colcon.colcon_core.environment:checking '/home/namtruong/uuv_sim_home/install/dave_gz_world_plugins/bin'
[0.882s] INFO:colcon.colcon_core.shell:Creating package script '/home/namtruong/uuv_sim_home/install/dave_gz_world_plugins/share/dave_gz_world_plugins/package.ps1'
[0.883s] INFO:colcon.colcon_core.shell:Creating package descriptor '/home/namtruong/uuv_sim_home/install/dave_gz_world_plugins/share/dave_gz_world_plugins/package.dsv'
[0.883s] INFO:colcon.colcon_core.shell:Creating package script '/home/namtruong/uuv_sim_home/install/dave_gz_world_plugins/share/dave_gz_world_plugins/package.sh'
[0.884s] INFO:colcon.colcon_core.shell:Creating package script '/home/namtruong/uuv_sim_home/install/dave_gz_world_plugins/share/dave_gz_world_plugins/package.bash'
[0.884s] INFO:colcon.colcon_core.shell:Creating package script '/home/namtruong/uuv_sim_home/install/dave_gz_world_plugins/share/dave_gz_world_plugins/package.zsh'
[0.884s] Level 1:colcon.colcon_core.environment:create_file_with_runtime_dependencies(/home/namtruong/uuv_sim_home/install/dave_gz_world_plugins/share/colcon-core/packages/dave_gz_world_plugins)
[0.885s] INFO:colcon.colcon_ros.task.ament_cmake.build:Building ROS package in '/home/namtruong/uuv_sim_home/src/dave_ros_gz_plugins' with build type 'ament_cmake'
[0.885s] INFO:colcon.colcon_cmake.task.cmake.build:Building CMake package in '/home/namtruong/uuv_sim_home/src/dave_ros_gz_plugins'
[0.885s] INFO:colcon.colcon_core.shell:Skip shell extension 'powershell' for command environment: Not usable outside of PowerShell
[0.885s] DEBUG:colcon.colcon_core.shell:Skip shell extension 'dsv' for command environment
[0.898s] DEBUG:colcon.colcon_core.event_handler.log_command:Invoking command in '/home/namtruong/uuv_sim_home/build/dave_ros_gz_plugins': CMAKE_PREFIX_PATH=/home/namtruong/uuv_sim_home/install/dave_gz_world_plugins:/home/namtruong/uuv_sim_home/install/dave_interfaces:/home/namtruong/uuv_sim_home/install/multibeam_sonar_system:/home/namtruong/uuv_sim_home/install/multibeam_sonar:/home/namtruong/uuv_sim_home/install/dave_worlds:/home/namtruong/uuv_sim_home/install/dave_gz_model_plugins:/home/namtruong/uuv_sim_home/install/dave_ros_gz_plugins:/home/namtruong/uuv_sim_home/install/dave_robot_models:/home/namtruong/uuv_sim_home/install/dave_object_models:/home/namtruong/uuv_sim_home/install/dave_multibeam_sonar_demo:/home/namtruong/uuv_sim_home/install/dave_gz_sensor_plugins:/opt/ros/jazzy/opt/gz_sim_vendor:/opt/ros/jazzy/opt/gz_sensors_vendor:/opt/ros/jazzy/opt/gz_physics_vendor:/opt/ros/jazzy/opt/sdformat_vendor:/opt/ros/jazzy/opt/gz_gui_vendor:/opt/ros/jazzy/opt/gz_transport_vendor:/opt/ros/jazzy/opt/gz_rendering_vendor:/opt/ros/jazzy/opt/gz_plugin_vendor:/opt/ros/jazzy/opt/gz_fuel_tools_vendor:/opt/ros/jazzy/opt/gz_msgs_vendor:/opt/ros/jazzy/opt/gz_common_vendor:/opt/ros/jazzy/opt/gz_math_vendor:/opt/ros/jazzy/opt/gz_utils_vendor:/opt/ros/jazzy/opt/gz_tools_vendor:/opt/ros/jazzy/opt/gz_ogre_next_vendor:/opt/ros/jazzy/opt/gz_dartsim_vendor:/opt/ros/jazzy/opt/gz_cmake_vendor:/home/namtruong/uuv_sim_home/install/uuv_simu:/opt/ros/jazzy DEBUGINFOD_URLS=https://debuginfod.ubuntu.com LD_LIBRARY_PATH=/home/namtruong/uuv_sim_home/install/dave_gz_world_plugins/lib:/home/namtruong/uuv_sim_home/install/dave_interfaces/lib:/home/namtruong/uuv_sim_home/install/multibeam_sonar_system/lib/multibeam_sonar_system/:/home/namtruong/uuv_sim_home/install/multibeam_sonar/lib/multibeam_sonar/:/home/namtruong/uuv_sim_home/install/dave_ros_gz_plugins/lib:/opt/ros/jazzy/opt/gz_sim_vendor/lib:/opt/ros/jazzy/opt/gz_sensors_vendor/lib:/opt/ros/jazzy/opt/gz_physics_vendor/lib:/opt/ros/jazzy/opt/sdformat_vendor/lib:/opt/ros/jazzy/opt/rviz_ogre_vendor/lib:/opt/ros/jazzy/lib/x86_64-linux-gnu:/opt/ros/jazzy/opt/gz_gui_vendor/lib:/opt/ros/jazzy/opt/gz_transport_vendor/lib:/opt/ros/jazzy/opt/gz_rendering_vendor/lib:/opt/ros/jazzy/opt/gz_plugin_vendor/lib:/opt/ros/jazzy/opt/gz_fuel_tools_vendor/lib:/opt/ros/jazzy/opt/gz_msgs_vendor/lib:/opt/ros/jazzy/opt/gz_common_vendor/lib:/opt/ros/jazzy/opt/gz_math_vendor/lib:/opt/ros/jazzy/opt/gz_utils_vendor/lib:/opt/ros/jazzy/opt/gz_tools_vendor/lib:/opt/ros/jazzy/opt/gz_ogre_next_vendor/lib:/opt/ros/jazzy/opt/gz_dartsim_vendor/lib:/opt/ros/jazzy/opt/gz_cmake_vendor/lib:/opt/ros/jazzy/lib PYTHONPATH=/home/namtruong/uuv_sim_home/install/dave_interfaces/lib/python3.12/site-packages:/home/namtruong/uuv_sim_home/install/uuv_simu/lib/python3.12/site-packages:/opt/ros/jazzy/lib/python3.12/site-packages /usr/bin/cmake --build /home/namtruong/uuv_sim_home/build/dave_ros_gz_plugins -- -j16 -l16
[0.977s] DEBUG:colcon.colcon_core.event_handler.log_command:Invoked command in '/home/namtruong/uuv_sim_home/build/dave_ros_gz_plugins' returned '0': CMAKE_PREFIX_PATH=/home/namtruong/uuv_sim_home/install/dave_gz_world_plugins:/home/namtruong/uuv_sim_home/install/dave_interfaces:/home/namtruong/uuv_sim_home/install/multibeam_sonar_system:/home/namtruong/uuv_sim_home/install/multibeam_sonar:/home/namtruong/uuv_sim_home/install/dave_worlds:/home/namtruong/uuv_sim_home/install/dave_gz_model_plugins:/home/namtruong/uuv_sim_home/install/dave_ros_gz_plugins:/home/namtruong/uuv_sim_home/install/dave_robot_models:/home/namtruong/uuv_sim_home/install/dave_object_models:/home/namtruong/uuv_sim_home/install/dave_multibeam_sonar_demo:/home/namtruong/uuv_sim_home/install/dave_gz_sensor_plugins:/opt/ros/jazzy/opt/gz_sim_vendor:/opt/ros/jazzy/opt/gz_sensors_vendor:/opt/ros/jazzy/opt/gz_physics_vendor:/opt/ros/jazzy/opt/sdformat_vendor:/opt/ros/jazzy/opt/gz_gui_vendor:/opt/ros/jazzy/opt/gz_transport_vendor:/opt/ros/jazzy/opt/gz_rendering_vendor:/opt/ros/jazzy/opt/gz_plugin_vendor:/opt/ros/jazzy/opt/gz_fuel_tools_vendor:/opt/ros/jazzy/opt/gz_msgs_vendor:/opt/ros/jazzy/opt/gz_common_vendor:/opt/ros/jazzy/opt/gz_math_vendor:/opt/ros/jazzy/opt/gz_utils_vendor:/opt/ros/jazzy/opt/gz_tools_vendor:/opt/ros/jazzy/opt/gz_ogre_next_vendor:/opt/ros/jazzy/opt/gz_dartsim_vendor:/opt/ros/jazzy/opt/gz_cmake_vendor:/home/namtruong/uuv_sim_home/install/uuv_simu:/opt/ros/jazzy DEBUGINFOD_URLS=https://debuginfod.ubuntu.com LD_LIBRARY_PATH=/home/namtruong/uuv_sim_home/install/dave_gz_world_plugins/lib:/home/namtruong/uuv_sim_home/install/dave_interfaces/lib:/home/namtruong/uuv_sim_home/install/multibeam_sonar_system/lib/multibeam_sonar_system/:/home/namtruong/uuv_sim_home/install/multibeam_sonar/lib/multibeam_sonar/:/home/namtruong/uuv_sim_home/install/dave_ros_gz_plugins/lib:/opt/ros/jazzy/opt/gz_sim_vendor/lib:/opt/ros/jazzy/opt/gz_sensors_vendor/lib:/opt/ros/jazzy/opt/gz_physics_vendor/lib:/opt/ros/jazzy/opt/sdformat_vendor/lib:/opt/ros/jazzy/opt/rviz_ogre_vendor/lib:/opt/ros/jazzy/lib/x86_64-linux-gnu:/opt/ros/jazzy/opt/gz_gui_vendor/lib:/opt/ros/jazzy/opt/gz_transport_vendor/lib:/opt/ros/jazzy/opt/gz_rendering_vendor/lib:/opt/ros/jazzy/opt/gz_plugin_vendor/lib:/opt/ros/jazzy/opt/gz_fuel_tools_vendor/lib:/opt/ros/jazzy/opt/gz_msgs_vendor/lib:/opt/ros/jazzy/opt/gz_common_vendor/lib:/opt/ros/jazzy/opt/gz_math_vendor/lib:/opt/ros/jazzy/opt/gz_utils_vendor/lib:/opt/ros/jazzy/opt/gz_tools_vendor/lib:/opt/ros/jazzy/opt/gz_ogre_next_vendor/lib:/opt/ros/jazzy/opt/gz_dartsim_vendor/lib:/opt/ros/jazzy/opt/gz_cmake_vendor/lib:/opt/ros/jazzy/lib PYTHONPATH=/home/namtruong/uuv_sim_home/install/dave_interfaces/lib/python3.12/site-packages:/home/namtruong/uuv_sim_home/install/uuv_simu/lib/python3.12/site-packages:/opt/ros/jazzy/lib/python3.12/site-packages /usr/bin/cmake --build /home/namtruong/uuv_sim_home/build/dave_ros_gz_plugins -- -j16 -l16
[0.979s] DEBUG:colcon.colcon_core.event_handler.log_command:Invoking command in '/home/namtruong/uuv_sim_home/build/dave_ros_gz_plugins': CMAKE_PREFIX_PATH=/home/namtruong/uuv_sim_home/install/dave_gz_world_plugins:/home/namtruong/uuv_sim_home/install/dave_interfaces:/home/namtruong/uuv_sim_home/install/multibeam_sonar_system:/home/namtruong/uuv_sim_home/install/multibeam_sonar:/home/namtruong/uuv_sim_home/install/dave_worlds:/home/namtruong/uuv_sim_home/install/dave_gz_model_plugins:/home/namtruong/uuv_sim_home/install/dave_ros_gz_plugins:/home/namtruong/uuv_sim_home/install/dave_robot_models:/home/namtruong/uuv_sim_home/install/dave_object_models:/home/namtruong/uuv_sim_home/install/dave_multibeam_sonar_demo:/home/namtruong/uuv_sim_home/install/dave_gz_sensor_plugins:/opt/ros/jazzy/opt/gz_sim_vendor:/opt/ros/jazzy/opt/gz_sensors_vendor:/opt/ros/jazzy/opt/gz_physics_vendor:/opt/ros/jazzy/opt/sdformat_vendor:/opt/ros/jazzy/opt/gz_gui_vendor:/opt/ros/jazzy/opt/gz_transport_vendor:/opt/ros/jazzy/opt/gz_rendering_vendor:/opt/ros/jazzy/opt/gz_plugin_vendor:/opt/ros/jazzy/opt/gz_fuel_tools_vendor:/opt/ros/jazzy/opt/gz_msgs_vendor:/opt/ros/jazzy/opt/gz_common_vendor:/opt/ros/jazzy/opt/gz_math_vendor:/opt/ros/jazzy/opt/gz_utils_vendor:/opt/ros/jazzy/opt/gz_tools_vendor:/opt/ros/jazzy/opt/gz_ogre_next_vendor:/opt/ros/jazzy/opt/gz_dartsim_vendor:/opt/ros/jazzy/opt/gz_cmake_vendor:/home/namtruong/uuv_sim_home/install/uuv_simu:/opt/ros/jazzy DEBUGINFOD_URLS=https://debuginfod.ubuntu.com LD_LIBRARY_PATH=/home/namtruong/uuv_sim_home/install/dave_gz_world_plugins/lib:/home/namtruong/uuv_sim_home/install/dave_interfaces/lib:/home/namtruong/uuv_sim_home/install/multibeam_sonar_system/lib/multibeam_sonar_system/:/home/namtruong/uuv_sim_home/install/multibeam_sonar/lib/multibeam_sonar/:/home/namtruong/uuv_sim_home/install/dave_ros_gz_plugins/lib:/opt/ros/jazzy/opt/gz_sim_vendor/lib:/opt/ros/jazzy/opt/gz_sensors_vendor/lib:/opt/ros/jazzy/opt/gz_physics_vendor/lib:/opt/ros/jazzy/opt/sdformat_vendor/lib:/opt/ros/jazzy/opt/rviz_ogre_vendor/lib:/opt/ros/jazzy/lib/x86_64-linux-gnu:/opt/ros/jazzy/opt/gz_gui_vendor/lib:/opt/ros/jazzy/opt/gz_transport_vendor/lib:/opt/ros/jazzy/opt/gz_rendering_vendor/lib:/opt/ros/jazzy/opt/gz_plugin_vendor/lib:/opt/ros/jazzy/opt/gz_fuel_tools_vendor/lib:/opt/ros/jazzy/opt/gz_msgs_vendor/lib:/opt/ros/jazzy/opt/gz_common_vendor/lib:/opt/ros/jazzy/opt/gz_math_vendor/lib:/opt/ros/jazzy/opt/gz_utils_vendor/lib:/opt/ros/jazzy/opt/gz_tools_vendor/lib:/opt/ros/jazzy/opt/gz_ogre_next_vendor/lib:/opt/ros/jazzy/opt/gz_dartsim_vendor/lib:/opt/ros/jazzy/opt/gz_cmake_vendor/lib:/opt/ros/jazzy/lib PYTHONPATH=/home/namtruong/uuv_sim_home/install/dave_interfaces/lib/python3.12/site-packages:/home/namtruong/uuv_sim_home/install/uuv_simu/lib/python3.12/site-packages:/opt/ros/jazzy/lib/python3.12/site-packages /usr/bin/cmake --install /home/namtruong/uuv_sim_home/build/dave_ros_gz_plugins
[1.005s] DEBUG:colcon.colcon_core.task.python.build:Available setuptools commands: develop, check, upload_docs, install, bdist_dumb, install_lib, setopt, register, alias, build_py, dist_info, build, test, extract_messages, init_catalog, install_egg_info, bdist_rpm, rotate, install_data, symlink_data, compile_catalog, build_scripts, saveopts, easy_install, bdist, editable_wheel, upload, egg_info, build_ext, install_scripts, bdist_egg, build_clib, clean, update_catalog, sdist, install_headers
[1.006s] Level 1:colcon.colcon_core.environment:create_environment_scripts_only(dave_ros_gz_plugins)
[1.006s] Level 1:colcon.colcon_core.environment:checking '/home/namtruong/uuv_sim_home/install/dave_ros_gz_plugins' for CMake module files
[1.007s] DEBUG:colcon.colcon_core.event_handler.log_command:Invoking command in '/home/namtruong/uuv_sim_home/src/uuv_simu': CMAKE_PREFIX_PATH=/home/namtruong/uuv_sim_home/install/dave_robot_models:/home/namtruong/uuv_sim_home/install/multibeam_sonar_system:/home/namtruong/uuv_sim_home/install/multibeam_sonar:/home/namtruong/uuv_sim_home/install/dave_worlds:/home/namtruong/uuv_sim_home/install/dave_gz_model_plugins:/home/namtruong/uuv_sim_home/install/dave_ros_gz_plugins:/home/namtruong/uuv_sim_home/install/dave_object_models:/home/namtruong/uuv_sim_home/install/dave_multibeam_sonar_demo:/home/namtruong/uuv_sim_home/install/dave_gz_world_plugins:/home/namtruong/uuv_sim_home/install/dave_gz_sensor_plugins:/home/namtruong/uuv_sim_home/install/dave_interfaces:/opt/ros/jazzy/opt/gz_sim_vendor:/opt/ros/jazzy/opt/gz_sensors_vendor:/opt/ros/jazzy/opt/gz_physics_vendor:/opt/ros/jazzy/opt/sdformat_vendor:/opt/ros/jazzy/opt/gz_gui_vendor:/opt/ros/jazzy/opt/gz_transport_vendor:/opt/ros/jazzy/opt/gz_rendering_vendor:/opt/ros/jazzy/opt/gz_plugin_vendor:/opt/ros/jazzy/opt/gz_fuel_tools_vendor:/opt/ros/jazzy/opt/gz_msgs_vendor:/opt/ros/jazzy/opt/gz_common_vendor:/opt/ros/jazzy/opt/gz_math_vendor:/opt/ros/jazzy/opt/gz_utils_vendor:/opt/ros/jazzy/opt/gz_tools_vendor:/opt/ros/jazzy/opt/gz_ogre_next_vendor:/opt/ros/jazzy/opt/gz_dartsim_vendor:/opt/ros/jazzy/opt/gz_cmake_vendor DEBUGINFOD_URLS=https://debuginfod.ubuntu.com PYTHONPATH=/home/namtruong/uuv_sim_home/build/uuv_simu/prefix_override:/usr/lib/python3/dist-packages/colcon_core/task/python/colcon_distutils_commands:/home/namtruong/uuv_sim_home/install/uuv_simu/lib/python3.12/site-packages:${PYTHONPATH} /usr/bin/python3 -W ignore:setup.py install is deprecated -W ignore:easy_install command is deprecated setup.py egg_info --egg-base ../../build/uuv_simu build --build-base /home/namtruong/uuv_sim_home/build/uuv_simu/build install --record /home/namtruong/uuv_sim_home/build/uuv_simu/install.log --install-scripts $base/lib/uuv_simu --single-version-externally-managed install_data
[1.007s] DEBUG:colcon.colcon_core.event_handler.log_command:Invoked command in '/home/namtruong/uuv_sim_home/build/dave_ros_gz_plugins' returned '0': CMAKE_PREFIX_PATH=/home/namtruong/uuv_sim_home/install/dave_gz_world_plugins:/home/namtruong/uuv_sim_home/install/dave_interfaces:/home/namtruong/uuv_sim_home/install/multibeam_sonar_system:/home/namtruong/uuv_sim_home/install/multibeam_sonar:/home/namtruong/uuv_sim_home/install/dave_worlds:/home/namtruong/uuv_sim_home/install/dave_gz_model_plugins:/home/namtruong/uuv_sim_home/install/dave_ros_gz_plugins:/home/namtruong/uuv_sim_home/install/dave_robot_models:/home/namtruong/uuv_sim_home/install/dave_object_models:/home/namtruong/uuv_sim_home/install/dave_multibeam_sonar_demo:/home/namtruong/uuv_sim_home/install/dave_gz_sensor_plugins:/opt/ros/jazzy/opt/gz_sim_vendor:/opt/ros/jazzy/opt/gz_sensors_vendor:/opt/ros/jazzy/opt/gz_physics_vendor:/opt/ros/jazzy/opt/sdformat_vendor:/opt/ros/jazzy/opt/gz_gui_vendor:/opt/ros/jazzy/opt/gz_transport_vendor:/opt/ros/jazzy/opt/gz_rendering_vendor:/opt/ros/jazzy/opt/gz_plugin_vendor:/opt/ros/jazzy/opt/gz_fuel_tools_vendor:/opt/ros/jazzy/opt/gz_msgs_vendor:/opt/ros/jazzy/opt/gz_common_vendor:/opt/ros/jazzy/opt/gz_math_vendor:/opt/ros/jazzy/opt/gz_utils_vendor:/opt/ros/jazzy/opt/gz_tools_vendor:/opt/ros/jazzy/opt/gz_ogre_next_vendor:/opt/ros/jazzy/opt/gz_dartsim_vendor:/opt/ros/jazzy/opt/gz_cmake_vendor:/home/namtruong/uuv_sim_home/install/uuv_simu:/opt/ros/jazzy DEBUGINFOD_URLS=https://debuginfod.ubuntu.com LD_LIBRARY_PATH=/home/namtruong/uuv_sim_home/install/dave_gz_world_plugins/lib:/home/namtruong/uuv_sim_home/install/dave_interfaces/lib:/home/namtruong/uuv_sim_home/install/multibeam_sonar_system/lib/multibeam_sonar_system/:/home/namtruong/uuv_sim_home/install/multibeam_sonar/lib/multibeam_sonar/:/home/namtruong/uuv_sim_home/install/dave_ros_gz_plugins/lib:/opt/ros/jazzy/opt/gz_sim_vendor/lib:/opt/ros/jazzy/opt/gz_sensors_vendor/lib:/opt/ros/jazzy/opt/gz_physics_vendor/lib:/opt/ros/jazzy/opt/sdformat_vendor/lib:/opt/ros/jazzy/opt/rviz_ogre_vendor/lib:/opt/ros/jazzy/lib/x86_64-linux-gnu:/opt/ros/jazzy/opt/gz_gui_vendor/lib:/opt/ros/jazzy/opt/gz_transport_vendor/lib:/opt/ros/jazzy/opt/gz_rendering_vendor/lib:/opt/ros/jazzy/opt/gz_plugin_vendor/lib:/opt/ros/jazzy/opt/gz_fuel_tools_vendor/lib:/opt/ros/jazzy/opt/gz_msgs_vendor/lib:/opt/ros/jazzy/opt/gz_common_vendor/lib:/opt/ros/jazzy/opt/gz_math_vendor/lib:/opt/ros/jazzy/opt/gz_utils_vendor/lib:/opt/ros/jazzy/opt/gz_tools_vendor/lib:/opt/ros/jazzy/opt/gz_ogre_next_vendor/lib:/opt/ros/jazzy/opt/gz_dartsim_vendor/lib:/opt/ros/jazzy/opt/gz_cmake_vendor/lib:/opt/ros/jazzy/lib PYTHONPATH=/home/namtruong/uuv_sim_home/install/dave_interfaces/lib/python3.12/site-packages:/home/namtruong/uuv_sim_home/install/uuv_simu/lib/python3.12/site-packages:/opt/ros/jazzy/lib/python3.12/site-packages /usr/bin/cmake --install /home/namtruong/uuv_sim_home/build/dave_ros_gz_plugins
[1.007s] Level 1:colcon.colcon_core.environment:checking '/home/namtruong/uuv_sim_home/install/dave_ros_gz_plugins' for CMake config files
[1.008s] Level 1:colcon.colcon_core.shell:create_environment_hook('dave_ros_gz_plugins', 'cmake_prefix_path')
[1.008s] INFO:colcon.colcon_core.shell:Creating environment hook '/home/namtruong/uuv_sim_home/install/dave_ros_gz_plugins/share/dave_ros_gz_plugins/hook/cmake_prefix_path.ps1'
[1.008s] INFO:colcon.colcon_core.shell:Creating environment descriptor '/home/namtruong/uuv_sim_home/install/dave_ros_gz_plugins/share/dave_ros_gz_plugins/hook/cmake_prefix_path.dsv'
[1.008s] INFO:colcon.colcon_core.shell:Creating environment hook '/home/namtruong/uuv_sim_home/install/dave_ros_gz_plugins/share/dave_ros_gz_plugins/hook/cmake_prefix_path.sh'
[1.009s] Level 1:colcon.colcon_core.environment:checking '/home/namtruong/uuv_sim_home/install/dave_ros_gz_plugins/lib'
[1.009s] Level 1:colcon.colcon_core.shell:create_environment_hook('dave_ros_gz_plugins', 'ld_library_path_lib')
[1.009s] INFO:colcon.colcon_core.shell:Creating environment hook '/home/namtruong/uuv_sim_home/install/dave_ros_gz_plugins/share/dave_ros_gz_plugins/hook/ld_library_path_lib.ps1'
[1.009s] INFO:colcon.colcon_core.shell:Creating environment descriptor '/home/namtruong/uuv_sim_home/install/dave_ros_gz_plugins/share/dave_ros_gz_plugins/hook/ld_library_path_lib.dsv'
[1.009s] INFO:colcon.colcon_core.shell:Creating environment hook '/home/namtruong/uuv_sim_home/install/dave_ros_gz_plugins/share/dave_ros_gz_plugins/hook/ld_library_path_lib.sh'
[1.010s] Level 1:colcon.colcon_core.environment:checking '/home/namtruong/uuv_sim_home/install/dave_ros_gz_plugins/bin'
[1.010s] Level 1:colcon.colcon_core.environment:checking '/home/namtruong/uuv_sim_home/install/dave_ros_gz_plugins/lib/pkgconfig/dave_ros_gz_plugins.pc'
[1.010s] Level 1:colcon.colcon_core.environment:checking '/home/namtruong/uuv_sim_home/install/dave_ros_gz_plugins/lib/python3.12/site-packages'
[1.010s] Level 1:colcon.colcon_core.environment:checking '/home/namtruong/uuv_sim_home/install/dave_ros_gz_plugins/bin'
[1.010s] INFO:colcon.colcon_core.shell:Creating package script '/home/namtruong/uuv_sim_home/install/dave_ros_gz_plugins/share/dave_ros_gz_plugins/package.ps1'
[1.011s] INFO:colcon.colcon_core.shell:Creating package descriptor '/home/namtruong/uuv_sim_home/install/dave_ros_gz_plugins/share/dave_ros_gz_plugins/package.dsv'
[1.011s] INFO:colcon.colcon_core.shell:Creating package script '/home/namtruong/uuv_sim_home/install/dave_ros_gz_plugins/share/dave_ros_gz_plugins/package.sh'
[1.011s] INFO:colcon.colcon_core.shell:Creating package script '/home/namtruong/uuv_sim_home/install/dave_ros_gz_plugins/share/dave_ros_gz_plugins/package.bash'
[1.012s] INFO:colcon.colcon_core.shell:Creating package script '/home/namtruong/uuv_sim_home/install/dave_ros_gz_plugins/share/dave_ros_gz_plugins/package.zsh'
[1.012s] Level 1:colcon.colcon_core.environment:create_file_with_runtime_dependencies(/home/namtruong/uuv_sim_home/install/dave_ros_gz_plugins/share/colcon-core/packages/dave_ros_gz_plugins)
[1.012s] Level 1:colcon.colcon_core.environment:create_environment_scripts_only(dave_ros_gz_plugins)
[1.012s] Level 1:colcon.colcon_core.environment:checking '/home/namtruong/uuv_sim_home/install/dave_ros_gz_plugins' for CMake module files
[1.013s] Level 1:colcon.colcon_core.environment:checking '/home/namtruong/uuv_sim_home/install/dave_ros_gz_plugins' for CMake config files
[1.013s] Level 1:colcon.colcon_core.shell:create_environment_hook('dave_ros_gz_plugins', 'cmake_prefix_path')
[1.013s] INFO:colcon.colcon_core.shell:Creating environment hook '/home/namtruong/uuv_sim_home/install/dave_ros_gz_plugins/share/dave_ros_gz_plugins/hook/cmake_prefix_path.ps1'
[1.013s] INFO:colcon.colcon_core.shell:Creating environment descriptor '/home/namtruong/uuv_sim_home/install/dave_ros_gz_plugins/share/dave_ros_gz_plugins/hook/cmake_prefix_path.dsv'
[1.014s] INFO:colcon.colcon_core.shell:Creating environment hook '/home/namtruong/uuv_sim_home/install/dave_ros_gz_plugins/share/dave_ros_gz_plugins/hook/cmake_prefix_path.sh'
[1.014s] Level 1:colcon.colcon_core.environment:checking '/home/namtruong/uuv_sim_home/install/dave_ros_gz_plugins/lib'
[1.014s] Level 1:colcon.colcon_core.shell:create_environment_hook('dave_ros_gz_plugins', 'ld_library_path_lib')
[1.014s] INFO:colcon.colcon_core.shell:Creating environment hook '/home/namtruong/uuv_sim_home/install/dave_ros_gz_plugins/share/dave_ros_gz_plugins/hook/ld_library_path_lib.ps1'
[1.014s] INFO:colcon.colcon_core.shell:Creating environment descriptor '/home/namtruong/uuv_sim_home/install/dave_ros_gz_plugins/share/dave_ros_gz_plugins/hook/ld_library_path_lib.dsv'
[1.015s] INFO:colcon.colcon_core.shell:Creating environment hook '/home/namtruong/uuv_sim_home/install/dave_ros_gz_plugins/share/dave_ros_gz_plugins/hook/ld_library_path_lib.sh'
[1.015s] Level 1:colcon.colcon_core.environment:checking '/home/namtruong/uuv_sim_home/install/dave_ros_gz_plugins/bin'
[1.015s] Level 1:colcon.colcon_core.environment:checking '/home/namtruong/uuv_sim_home/install/dave_ros_gz_plugins/lib/pkgconfig/dave_ros_gz_plugins.pc'
[1.015s] Level 1:colcon.colcon_core.environment:checking '/home/namtruong/uuv_sim_home/install/dave_ros_gz_plugins/lib/python3.12/site-packages'
[1.015s] Level 1:colcon.colcon_core.environment:checking '/home/namtruong/uuv_sim_home/install/dave_ros_gz_plugins/bin'
[1.016s] INFO:colcon.colcon_core.shell:Creating package script '/home/namtruong/uuv_sim_home/install/dave_ros_gz_plugins/share/dave_ros_gz_plugins/package.ps1'
[1.016s] INFO:colcon.colcon_core.shell:Creating package descriptor '/home/namtruong/uuv_sim_home/install/dave_ros_gz_plugins/share/dave_ros_gz_plugins/package.dsv'
[1.016s] INFO:colcon.colcon_core.shell:Creating package script '/home/namtruong/uuv_sim_home/install/dave_ros_gz_plugins/share/dave_ros_gz_plugins/package.sh'
[1.017s] INFO:colcon.colcon_core.shell:Creating package script '/home/namtruong/uuv_sim_home/install/dave_ros_gz_plugins/share/dave_ros_gz_plugins/package.bash'
[1.017s] INFO:colcon.colcon_core.shell:Creating package script '/home/namtruong/uuv_sim_home/install/dave_ros_gz_plugins/share/dave_ros_gz_plugins/package.zsh'
[1.017s] Level 1:colcon.colcon_core.environment:create_file_with_runtime_dependencies(/home/namtruong/uuv_sim_home/install/dave_ros_gz_plugins/share/colcon-core/packages/dave_ros_gz_plugins)
[1.017s] INFO:colcon.colcon_ros.task.ament_cmake.build:Building ROS package in '/home/namtruong/uuv_sim_home/src/dave_gz_model_plugins' with build type 'ament_cmake'
[1.018s] INFO:colcon.colcon_cmake.task.cmake.build:Building CMake package in '/home/namtruong/uuv_sim_home/src/dave_gz_model_plugins'
[1.018s] INFO:colcon.colcon_core.shell:Skip shell extension 'powershell' for command environment: Not usable outside of PowerShell
[1.018s] DEBUG:colcon.colcon_core.shell:Skip shell extension 'dsv' for command environment
[1.034s] DEBUG:colcon.colcon_core.event_handler.log_command:Invoking command in '/home/namtruong/uuv_sim_home/build/dave_gz_model_plugins': CMAKE_PREFIX_PATH=/home/namtruong/uuv_sim_home/install/dave_ros_gz_plugins:/home/namtruong/uuv_sim_home/install/dave_gz_world_plugins:/home/namtruong/uuv_sim_home/install/dave_interfaces:/home/namtruong/uuv_sim_home/install/multibeam_sonar_system:/home/namtruong/uuv_sim_home/install/multibeam_sonar:/home/namtruong/uuv_sim_home/install/dave_worlds:/home/namtruong/uuv_sim_home/install/dave_gz_model_plugins:/home/namtruong/uuv_sim_home/install/dave_robot_models:/home/namtruong/uuv_sim_home/install/dave_object_models:/home/namtruong/uuv_sim_home/install/dave_multibeam_sonar_demo:/home/namtruong/uuv_sim_home/install/dave_gz_sensor_plugins:/opt/ros/jazzy/opt/gz_sim_vendor:/opt/ros/jazzy/opt/gz_sensors_vendor:/opt/ros/jazzy/opt/gz_physics_vendor:/opt/ros/jazzy/opt/sdformat_vendor:/opt/ros/jazzy/opt/gz_gui_vendor:/opt/ros/jazzy/opt/gz_transport_vendor:/opt/ros/jazzy/opt/gz_rendering_vendor:/opt/ros/jazzy/opt/gz_plugin_vendor:/opt/ros/jazzy/opt/gz_fuel_tools_vendor:/opt/ros/jazzy/opt/gz_msgs_vendor:/opt/ros/jazzy/opt/gz_common_vendor:/opt/ros/jazzy/opt/gz_math_vendor:/opt/ros/jazzy/opt/gz_utils_vendor:/opt/ros/jazzy/opt/gz_tools_vendor:/opt/ros/jazzy/opt/gz_ogre_next_vendor:/opt/ros/jazzy/opt/gz_dartsim_vendor:/opt/ros/jazzy/opt/gz_cmake_vendor:/home/namtruong/uuv_sim_home/install/uuv_simu:/opt/ros/jazzy DEBUGINFOD_URLS=https://debuginfod.ubuntu.com LD_LIBRARY_PATH=/home/namtruong/uuv_sim_home/install/dave_ros_gz_plugins/lib:/home/namtruong/uuv_sim_home/install/dave_gz_world_plugins/lib:/home/namtruong/uuv_sim_home/install/dave_interfaces/lib:/home/namtruong/uuv_sim_home/install/multibeam_sonar_system/lib/multibeam_sonar_system/:/home/namtruong/uuv_sim_home/install/multibeam_sonar/lib/multibeam_sonar/:/opt/ros/jazzy/opt/gz_sim_vendor/lib:/opt/ros/jazzy/opt/gz_sensors_vendor/lib:/opt/ros/jazzy/opt/gz_physics_vendor/lib:/opt/ros/jazzy/opt/sdformat_vendor/lib:/opt/ros/jazzy/opt/rviz_ogre_vendor/lib:/opt/ros/jazzy/lib/x86_64-linux-gnu:/opt/ros/jazzy/opt/gz_gui_vendor/lib:/opt/ros/jazzy/opt/gz_transport_vendor/lib:/opt/ros/jazzy/opt/gz_rendering_vendor/lib:/opt/ros/jazzy/opt/gz_plugin_vendor/lib:/opt/ros/jazzy/opt/gz_fuel_tools_vendor/lib:/opt/ros/jazzy/opt/gz_msgs_vendor/lib:/opt/ros/jazzy/opt/gz_common_vendor/lib:/opt/ros/jazzy/opt/gz_math_vendor/lib:/opt/ros/jazzy/opt/gz_utils_vendor/lib:/opt/ros/jazzy/opt/gz_tools_vendor/lib:/opt/ros/jazzy/opt/gz_ogre_next_vendor/lib:/opt/ros/jazzy/opt/gz_dartsim_vendor/lib:/opt/ros/jazzy/opt/gz_cmake_vendor/lib:/opt/ros/jazzy/lib PYTHONPATH=/home/namtruong/uuv_sim_home/install/dave_interfaces/lib/python3.12/site-packages:/home/namtruong/uuv_sim_home/install/uuv_simu/lib/python3.12/site-packages:/opt/ros/jazzy/lib/python3.12/site-packages /usr/bin/cmake --build /home/namtruong/uuv_sim_home/build/dave_gz_model_plugins -- -j16 -l16
[1.117s] DEBUG:colcon.colcon_core.event_handler.log_command:Invoked command in '/home/namtruong/uuv_sim_home/build/dave_gz_model_plugins' returned '0': CMAKE_PREFIX_PATH=/home/namtruong/uuv_sim_home/install/dave_ros_gz_plugins:/home/namtruong/uuv_sim_home/install/dave_gz_world_plugins:/home/namtruong/uuv_sim_home/install/dave_interfaces:/home/namtruong/uuv_sim_home/install/multibeam_sonar_system:/home/namtruong/uuv_sim_home/install/multibeam_sonar:/home/namtruong/uuv_sim_home/install/dave_worlds:/home/namtruong/uuv_sim_home/install/dave_gz_model_plugins:/home/namtruong/uuv_sim_home/install/dave_robot_models:/home/namtruong/uuv_sim_home/install/dave_object_models:/home/namtruong/uuv_sim_home/install/dave_multibeam_sonar_demo:/home/namtruong/uuv_sim_home/install/dave_gz_sensor_plugins:/opt/ros/jazzy/opt/gz_sim_vendor:/opt/ros/jazzy/opt/gz_sensors_vendor:/opt/ros/jazzy/opt/gz_physics_vendor:/opt/ros/jazzy/opt/sdformat_vendor:/opt/ros/jazzy/opt/gz_gui_vendor:/opt/ros/jazzy/opt/gz_transport_vendor:/opt/ros/jazzy/opt/gz_rendering_vendor:/opt/ros/jazzy/opt/gz_plugin_vendor:/opt/ros/jazzy/opt/gz_fuel_tools_vendor:/opt/ros/jazzy/opt/gz_msgs_vendor:/opt/ros/jazzy/opt/gz_common_vendor:/opt/ros/jazzy/opt/gz_math_vendor:/opt/ros/jazzy/opt/gz_utils_vendor:/opt/ros/jazzy/opt/gz_tools_vendor:/opt/ros/jazzy/opt/gz_ogre_next_vendor:/opt/ros/jazzy/opt/gz_dartsim_vendor:/opt/ros/jazzy/opt/gz_cmake_vendor:/home/namtruong/uuv_sim_home/install/uuv_simu:/opt/ros/jazzy DEBUGINFOD_URLS=https://debuginfod.ubuntu.com LD_LIBRARY_PATH=/home/namtruong/uuv_sim_home/install/dave_ros_gz_plugins/lib:/home/namtruong/uuv_sim_home/install/dave_gz_world_plugins/lib:/home/namtruong/uuv_sim_home/install/dave_interfaces/lib:/home/namtruong/uuv_sim_home/install/multibeam_sonar_system/lib/multibeam_sonar_system/:/home/namtruong/uuv_sim_home/install/multibeam_sonar/lib/multibeam_sonar/:/opt/ros/jazzy/opt/gz_sim_vendor/lib:/opt/ros/jazzy/opt/gz_sensors_vendor/lib:/opt/ros/jazzy/opt/gz_physics_vendor/lib:/opt/ros/jazzy/opt/sdformat_vendor/lib:/opt/ros/jazzy/opt/rviz_ogre_vendor/lib:/opt/ros/jazzy/lib/x86_64-linux-gnu:/opt/ros/jazzy/opt/gz_gui_vendor/lib:/opt/ros/jazzy/opt/gz_transport_vendor/lib:/opt/ros/jazzy/opt/gz_rendering_vendor/lib:/opt/ros/jazzy/opt/gz_plugin_vendor/lib:/opt/ros/jazzy/opt/gz_fuel_tools_vendor/lib:/opt/ros/jazzy/opt/gz_msgs_vendor/lib:/opt/ros/jazzy/opt/gz_common_vendor/lib:/opt/ros/jazzy/opt/gz_math_vendor/lib:/opt/ros/jazzy/opt/gz_utils_vendor/lib:/opt/ros/jazzy/opt/gz_tools_vendor/lib:/opt/ros/jazzy/opt/gz_ogre_next_vendor/lib:/opt/ros/jazzy/opt/gz_dartsim_vendor/lib:/opt/ros/jazzy/opt/gz_cmake_vendor/lib:/opt/ros/jazzy/lib PYTHONPATH=/home/namtruong/uuv_sim_home/install/dave_interfaces/lib/python3.12/site-packages:/home/namtruong/uuv_sim_home/install/uuv_simu/lib/python3.12/site-packages:/opt/ros/jazzy/lib/python3.12/site-packages /usr/bin/cmake --build /home/namtruong/uuv_sim_home/build/dave_gz_model_plugins -- -j16 -l16
[1.118s] DEBUG:colcon.colcon_core.event_handler.log_command:Invoking command in '/home/namtruong/uuv_sim_home/build/dave_gz_model_plugins': CMAKE_PREFIX_PATH=/home/namtruong/uuv_sim_home/install/dave_ros_gz_plugins:/home/namtruong/uuv_sim_home/install/dave_gz_world_plugins:/home/namtruong/uuv_sim_home/install/dave_interfaces:/home/namtruong/uuv_sim_home/install/multibeam_sonar_system:/home/namtruong/uuv_sim_home/install/multibeam_sonar:/home/namtruong/uuv_sim_home/install/dave_worlds:/home/namtruong/uuv_sim_home/install/dave_gz_model_plugins:/home/namtruong/uuv_sim_home/install/dave_robot_models:/home/namtruong/uuv_sim_home/install/dave_object_models:/home/namtruong/uuv_sim_home/install/dave_multibeam_sonar_demo:/home/namtruong/uuv_sim_home/install/dave_gz_sensor_plugins:/opt/ros/jazzy/opt/gz_sim_vendor:/opt/ros/jazzy/opt/gz_sensors_vendor:/opt/ros/jazzy/opt/gz_physics_vendor:/opt/ros/jazzy/opt/sdformat_vendor:/opt/ros/jazzy/opt/gz_gui_vendor:/opt/ros/jazzy/opt/gz_transport_vendor:/opt/ros/jazzy/opt/gz_rendering_vendor:/opt/ros/jazzy/opt/gz_plugin_vendor:/opt/ros/jazzy/opt/gz_fuel_tools_vendor:/opt/ros/jazzy/opt/gz_msgs_vendor:/opt/ros/jazzy/opt/gz_common_vendor:/opt/ros/jazzy/opt/gz_math_vendor:/opt/ros/jazzy/opt/gz_utils_vendor:/opt/ros/jazzy/opt/gz_tools_vendor:/opt/ros/jazzy/opt/gz_ogre_next_vendor:/opt/ros/jazzy/opt/gz_dartsim_vendor:/opt/ros/jazzy/opt/gz_cmake_vendor:/home/namtruong/uuv_sim_home/install/uuv_simu:/opt/ros/jazzy DEBUGINFOD_URLS=https://debuginfod.ubuntu.com LD_LIBRARY_PATH=/home/namtruong/uuv_sim_home/install/dave_ros_gz_plugins/lib:/home/namtruong/uuv_sim_home/install/dave_gz_world_plugins/lib:/home/namtruong/uuv_sim_home/install/dave_interfaces/lib:/home/namtruong/uuv_sim_home/install/multibeam_sonar_system/lib/multibeam_sonar_system/:/home/namtruong/uuv_sim_home/install/multibeam_sonar/lib/multibeam_sonar/:/opt/ros/jazzy/opt/gz_sim_vendor/lib:/opt/ros/jazzy/opt/gz_sensors_vendor/lib:/opt/ros/jazzy/opt/gz_physics_vendor/lib:/opt/ros/jazzy/opt/sdformat_vendor/lib:/opt/ros/jazzy/opt/rviz_ogre_vendor/lib:/opt/ros/jazzy/lib/x86_64-linux-gnu:/opt/ros/jazzy/opt/gz_gui_vendor/lib:/opt/ros/jazzy/opt/gz_transport_vendor/lib:/opt/ros/jazzy/opt/gz_rendering_vendor/lib:/opt/ros/jazzy/opt/gz_plugin_vendor/lib:/opt/ros/jazzy/opt/gz_fuel_tools_vendor/lib:/opt/ros/jazzy/opt/gz_msgs_vendor/lib:/opt/ros/jazzy/opt/gz_common_vendor/lib:/opt/ros/jazzy/opt/gz_math_vendor/lib:/opt/ros/jazzy/opt/gz_utils_vendor/lib:/opt/ros/jazzy/opt/gz_tools_vendor/lib:/opt/ros/jazzy/opt/gz_ogre_next_vendor/lib:/opt/ros/jazzy/opt/gz_dartsim_vendor/lib:/opt/ros/jazzy/opt/gz_cmake_vendor/lib:/opt/ros/jazzy/lib PYTHONPATH=/home/namtruong/uuv_sim_home/install/dave_interfaces/lib/python3.12/site-packages:/home/namtruong/uuv_sim_home/install/uuv_simu/lib/python3.12/site-packages:/opt/ros/jazzy/lib/python3.12/site-packages /usr/bin/cmake --install /home/namtruong/uuv_sim_home/build/dave_gz_model_plugins
[1.141s] Level 1:colcon.colcon_core.environment:create_environment_scripts_only(dave_gz_model_plugins)
[1.141s] Level 1:colcon.colcon_core.environment:checking '/home/namtruong/uuv_sim_home/install/dave_gz_model_plugins' for CMake module files
[1.141s] DEBUG:colcon.colcon_core.event_handler.log_command:Invoked command in '/home/namtruong/uuv_sim_home/build/dave_gz_model_plugins' returned '0': CMAKE_PREFIX_PATH=/home/namtruong/uuv_sim_home/install/dave_ros_gz_plugins:/home/namtruong/uuv_sim_home/install/dave_gz_world_plugins:/home/namtruong/uuv_sim_home/install/dave_interfaces:/home/namtruong/uuv_sim_home/install/multibeam_sonar_system:/home/namtruong/uuv_sim_home/install/multibeam_sonar:/home/namtruong/uuv_sim_home/install/dave_worlds:/home/namtruong/uuv_sim_home/install/dave_gz_model_plugins:/home/namtruong/uuv_sim_home/install/dave_robot_models:/home/namtruong/uuv_sim_home/install/dave_object_models:/home/namtruong/uuv_sim_home/install/dave_multibeam_sonar_demo:/home/namtruong/uuv_sim_home/install/dave_gz_sensor_plugins:/opt/ros/jazzy/opt/gz_sim_vendor:/opt/ros/jazzy/opt/gz_sensors_vendor:/opt/ros/jazzy/opt/gz_physics_vendor:/opt/ros/jazzy/opt/sdformat_vendor:/opt/ros/jazzy/opt/gz_gui_vendor:/opt/ros/jazzy/opt/gz_transport_vendor:/opt/ros/jazzy/opt/gz_rendering_vendor:/opt/ros/jazzy/opt/gz_plugin_vendor:/opt/ros/jazzy/opt/gz_fuel_tools_vendor:/opt/ros/jazzy/opt/gz_msgs_vendor:/opt/ros/jazzy/opt/gz_common_vendor:/opt/ros/jazzy/opt/gz_math_vendor:/opt/ros/jazzy/opt/gz_utils_vendor:/opt/ros/jazzy/opt/gz_tools_vendor:/opt/ros/jazzy/opt/gz_ogre_next_vendor:/opt/ros/jazzy/opt/gz_dartsim_vendor:/opt/ros/jazzy/opt/gz_cmake_vendor:/home/namtruong/uuv_sim_home/install/uuv_simu:/opt/ros/jazzy DEBUGINFOD_URLS=https://debuginfod.ubuntu.com LD_LIBRARY_PATH=/home/namtruong/uuv_sim_home/install/dave_ros_gz_plugins/lib:/home/namtruong/uuv_sim_home/install/dave_gz_world_plugins/lib:/home/namtruong/uuv_sim_home/install/dave_interfaces/lib:/home/namtruong/uuv_sim_home/install/multibeam_sonar_system/lib/multibeam_sonar_system/:/home/namtruong/uuv_sim_home/install/multibeam_sonar/lib/multibeam_sonar/:/opt/ros/jazzy/opt/gz_sim_vendor/lib:/opt/ros/jazzy/opt/gz_sensors_vendor/lib:/opt/ros/jazzy/opt/gz_physics_vendor/lib:/opt/ros/jazzy/opt/sdformat_vendor/lib:/opt/ros/jazzy/opt/rviz_ogre_vendor/lib:/opt/ros/jazzy/lib/x86_64-linux-gnu:/opt/ros/jazzy/opt/gz_gui_vendor/lib:/opt/ros/jazzy/opt/gz_transport_vendor/lib:/opt/ros/jazzy/opt/gz_rendering_vendor/lib:/opt/ros/jazzy/opt/gz_plugin_vendor/lib:/opt/ros/jazzy/opt/gz_fuel_tools_vendor/lib:/opt/ros/jazzy/opt/gz_msgs_vendor/lib:/opt/ros/jazzy/opt/gz_common_vendor/lib:/opt/ros/jazzy/opt/gz_math_vendor/lib:/opt/ros/jazzy/opt/gz_utils_vendor/lib:/opt/ros/jazzy/opt/gz_tools_vendor/lib:/opt/ros/jazzy/opt/gz_ogre_next_vendor/lib:/opt/ros/jazzy/opt/gz_dartsim_vendor/lib:/opt/ros/jazzy/opt/gz_cmake_vendor/lib:/opt/ros/jazzy/lib PYTHONPATH=/home/namtruong/uuv_sim_home/install/dave_interfaces/lib/python3.12/site-packages:/home/namtruong/uuv_sim_home/install/uuv_simu/lib/python3.12/site-packages:/opt/ros/jazzy/lib/python3.12/site-packages /usr/bin/cmake --install /home/namtruong/uuv_sim_home/build/dave_gz_model_plugins
[1.142s] Level 1:colcon.colcon_core.environment:checking '/home/namtruong/uuv_sim_home/install/dave_gz_model_plugins' for CMake config files
[1.142s] Level 1:colcon.colcon_core.shell:create_environment_hook('dave_gz_model_plugins', 'cmake_prefix_path')
[1.142s] INFO:colcon.colcon_core.shell:Creating environment hook '/home/namtruong/uuv_sim_home/install/dave_gz_model_plugins/share/dave_gz_model_plugins/hook/cmake_prefix_path.ps1'
[1.143s] INFO:colcon.colcon_core.shell:Creating environment descriptor '/home/namtruong/uuv_sim_home/install/dave_gz_model_plugins/share/dave_gz_model_plugins/hook/cmake_prefix_path.dsv'
[1.143s] INFO:colcon.colcon_core.shell:Creating environment hook '/home/namtruong/uuv_sim_home/install/dave_gz_model_plugins/share/dave_gz_model_plugins/hook/cmake_prefix_path.sh'
[1.144s] Level 1:colcon.colcon_core.environment:checking '/home/namtruong/uuv_sim_home/install/dave_gz_model_plugins/lib'
[1.144s] Level 1:colcon.colcon_core.environment:checking '/home/namtruong/uuv_sim_home/install/dave_gz_model_plugins/bin'
[1.144s] Level 1:colcon.colcon_core.environment:checking '/home/namtruong/uuv_sim_home/install/dave_gz_model_plugins/lib/pkgconfig/dave_gz_model_plugins.pc'
[1.144s] Level 1:colcon.colcon_core.environment:checking '/home/namtruong/uuv_sim_home/install/dave_gz_model_plugins/lib/python3.12/site-packages'
[1.144s] Level 1:colcon.colcon_core.environment:checking '/home/namtruong/uuv_sim_home/install/dave_gz_model_plugins/bin'
[1.144s] INFO:colcon.colcon_core.shell:Creating package script '/home/namtruong/uuv_sim_home/install/dave_gz_model_plugins/share/dave_gz_model_plugins/package.ps1'
[1.145s] INFO:colcon.colcon_core.shell:Creating package descriptor '/home/namtruong/uuv_sim_home/install/dave_gz_model_plugins/share/dave_gz_model_plugins/package.dsv'
[1.145s] INFO:colcon.colcon_core.shell:Creating package script '/home/namtruong/uuv_sim_home/install/dave_gz_model_plugins/share/dave_gz_model_plugins/package.sh'
[1.145s] INFO:colcon.colcon_core.shell:Creating package script '/home/namtruong/uuv_sim_home/install/dave_gz_model_plugins/share/dave_gz_model_plugins/package.bash'
[1.146s] INFO:colcon.colcon_core.shell:Creating package script '/home/namtruong/uuv_sim_home/install/dave_gz_model_plugins/share/dave_gz_model_plugins/package.zsh'
[1.146s] Level 1:colcon.colcon_core.environment:create_file_with_runtime_dependencies(/home/namtruong/uuv_sim_home/install/dave_gz_model_plugins/share/colcon-core/packages/dave_gz_model_plugins)
[1.146s] Level 1:colcon.colcon_core.environment:create_environment_scripts_only(dave_gz_model_plugins)
[1.146s] Level 1:colcon.colcon_core.environment:checking '/home/namtruong/uuv_sim_home/install/dave_gz_model_plugins' for CMake module files
[1.147s] Level 1:colcon.colcon_core.environment:checking '/home/namtruong/uuv_sim_home/install/dave_gz_model_plugins' for CMake config files
[1.147s] Level 1:colcon.colcon_core.shell:create_environment_hook('dave_gz_model_plugins', 'cmake_prefix_path')
[1.147s] INFO:colcon.colcon_core.shell:Creating environment hook '/home/namtruong/uuv_sim_home/install/dave_gz_model_plugins/share/dave_gz_model_plugins/hook/cmake_prefix_path.ps1'
[1.147s] INFO:colcon.colcon_core.shell:Creating environment descriptor '/home/namtruong/uuv_sim_home/install/dave_gz_model_plugins/share/dave_gz_model_plugins/hook/cmake_prefix_path.dsv'
[1.148s] INFO:colcon.colcon_core.shell:Creating environment hook '/home/namtruong/uuv_sim_home/install/dave_gz_model_plugins/share/dave_gz_model_plugins/hook/cmake_prefix_path.sh'
[1.148s] Level 1:colcon.colcon_core.environment:checking '/home/namtruong/uuv_sim_home/install/dave_gz_model_plugins/lib'
[1.148s] Level 1:colcon.colcon_core.environment:checking '/home/namtruong/uuv_sim_home/install/dave_gz_model_plugins/bin'
[1.148s] Level 1:colcon.colcon_core.environment:checking '/home/namtruong/uuv_sim_home/install/dave_gz_model_plugins/lib/pkgconfig/dave_gz_model_plugins.pc'
[1.149s] Level 1:colcon.colcon_core.environment:checking '/home/namtruong/uuv_sim_home/install/dave_gz_model_plugins/lib/python3.12/site-packages'
[1.149s] Level 1:colcon.colcon_core.environment:checking '/home/namtruong/uuv_sim_home/install/dave_gz_model_plugins/bin'
[1.149s] INFO:colcon.colcon_core.shell:Creating package script '/home/namtruong/uuv_sim_home/install/dave_gz_model_plugins/share/dave_gz_model_plugins/package.ps1'
[1.149s] INFO:colcon.colcon_core.shell:Creating package descriptor '/home/namtruong/uuv_sim_home/install/dave_gz_model_plugins/share/dave_gz_model_plugins/package.dsv'
[1.150s] INFO:colcon.colcon_core.shell:Creating package script '/home/namtruong/uuv_sim_home/install/dave_gz_model_plugins/share/dave_gz_model_plugins/package.sh'
[1.150s] INFO:colcon.colcon_core.shell:Creating package script '/home/namtruong/uuv_sim_home/install/dave_gz_model_plugins/share/dave_gz_model_plugins/package.bash'
[1.150s] INFO:colcon.colcon_core.shell:Creating package script '/home/namtruong/uuv_sim_home/install/dave_gz_model_plugins/share/dave_gz_model_plugins/package.zsh'
[1.150s] Level 1:colcon.colcon_core.environment:create_file_with_runtime_dependencies(/home/namtruong/uuv_sim_home/install/dave_gz_model_plugins/share/colcon-core/packages/dave_gz_model_plugins)
[1.452s] Level 1:colcon.colcon_core.environment:checking '/home/namtruong/uuv_sim_home/install/uuv_simu' for CMake module files
[1.453s] Level 1:colcon.colcon_core.environment:checking '/home/namtruong/uuv_sim_home/install/uuv_simu' for CMake config files
[1.453s] DEBUG:colcon.colcon_core.event_handler.log_command:Invoked command in '/home/namtruong/uuv_sim_home/src/uuv_simu' returned '0': CMAKE_PREFIX_PATH=/home/namtruong/uuv_sim_home/install/dave_robot_models:/home/namtruong/uuv_sim_home/install/multibeam_sonar_system:/home/namtruong/uuv_sim_home/install/multibeam_sonar:/home/namtruong/uuv_sim_home/install/dave_worlds:/home/namtruong/uuv_sim_home/install/dave_gz_model_plugins:/home/namtruong/uuv_sim_home/install/dave_ros_gz_plugins:/home/namtruong/uuv_sim_home/install/dave_object_models:/home/namtruong/uuv_sim_home/install/dave_multibeam_sonar_demo:/home/namtruong/uuv_sim_home/install/dave_gz_world_plugins:/home/namtruong/uuv_sim_home/install/dave_gz_sensor_plugins:/home/namtruong/uuv_sim_home/install/dave_interfaces:/opt/ros/jazzy/opt/gz_sim_vendor:/opt/ros/jazzy/opt/gz_sensors_vendor:/opt/ros/jazzy/opt/gz_physics_vendor:/opt/ros/jazzy/opt/sdformat_vendor:/opt/ros/jazzy/opt/gz_gui_vendor:/opt/ros/jazzy/opt/gz_transport_vendor:/opt/ros/jazzy/opt/gz_rendering_vendor:/opt/ros/jazzy/opt/gz_plugin_vendor:/opt/ros/jazzy/opt/gz_fuel_tools_vendor:/opt/ros/jazzy/opt/gz_msgs_vendor:/opt/ros/jazzy/opt/gz_common_vendor:/opt/ros/jazzy/opt/gz_math_vendor:/opt/ros/jazzy/opt/gz_utils_vendor:/opt/ros/jazzy/opt/gz_tools_vendor:/opt/ros/jazzy/opt/gz_ogre_next_vendor:/opt/ros/jazzy/opt/gz_dartsim_vendor:/opt/ros/jazzy/opt/gz_cmake_vendor DEBUGINFOD_URLS=https://debuginfod.ubuntu.com PYTHONPATH=/home/namtruong/uuv_sim_home/build/uuv_simu/prefix_override:/usr/lib/python3/dist-packages/colcon_core/task/python/colcon_distutils_commands:/home/namtruong/uuv_sim_home/install/uuv_simu/lib/python3.12/site-packages:${PYTHONPATH} /usr/bin/python3 -W ignore:setup.py install is deprecated -W ignore:easy_install command is deprecated setup.py egg_info --egg-base ../../build/uuv_simu build --build-base /home/namtruong/uuv_sim_home/build/uuv_simu/build install --record /home/namtruong/uuv_sim_home/build/uuv_simu/install.log --install-scripts $base/lib/uuv_simu --single-version-externally-managed install_data
[1.453s] Level 1:colcon.colcon_core.environment:checking '/home/namtruong/uuv_sim_home/install/uuv_simu/lib'
[1.453s] Level 1:colcon.colcon_core.environment:checking '/home/namtruong/uuv_sim_home/install/uuv_simu/bin'
[1.453s] Level 1:colcon.colcon_core.environment:checking '/home/namtruong/uuv_sim_home/install/uuv_simu/lib/pkgconfig/uuv_simu.pc'
[1.454s] Level 1:colcon.colcon_core.environment:checking '/home/namtruong/uuv_sim_home/install/uuv_simu/lib/python3.12/site-packages'
[1.454s] Level 1:colcon.colcon_core.shell:create_environment_hook('uuv_simu', 'pythonpath')
[1.454s] INFO:colcon.colcon_core.shell:Creating environment hook '/home/namtruong/uuv_sim_home/install/uuv_simu/share/uuv_simu/hook/pythonpath.ps1'
[1.454s] INFO:colcon.colcon_core.shell:Creating environment descriptor '/home/namtruong/uuv_sim_home/install/uuv_simu/share/uuv_simu/hook/pythonpath.dsv'
[1.454s] INFO:colcon.colcon_core.shell:Creating environment hook '/home/namtruong/uuv_sim_home/install/uuv_simu/share/uuv_simu/hook/pythonpath.sh'
[1.455s] Level 1:colcon.colcon_core.environment:checking '/home/namtruong/uuv_sim_home/install/uuv_simu/bin'
[1.455s] Level 1:colcon.colcon_core.environment:create_environment_scripts_only(uuv_simu)
[1.455s] INFO:colcon.colcon_core.shell:Creating package script '/home/namtruong/uuv_sim_home/install/uuv_simu/share/uuv_simu/package.ps1'
[1.456s] INFO:colcon.colcon_core.shell:Creating package descriptor '/home/namtruong/uuv_sim_home/install/uuv_simu/share/uuv_simu/package.dsv'
[1.456s] INFO:colcon.colcon_core.shell:Creating package script '/home/namtruong/uuv_sim_home/install/uuv_simu/share/uuv_simu/package.sh'
[1.456s] INFO:colcon.colcon_core.shell:Creating package script '/home/namtruong/uuv_sim_home/install/uuv_simu/share/uuv_simu/package.bash'
[1.457s] INFO:colcon.colcon_core.shell:Creating package script '/home/namtruong/uuv_sim_home/install/uuv_simu/share/uuv_simu/package.zsh'
[1.457s] Level 1:colcon.colcon_core.environment:create_file_with_runtime_dependencies(/home/namtruong/uuv_sim_home/install/uuv_simu/share/colcon-core/packages/uuv_simu)
[1.457s] DEBUG:colcon.colcon_parallel_executor.executor.parallel:closing loop
[1.457s] DEBUG:colcon.colcon_parallel_executor.executor.parallel:loop closed
[1.457s] DEBUG:colcon.colcon_parallel_executor.executor.parallel:run_until_complete finished with '0'
[1.458s] DEBUG:colcon.colcon_core.event_reactor:joining thread
[1.463s] INFO:colcon.colcon_core.plugin_system:Skipping extension 'colcon_notification.desktop_notification.terminal_notifier': Not used on non-Darwin systems
[1.463s] INFO:colcon.colcon_core.plugin_system:Skipping extension 'colcon_notification.desktop_notification.win32': Not used on non-Windows systems
[1.463s] INFO:colcon.colcon_notification.desktop_notification:Sending desktop notification using 'notify2'
[1.482s] DEBUG:colcon.colcon_core.event_reactor:joined thread
[1.482s] INFO:colcon.colcon_core.shell:Creating prefix script '/home/namtruong/uuv_sim_home/install/local_setup.ps1'
[1.483s] INFO:colcon.colcon_core.shell:Creating prefix util module '/home/namtruong/uuv_sim_home/install/_local_setup_util_ps1.py'
[1.484s] INFO:colcon.colcon_core.shell:Creating prefix chain script '/home/namtruong/uuv_sim_home/install/setup.ps1'
[1.485s] INFO:colcon.colcon_core.shell:Creating prefix script '/home/namtruong/uuv_sim_home/install/local_setup.sh'
[1.485s] INFO:colcon.colcon_core.shell:Creating prefix util module '/home/namtruong/uuv_sim_home/install/_local_setup_util_sh.py'
[1.486s] INFO:colcon.colcon_core.shell:Creating prefix chain script '/home/namtruong/uuv_sim_home/install/setup.sh'
[1.487s] INFO:colcon.colcon_core.shell:Creating prefix script '/home/namtruong/uuv_sim_home/install/local_setup.bash'
[1.487s] INFO:colcon.colcon_core.shell:Creating prefix chain script '/home/namtruong/uuv_sim_home/install/setup.bash'
[1.488s] INFO:colcon.colcon_core.shell:Creating prefix script '/home/namtruong/uuv_sim_home/install/local_setup.zsh'
[1.488s] INFO:colcon.colcon_core.shell:Creating prefix chain script '/home/namtruong/uuv_sim_home/install/setup.zsh'
