[0.072s] DEBUG:colcon:Command line arguments: ['/usr/bin/colcon', 'build']
[0.072s] DEBUG:colcon:Parsed command line arguments: Namespace(log_base=None, log_level=None, verb_name='build', build_base='build', install_base='install', merge_install=False, symlink_install=False, test_result_base=None, continue_on_error=False, executor='parallel', parallel_workers=16, event_handlers=None, ignore_user_meta=False, metas=['./colcon.meta'], base_paths=['.'], packages_ignore=None, packages_ignore_regex=None, paths=None, packages_up_to=None, packages_up_to_regex=None, packages_above=None, packages_above_and_dependencies=None, packages_above_depth=None, packages_select_by_dep=None, packages_skip_by_dep=None, packages_skip_up_to=None, packages_select_build_failed=False, packages_skip_build_finished=False, packages_select_test_failures=False, packages_skip_test_passed=False, packages_select=None, packages_skip=None, packages_select_regex=None, packages_skip_regex=None, packages_start=None, packages_end=None, allow_overriding=[], cmake_args=None, cmake_target=None, cmake_target_skip_unavailable=False, cmake_clean_cache=False, cmake_clean_first=False, cmake_force_configure=False, ament_cmake_args=None, catkin_cmake_args=None, catkin_skip_building_tests=False, verb_parser=<colcon_defaults.argument_parser.defaults.DefaultArgumentsDecorator object at 0x752ca956da30>, verb_extension=<colcon_core.verb.build.BuildVerb object at 0x752ca969a8a0>, main=<bound method BuildVerb.main of <colcon_core.verb.build.BuildVerb object at 0x752ca969a8a0>>)
[0.100s] Level 1:colcon.colcon_core.package_discovery:discover_packages(colcon_meta) check parameters
[0.100s] Level 1:colcon.colcon_core.package_discovery:discover_packages(recursive) check parameters
[0.100s] Level 1:colcon.colcon_core.package_discovery:discover_packages(ignore) check parameters
[0.100s] Level 1:colcon.colcon_core.package_discovery:discover_packages(path) check parameters
[0.100s] Level 1:colcon.colcon_core.package_discovery:discover_packages(colcon_meta) discover
[0.100s] Level 1:colcon.colcon_core.package_discovery:discover_packages(recursive) discover
[0.100s] INFO:colcon.colcon_core.package_discovery:Crawling recursively for packages in '/home/namtruong/uuv_sim_home'
[0.100s] Level 1:colcon.colcon_core.package_identification:_identify(.) by extensions ['ignore', 'ignore_ament_install']
[0.100s] Level 1:colcon.colcon_core.package_identification:_identify(.) by extension 'ignore'
[0.100s] Level 1:colcon.colcon_core.package_identification:_identify(.) by extension 'ignore_ament_install'
[0.100s] Level 1:colcon.colcon_core.package_identification:_identify(.) by extensions ['colcon_pkg']
[0.100s] Level 1:colcon.colcon_core.package_identification:_identify(.) by extension 'colcon_pkg'
[0.100s] Level 1:colcon.colcon_core.package_identification:_identify(.) by extensions ['colcon_meta']
[0.100s] Level 1:colcon.colcon_core.package_identification:_identify(.) by extension 'colcon_meta'
[0.100s] Level 1:colcon.colcon_core.package_identification:_identify(.) by extensions ['ros']
[0.100s] Level 1:colcon.colcon_core.package_identification:_identify(.) by extension 'ros'
[0.117s] Level 1:colcon.colcon_core.package_identification:_identify(.) by extensions ['cmake', 'python']
[0.117s] Level 1:colcon.colcon_core.package_identification:_identify(.) by extension 'cmake'
[0.118s] Level 1:colcon.colcon_core.package_identification:_identify(.) by extension 'python'
[0.118s] Level 1:colcon.colcon_core.package_identification:_identify(.) by extensions ['python_setup_py']
[0.118s] Level 1:colcon.colcon_core.package_identification:_identify(.) by extension 'python_setup_py'
[0.118s] Level 1:colcon.colcon_core.package_identification:_identify(build) by extensions ['ignore', 'ignore_ament_install']
[0.118s] Level 1:colcon.colcon_core.package_identification:_identify(build) by extension 'ignore'
[0.118s] Level 1:colcon.colcon_core.package_identification:_identify(build) ignored
[0.118s] Level 1:colcon.colcon_core.package_identification:_identify(install) by extensions ['ignore', 'ignore_ament_install']
[0.118s] Level 1:colcon.colcon_core.package_identification:_identify(install) by extension 'ignore'
[0.118s] Level 1:colcon.colcon_core.package_identification:_identify(install) ignored
[0.118s] Level 1:colcon.colcon_core.package_identification:_identify(log) by extensions ['ignore', 'ignore_ament_install']
[0.118s] Level 1:colcon.colcon_core.package_identification:_identify(log) by extension 'ignore'
[0.118s] Level 1:colcon.colcon_core.package_identification:_identify(log) ignored
[0.118s] Level 1:colcon.colcon_core.package_identification:_identify(src) by extensions ['ignore', 'ignore_ament_install']
[0.118s] Level 1:colcon.colcon_core.package_identification:_identify(src) by extension 'ignore'
[0.118s] Level 1:colcon.colcon_core.package_identification:_identify(src) by extension 'ignore_ament_install'
[0.118s] Level 1:colcon.colcon_core.package_identification:_identify(src) by extensions ['colcon_pkg']
[0.118s] Level 1:colcon.colcon_core.package_identification:_identify(src) by extension 'colcon_pkg'
[0.118s] Level 1:colcon.colcon_core.package_identification:_identify(src) by extensions ['colcon_meta']
[0.118s] Level 1:colcon.colcon_core.package_identification:_identify(src) by extension 'colcon_meta'
[0.118s] Level 1:colcon.colcon_core.package_identification:_identify(src) by extensions ['ros']
[0.118s] Level 1:colcon.colcon_core.package_identification:_identify(src) by extension 'ros'
[0.118s] Level 1:colcon.colcon_core.package_identification:_identify(src) by extensions ['cmake', 'python']
[0.118s] Level 1:colcon.colcon_core.package_identification:_identify(src) by extension 'cmake'
[0.118s] Level 1:colcon.colcon_core.package_identification:_identify(src) by extension 'python'
[0.119s] Level 1:colcon.colcon_core.package_identification:_identify(src) by extensions ['python_setup_py']
[0.119s] Level 1:colcon.colcon_core.package_identification:_identify(src) by extension 'python_setup_py'
[0.119s] Level 1:colcon.colcon_core.package_identification:_identify(src/dave_gz_model_plugins) by extensions ['ignore', 'ignore_ament_install']
[0.119s] Level 1:colcon.colcon_core.package_identification:_identify(src/dave_gz_model_plugins) by extension 'ignore'
[0.119s] Level 1:colcon.colcon_core.package_identification:_identify(src/dave_gz_model_plugins) by extension 'ignore_ament_install'
[0.119s] Level 1:colcon.colcon_core.package_identification:_identify(src/dave_gz_model_plugins) by extensions ['colcon_pkg']
[0.119s] Level 1:colcon.colcon_core.package_identification:_identify(src/dave_gz_model_plugins) by extension 'colcon_pkg'
[0.119s] Level 1:colcon.colcon_core.package_identification:_identify(src/dave_gz_model_plugins) by extensions ['colcon_meta']
[0.119s] Level 1:colcon.colcon_core.package_identification:_identify(src/dave_gz_model_plugins) by extension 'colcon_meta'
[0.119s] Level 1:colcon.colcon_core.package_identification:_identify(src/dave_gz_model_plugins) by extensions ['ros']
[0.119s] Level 1:colcon.colcon_core.package_identification:_identify(src/dave_gz_model_plugins) by extension 'ros'
[0.121s] DEBUG:colcon.colcon_core.package_identification:Package 'src/dave_gz_model_plugins' with type 'ros.ament_cmake' and name 'dave_gz_model_plugins'
[0.121s] Level 1:colcon.colcon_core.package_identification:_identify(src/dave_gz_sensor_plugins) by extensions ['ignore', 'ignore_ament_install']
[0.121s] Level 1:colcon.colcon_core.package_identification:_identify(src/dave_gz_sensor_plugins) by extension 'ignore'
[0.121s] Level 1:colcon.colcon_core.package_identification:_identify(src/dave_gz_sensor_plugins) by extension 'ignore_ament_install'
[0.121s] Level 1:colcon.colcon_core.package_identification:_identify(src/dave_gz_sensor_plugins) by extensions ['colcon_pkg']
[0.121s] Level 1:colcon.colcon_core.package_identification:_identify(src/dave_gz_sensor_plugins) by extension 'colcon_pkg'
[0.121s] Level 1:colcon.colcon_core.package_identification:_identify(src/dave_gz_sensor_plugins) by extensions ['colcon_meta']
[0.121s] Level 1:colcon.colcon_core.package_identification:_identify(src/dave_gz_sensor_plugins) by extension 'colcon_meta'
[0.121s] Level 1:colcon.colcon_core.package_identification:_identify(src/dave_gz_sensor_plugins) by extensions ['ros']
[0.121s] Level 1:colcon.colcon_core.package_identification:_identify(src/dave_gz_sensor_plugins) by extension 'ros'
[0.121s] DEBUG:colcon.colcon_core.package_identification:Package 'src/dave_gz_sensor_plugins' with type 'ros.ament_cmake' and name 'dave_gz_sensor_plugins'
[0.121s] Level 1:colcon.colcon_core.package_identification:_identify(src/dave_gz_world_plugins) by extensions ['ignore', 'ignore_ament_install']
[0.121s] Level 1:colcon.colcon_core.package_identification:_identify(src/dave_gz_world_plugins) by extension 'ignore'
[0.121s] Level 1:colcon.colcon_core.package_identification:_identify(src/dave_gz_world_plugins) by extension 'ignore_ament_install'
[0.122s] Level 1:colcon.colcon_core.package_identification:_identify(src/dave_gz_world_plugins) by extensions ['colcon_pkg']
[0.122s] Level 1:colcon.colcon_core.package_identification:_identify(src/dave_gz_world_plugins) by extension 'colcon_pkg'
[0.122s] Level 1:colcon.colcon_core.package_identification:_identify(src/dave_gz_world_plugins) by extensions ['colcon_meta']
[0.122s] Level 1:colcon.colcon_core.package_identification:_identify(src/dave_gz_world_plugins) by extension 'colcon_meta'
[0.122s] Level 1:colcon.colcon_core.package_identification:_identify(src/dave_gz_world_plugins) by extensions ['ros']
[0.122s] Level 1:colcon.colcon_core.package_identification:_identify(src/dave_gz_world_plugins) by extension 'ros'
[0.123s] DEBUG:colcon.colcon_core.package_identification:Package 'src/dave_gz_world_plugins' with type 'ros.ament_cmake' and name 'dave_gz_world_plugins'
[0.123s] Level 1:colcon.colcon_core.package_identification:_identify(src/dave_interfaces) by extensions ['ignore', 'ignore_ament_install']
[0.123s] Level 1:colcon.colcon_core.package_identification:_identify(src/dave_interfaces) by extension 'ignore'
[0.123s] Level 1:colcon.colcon_core.package_identification:_identify(src/dave_interfaces) by extension 'ignore_ament_install'
[0.123s] Level 1:colcon.colcon_core.package_identification:_identify(src/dave_interfaces) by extensions ['colcon_pkg']
[0.123s] Level 1:colcon.colcon_core.package_identification:_identify(src/dave_interfaces) by extension 'colcon_pkg'
[0.123s] Level 1:colcon.colcon_core.package_identification:_identify(src/dave_interfaces) by extensions ['colcon_meta']
[0.123s] Level 1:colcon.colcon_core.package_identification:_identify(src/dave_interfaces) by extension 'colcon_meta'
[0.123s] Level 1:colcon.colcon_core.package_identification:_identify(src/dave_interfaces) by extensions ['ros']
[0.123s] Level 1:colcon.colcon_core.package_identification:_identify(src/dave_interfaces) by extension 'ros'
[0.123s] DEBUG:colcon.colcon_core.package_identification:Package 'src/dave_interfaces' with type 'ros.ament_cmake' and name 'dave_interfaces'
[0.123s] Level 1:colcon.colcon_core.package_identification:_identify(src/dave_object_models) by extensions ['ignore', 'ignore_ament_install']
[0.123s] Level 1:colcon.colcon_core.package_identification:_identify(src/dave_object_models) by extension 'ignore'
[0.123s] Level 1:colcon.colcon_core.package_identification:_identify(src/dave_object_models) by extension 'ignore_ament_install'
[0.123s] Level 1:colcon.colcon_core.package_identification:_identify(src/dave_object_models) by extensions ['colcon_pkg']
[0.123s] Level 1:colcon.colcon_core.package_identification:_identify(src/dave_object_models) by extension 'colcon_pkg'
[0.124s] Level 1:colcon.colcon_core.package_identification:_identify(src/dave_object_models) by extensions ['colcon_meta']
[0.124s] Level 1:colcon.colcon_core.package_identification:_identify(src/dave_object_models) by extension 'colcon_meta'
[0.124s] Level 1:colcon.colcon_core.package_identification:_identify(src/dave_object_models) by extensions ['ros']
[0.124s] Level 1:colcon.colcon_core.package_identification:_identify(src/dave_object_models) by extension 'ros'
[0.124s] DEBUG:colcon.colcon_core.package_identification:Package 'src/dave_object_models' with type 'ros.ament_cmake' and name 'dave_object_models'
[0.124s] Level 1:colcon.colcon_core.package_identification:_identify(src/dave_robot_models) by extensions ['ignore', 'ignore_ament_install']
[0.124s] Level 1:colcon.colcon_core.package_identification:_identify(src/dave_robot_models) by extension 'ignore'
[0.124s] Level 1:colcon.colcon_core.package_identification:_identify(src/dave_robot_models) by extension 'ignore_ament_install'
[0.124s] Level 1:colcon.colcon_core.package_identification:_identify(src/dave_robot_models) by extensions ['colcon_pkg']
[0.124s] Level 1:colcon.colcon_core.package_identification:_identify(src/dave_robot_models) by extension 'colcon_pkg'
[0.124s] Level 1:colcon.colcon_core.package_identification:_identify(src/dave_robot_models) by extensions ['colcon_meta']
[0.124s] Level 1:colcon.colcon_core.package_identification:_identify(src/dave_robot_models) by extension 'colcon_meta'
[0.124s] Level 1:colcon.colcon_core.package_identification:_identify(src/dave_robot_models) by extensions ['ros']
[0.124s] Level 1:colcon.colcon_core.package_identification:_identify(src/dave_robot_models) by extension 'ros'
[0.124s] DEBUG:colcon.colcon_core.package_identification:Package 'src/dave_robot_models' with type 'ros.ament_cmake' and name 'dave_robot_models'
[0.124s] Level 1:colcon.colcon_core.package_identification:_identify(src/dave_ros_gz_plugins) by extensions ['ignore', 'ignore_ament_install']
[0.125s] Level 1:colcon.colcon_core.package_identification:_identify(src/dave_ros_gz_plugins) by extension 'ignore'
[0.125s] Level 1:colcon.colcon_core.package_identification:_identify(src/dave_ros_gz_plugins) by extension 'ignore_ament_install'
[0.125s] Level 1:colcon.colcon_core.package_identification:_identify(src/dave_ros_gz_plugins) by extensions ['colcon_pkg']
[0.125s] Level 1:colcon.colcon_core.package_identification:_identify(src/dave_ros_gz_plugins) by extension 'colcon_pkg'
[0.125s] Level 1:colcon.colcon_core.package_identification:_identify(src/dave_ros_gz_plugins) by extensions ['colcon_meta']
[0.125s] Level 1:colcon.colcon_core.package_identification:_identify(src/dave_ros_gz_plugins) by extension 'colcon_meta'
[0.125s] Level 1:colcon.colcon_core.package_identification:_identify(src/dave_ros_gz_plugins) by extensions ['ros']
[0.125s] Level 1:colcon.colcon_core.package_identification:_identify(src/dave_ros_gz_plugins) by extension 'ros'
[0.125s] DEBUG:colcon.colcon_core.package_identification:Package 'src/dave_ros_gz_plugins' with type 'ros.ament_cmake' and name 'dave_ros_gz_plugins'
[0.125s] Level 1:colcon.colcon_core.package_identification:_identify(src/dave_worlds) by extensions ['ignore', 'ignore_ament_install']
[0.125s] Level 1:colcon.colcon_core.package_identification:_identify(src/dave_worlds) by extension 'ignore'
[0.125s] Level 1:colcon.colcon_core.package_identification:_identify(src/dave_worlds) by extension 'ignore_ament_install'
[0.125s] Level 1:colcon.colcon_core.package_identification:_identify(src/dave_worlds) by extensions ['colcon_pkg']
[0.125s] Level 1:colcon.colcon_core.package_identification:_identify(src/dave_worlds) by extension 'colcon_pkg'
[0.125s] Level 1:colcon.colcon_core.package_identification:_identify(src/dave_worlds) by extensions ['colcon_meta']
[0.125s] Level 1:colcon.colcon_core.package_identification:_identify(src/dave_worlds) by extension 'colcon_meta'
[0.125s] Level 1:colcon.colcon_core.package_identification:_identify(src/dave_worlds) by extensions ['ros']
[0.125s] Level 1:colcon.colcon_core.package_identification:_identify(src/dave_worlds) by extension 'ros'
[0.126s] DEBUG:colcon.colcon_core.package_identification:Package 'src/dave_worlds' with type 'ros.ament_cmake' and name 'dave_worlds'
[0.126s] Level 1:colcon.colcon_core.package_identification:_identify(src/multibeam_sonar) by extensions ['ignore', 'ignore_ament_install']
[0.126s] Level 1:colcon.colcon_core.package_identification:_identify(src/multibeam_sonar) by extension 'ignore'
[0.126s] Level 1:colcon.colcon_core.package_identification:_identify(src/multibeam_sonar) by extension 'ignore_ament_install'
[0.126s] Level 1:colcon.colcon_core.package_identification:_identify(src/multibeam_sonar) by extensions ['colcon_pkg']
[0.126s] Level 1:colcon.colcon_core.package_identification:_identify(src/multibeam_sonar) by extension 'colcon_pkg'
[0.126s] Level 1:colcon.colcon_core.package_identification:_identify(src/multibeam_sonar) by extensions ['colcon_meta']
[0.126s] Level 1:colcon.colcon_core.package_identification:_identify(src/multibeam_sonar) by extension 'colcon_meta'
[0.126s] Level 1:colcon.colcon_core.package_identification:_identify(src/multibeam_sonar) by extensions ['ros']
[0.126s] Level 1:colcon.colcon_core.package_identification:_identify(src/multibeam_sonar) by extension 'ros'
[0.127s] DEBUG:colcon.colcon_core.package_identification:Package 'src/multibeam_sonar' with type 'ros.ament_cmake' and name 'multibeam_sonar'
[0.127s] Level 1:colcon.colcon_core.package_identification:_identify(src/multibeam_sonar_demo) by extensions ['ignore', 'ignore_ament_install']
[0.127s] Level 1:colcon.colcon_core.package_identification:_identify(src/multibeam_sonar_demo) by extension 'ignore'
[0.127s] Level 1:colcon.colcon_core.package_identification:_identify(src/multibeam_sonar_demo) by extension 'ignore_ament_install'
[0.127s] Level 1:colcon.colcon_core.package_identification:_identify(src/multibeam_sonar_demo) by extensions ['colcon_pkg']
[0.127s] Level 1:colcon.colcon_core.package_identification:_identify(src/multibeam_sonar_demo) by extension 'colcon_pkg'
[0.127s] Level 1:colcon.colcon_core.package_identification:_identify(src/multibeam_sonar_demo) by extensions ['colcon_meta']
[0.127s] Level 1:colcon.colcon_core.package_identification:_identify(src/multibeam_sonar_demo) by extension 'colcon_meta'
[0.127s] Level 1:colcon.colcon_core.package_identification:_identify(src/multibeam_sonar_demo) by extensions ['ros']
[0.127s] Level 1:colcon.colcon_core.package_identification:_identify(src/multibeam_sonar_demo) by extension 'ros'
[0.127s] DEBUG:colcon.colcon_core.package_identification:Package 'src/multibeam_sonar_demo' with type 'ros.ament_cmake' and name 'dave_multibeam_sonar_demo'
[0.127s] Level 1:colcon.colcon_core.package_identification:_identify(src/multibeam_sonar_system) by extensions ['ignore', 'ignore_ament_install']
[0.127s] Level 1:colcon.colcon_core.package_identification:_identify(src/multibeam_sonar_system) by extension 'ignore'
[0.127s] Level 1:colcon.colcon_core.package_identification:_identify(src/multibeam_sonar_system) by extension 'ignore_ament_install'
[0.127s] Level 1:colcon.colcon_core.package_identification:_identify(src/multibeam_sonar_system) by extensions ['colcon_pkg']
[0.127s] Level 1:colcon.colcon_core.package_identification:_identify(src/multibeam_sonar_system) by extension 'colcon_pkg'
[0.127s] Level 1:colcon.colcon_core.package_identification:_identify(src/multibeam_sonar_system) by extensions ['colcon_meta']
[0.127s] Level 1:colcon.colcon_core.package_identification:_identify(src/multibeam_sonar_system) by extension 'colcon_meta'
[0.128s] Level 1:colcon.colcon_core.package_identification:_identify(src/multibeam_sonar_system) by extensions ['ros']
[0.128s] Level 1:colcon.colcon_core.package_identification:_identify(src/multibeam_sonar_system) by extension 'ros'
[0.128s] DEBUG:colcon.colcon_core.package_identification:Package 'src/multibeam_sonar_system' with type 'ros.ament_cmake' and name 'multibeam_sonar_system'
[0.128s] Level 1:colcon.colcon_core.package_identification:_identify(src/uuv_simu) by extensions ['ignore', 'ignore_ament_install']
[0.128s] Level 1:colcon.colcon_core.package_identification:_identify(src/uuv_simu) by extension 'ignore'
[0.128s] Level 1:colcon.colcon_core.package_identification:_identify(src/uuv_simu) by extension 'ignore_ament_install'
[0.128s] Level 1:colcon.colcon_core.package_identification:_identify(src/uuv_simu) by extensions ['colcon_pkg']
[0.128s] Level 1:colcon.colcon_core.package_identification:_identify(src/uuv_simu) by extension 'colcon_pkg'
[0.128s] Level 1:colcon.colcon_core.package_identification:_identify(src/uuv_simu) by extensions ['colcon_meta']
[0.128s] Level 1:colcon.colcon_core.package_identification:_identify(src/uuv_simu) by extension 'colcon_meta'
[0.128s] Level 1:colcon.colcon_core.package_identification:_identify(src/uuv_simu) by extensions ['ros']
[0.128s] Level 1:colcon.colcon_core.package_identification:_identify(src/uuv_simu) by extension 'ros'
[0.129s] DEBUG:colcon.colcon_core.package_identification:Package 'src/uuv_simu' with type 'ros.ament_python' and name 'uuv_simu'
[0.129s] Level 1:colcon.colcon_core.package_discovery:discover_packages(recursive) using defaults
[0.129s] Level 1:colcon.colcon_core.package_discovery:discover_packages(ignore) discover
[0.129s] Level 1:colcon.colcon_core.package_discovery:discover_packages(ignore) using defaults
[0.129s] Level 1:colcon.colcon_core.package_discovery:discover_packages(path) discover
[0.129s] Level 1:colcon.colcon_core.package_discovery:discover_packages(path) using defaults
[0.142s] Level 1:colcon.colcon_core.package_discovery:discover_packages(prefix_path) check parameters
[0.142s] Level 1:colcon.colcon_core.package_discovery:discover_packages(prefix_path) discover
[0.144s] DEBUG:colcon.colcon_installed_package_information.package_discovery:Found 12 installed packages in /home/namtruong/uuv_sim_home/install
[0.145s] DEBUG:colcon.colcon_installed_package_information.package_discovery:Found 325 installed packages in /opt/ros/jazzy
[0.146s] Level 1:colcon.colcon_core.package_discovery:discover_packages(prefix_path) using defaults
[0.179s] Level 5:colcon.colcon_core.verb:set package 'dave_interfaces' build argument 'cmake_args' from command line to 'None'
[0.179s] Level 5:colcon.colcon_core.verb:set package 'dave_interfaces' build argument 'cmake_target' from command line to 'None'
[0.179s] Level 5:colcon.colcon_core.verb:set package 'dave_interfaces' build argument 'cmake_target_skip_unavailable' from command line to 'False'
[0.179s] Level 5:colcon.colcon_core.verb:set package 'dave_interfaces' build argument 'cmake_clean_cache' from command line to 'False'
[0.179s] Level 5:colcon.colcon_core.verb:set package 'dave_interfaces' build argument 'cmake_clean_first' from command line to 'False'
[0.179s] Level 5:colcon.colcon_core.verb:set package 'dave_interfaces' build argument 'cmake_force_configure' from command line to 'False'
[0.179s] Level 5:colcon.colcon_core.verb:set package 'dave_interfaces' build argument 'ament_cmake_args' from command line to 'None'
[0.179s] Level 5:colcon.colcon_core.verb:set package 'dave_interfaces' build argument 'catkin_cmake_args' from command line to 'None'
[0.179s] Level 5:colcon.colcon_core.verb:set package 'dave_interfaces' build argument 'catkin_skip_building_tests' from command line to 'False'
[0.179s] DEBUG:colcon.colcon_core.verb:Building package 'dave_interfaces' with the following arguments: {'ament_cmake_args': None, 'build_base': '/home/namtruong/uuv_sim_home/build/dave_interfaces', 'catkin_cmake_args': None, 'catkin_skip_building_tests': False, 'cmake_args': None, 'cmake_clean_cache': False, 'cmake_clean_first': False, 'cmake_force_configure': False, 'cmake_target': None, 'cmake_target_skip_unavailable': False, 'install_base': '/home/namtruong/uuv_sim_home/install/dave_interfaces', 'merge_install': False, 'path': '/home/namtruong/uuv_sim_home/src/dave_interfaces', 'symlink_install': False, 'test_result_base': None}
[0.180s] Level 5:colcon.colcon_core.verb:set package 'dave_multibeam_sonar_demo' build argument 'cmake_args' from command line to 'None'
[0.180s] Level 5:colcon.colcon_core.verb:set package 'dave_multibeam_sonar_demo' build argument 'cmake_target' from command line to 'None'
[0.180s] Level 5:colcon.colcon_core.verb:set package 'dave_multibeam_sonar_demo' build argument 'cmake_target_skip_unavailable' from command line to 'False'
[0.180s] Level 5:colcon.colcon_core.verb:set package 'dave_multibeam_sonar_demo' build argument 'cmake_clean_cache' from command line to 'False'
[0.180s] Level 5:colcon.colcon_core.verb:set package 'dave_multibeam_sonar_demo' build argument 'cmake_clean_first' from command line to 'False'
[0.180s] Level 5:colcon.colcon_core.verb:set package 'dave_multibeam_sonar_demo' build argument 'cmake_force_configure' from command line to 'False'
[0.180s] Level 5:colcon.colcon_core.verb:set package 'dave_multibeam_sonar_demo' build argument 'ament_cmake_args' from command line to 'None'
[0.180s] Level 5:colcon.colcon_core.verb:set package 'dave_multibeam_sonar_demo' build argument 'catkin_cmake_args' from command line to 'None'
[0.180s] Level 5:colcon.colcon_core.verb:set package 'dave_multibeam_sonar_demo' build argument 'catkin_skip_building_tests' from command line to 'False'
[0.180s] DEBUG:colcon.colcon_core.verb:Building package 'dave_multibeam_sonar_demo' with the following arguments: {'ament_cmake_args': None, 'build_base': '/home/namtruong/uuv_sim_home/build/dave_multibeam_sonar_demo', 'catkin_cmake_args': None, 'catkin_skip_building_tests': False, 'cmake_args': None, 'cmake_clean_cache': False, 'cmake_clean_first': False, 'cmake_force_configure': False, 'cmake_target': None, 'cmake_target_skip_unavailable': False, 'install_base': '/home/namtruong/uuv_sim_home/install/dave_multibeam_sonar_demo', 'merge_install': False, 'path': '/home/namtruong/uuv_sim_home/src/multibeam_sonar_demo', 'symlink_install': False, 'test_result_base': None}
[0.180s] Level 5:colcon.colcon_core.verb:set package 'dave_object_models' build argument 'cmake_args' from command line to 'None'
[0.180s] Level 5:colcon.colcon_core.verb:set package 'dave_object_models' build argument 'cmake_target' from command line to 'None'
[0.180s] Level 5:colcon.colcon_core.verb:set package 'dave_object_models' build argument 'cmake_target_skip_unavailable' from command line to 'False'
[0.180s] Level 5:colcon.colcon_core.verb:set package 'dave_object_models' build argument 'cmake_clean_cache' from command line to 'False'
[0.180s] Level 5:colcon.colcon_core.verb:set package 'dave_object_models' build argument 'cmake_clean_first' from command line to 'False'
[0.180s] Level 5:colcon.colcon_core.verb:set package 'dave_object_models' build argument 'cmake_force_configure' from command line to 'False'
[0.180s] Level 5:colcon.colcon_core.verb:set package 'dave_object_models' build argument 'ament_cmake_args' from command line to 'None'
[0.180s] Level 5:colcon.colcon_core.verb:set package 'dave_object_models' build argument 'catkin_cmake_args' from command line to 'None'
[0.180s] Level 5:colcon.colcon_core.verb:set package 'dave_object_models' build argument 'catkin_skip_building_tests' from command line to 'False'
[0.180s] DEBUG:colcon.colcon_core.verb:Building package 'dave_object_models' with the following arguments: {'ament_cmake_args': None, 'build_base': '/home/namtruong/uuv_sim_home/build/dave_object_models', 'catkin_cmake_args': None, 'catkin_skip_building_tests': False, 'cmake_args': None, 'cmake_clean_cache': False, 'cmake_clean_first': False, 'cmake_force_configure': False, 'cmake_target': None, 'cmake_target_skip_unavailable': False, 'install_base': '/home/namtruong/uuv_sim_home/install/dave_object_models', 'merge_install': False, 'path': '/home/namtruong/uuv_sim_home/src/dave_object_models', 'symlink_install': False, 'test_result_base': None}
[0.180s] Level 5:colcon.colcon_core.verb:set package 'dave_robot_models' build argument 'cmake_args' from command line to 'None'
[0.180s] Level 5:colcon.colcon_core.verb:set package 'dave_robot_models' build argument 'cmake_target' from command line to 'None'
[0.180s] Level 5:colcon.colcon_core.verb:set package 'dave_robot_models' build argument 'cmake_target_skip_unavailable' from command line to 'False'
[0.180s] Level 5:colcon.colcon_core.verb:set package 'dave_robot_models' build argument 'cmake_clean_cache' from command line to 'False'
[0.180s] Level 5:colcon.colcon_core.verb:set package 'dave_robot_models' build argument 'cmake_clean_first' from command line to 'False'
[0.180s] Level 5:colcon.colcon_core.verb:set package 'dave_robot_models' build argument 'cmake_force_configure' from command line to 'False'
[0.180s] Level 5:colcon.colcon_core.verb:set package 'dave_robot_models' build argument 'ament_cmake_args' from command line to 'None'
[0.180s] Level 5:colcon.colcon_core.verb:set package 'dave_robot_models' build argument 'catkin_cmake_args' from command line to 'None'
[0.180s] Level 5:colcon.colcon_core.verb:set package 'dave_robot_models' build argument 'catkin_skip_building_tests' from command line to 'False'
[0.180s] DEBUG:colcon.colcon_core.verb:Building package 'dave_robot_models' with the following arguments: {'ament_cmake_args': None, 'build_base': '/home/namtruong/uuv_sim_home/build/dave_robot_models', 'catkin_cmake_args': None, 'catkin_skip_building_tests': False, 'cmake_args': None, 'cmake_clean_cache': False, 'cmake_clean_first': False, 'cmake_force_configure': False, 'cmake_target': None, 'cmake_target_skip_unavailable': False, 'install_base': '/home/namtruong/uuv_sim_home/install/dave_robot_models', 'merge_install': False, 'path': '/home/namtruong/uuv_sim_home/src/dave_robot_models', 'symlink_install': False, 'test_result_base': None}
[0.181s] Level 5:colcon.colcon_core.verb:set package 'dave_worlds' build argument 'cmake_args' from command line to 'None'
[0.181s] Level 5:colcon.colcon_core.verb:set package 'dave_worlds' build argument 'cmake_target' from command line to 'None'
[0.181s] Level 5:colcon.colcon_core.verb:set package 'dave_worlds' build argument 'cmake_target_skip_unavailable' from command line to 'False'
[0.181s] Level 5:colcon.colcon_core.verb:set package 'dave_worlds' build argument 'cmake_clean_cache' from command line to 'False'
[0.181s] Level 5:colcon.colcon_core.verb:set package 'dave_worlds' build argument 'cmake_clean_first' from command line to 'False'
[0.181s] Level 5:colcon.colcon_core.verb:set package 'dave_worlds' build argument 'cmake_force_configure' from command line to 'False'
[0.181s] Level 5:colcon.colcon_core.verb:set package 'dave_worlds' build argument 'ament_cmake_args' from command line to 'None'
[0.181s] Level 5:colcon.colcon_core.verb:set package 'dave_worlds' build argument 'catkin_cmake_args' from command line to 'None'
[0.181s] Level 5:colcon.colcon_core.verb:set package 'dave_worlds' build argument 'catkin_skip_building_tests' from command line to 'False'
[0.181s] DEBUG:colcon.colcon_core.verb:Building package 'dave_worlds' with the following arguments: {'ament_cmake_args': None, 'build_base': '/home/namtruong/uuv_sim_home/build/dave_worlds', 'catkin_cmake_args': None, 'catkin_skip_building_tests': False, 'cmake_args': None, 'cmake_clean_cache': False, 'cmake_clean_first': False, 'cmake_force_configure': False, 'cmake_target': None, 'cmake_target_skip_unavailable': False, 'install_base': '/home/namtruong/uuv_sim_home/install/dave_worlds', 'merge_install': False, 'path': '/home/namtruong/uuv_sim_home/src/dave_worlds', 'symlink_install': False, 'test_result_base': None}
[0.181s] Level 5:colcon.colcon_core.verb:set package 'multibeam_sonar_system' build argument 'cmake_args' from command line to 'None'
[0.181s] Level 5:colcon.colcon_core.verb:set package 'multibeam_sonar_system' build argument 'cmake_target' from command line to 'None'
[0.181s] Level 5:colcon.colcon_core.verb:set package 'multibeam_sonar_system' build argument 'cmake_target_skip_unavailable' from command line to 'False'
[0.181s] Level 5:colcon.colcon_core.verb:set package 'multibeam_sonar_system' build argument 'cmake_clean_cache' from command line to 'False'
[0.181s] Level 5:colcon.colcon_core.verb:set package 'multibeam_sonar_system' build argument 'cmake_clean_first' from command line to 'False'
[0.181s] Level 5:colcon.colcon_core.verb:set package 'multibeam_sonar_system' build argument 'cmake_force_configure' from command line to 'False'
[0.181s] Level 5:colcon.colcon_core.verb:set package 'multibeam_sonar_system' build argument 'ament_cmake_args' from command line to 'None'
[0.181s] Level 5:colcon.colcon_core.verb:set package 'multibeam_sonar_system' build argument 'catkin_cmake_args' from command line to 'None'
[0.181s] Level 5:colcon.colcon_core.verb:set package 'multibeam_sonar_system' build argument 'catkin_skip_building_tests' from command line to 'False'
[0.181s] DEBUG:colcon.colcon_core.verb:Building package 'multibeam_sonar_system' with the following arguments: {'ament_cmake_args': None, 'build_base': '/home/namtruong/uuv_sim_home/build/multibeam_sonar_system', 'catkin_cmake_args': None, 'catkin_skip_building_tests': False, 'cmake_args': None, 'cmake_clean_cache': False, 'cmake_clean_first': False, 'cmake_force_configure': False, 'cmake_target': None, 'cmake_target_skip_unavailable': False, 'install_base': '/home/namtruong/uuv_sim_home/install/multibeam_sonar_system', 'merge_install': False, 'path': '/home/namtruong/uuv_sim_home/src/multibeam_sonar_system', 'symlink_install': False, 'test_result_base': None}
[0.181s] Level 5:colcon.colcon_core.verb:set package 'dave_gz_sensor_plugins' build argument 'cmake_args' from command line to 'None'
[0.181s] Level 5:colcon.colcon_core.verb:set package 'dave_gz_sensor_plugins' build argument 'cmake_target' from command line to 'None'
[0.181s] Level 5:colcon.colcon_core.verb:set package 'dave_gz_sensor_plugins' build argument 'cmake_target_skip_unavailable' from command line to 'False'
[0.181s] Level 5:colcon.colcon_core.verb:set package 'dave_gz_sensor_plugins' build argument 'cmake_clean_cache' from command line to 'False'
[0.181s] Level 5:colcon.colcon_core.verb:set package 'dave_gz_sensor_plugins' build argument 'cmake_clean_first' from command line to 'False'
[0.181s] Level 5:colcon.colcon_core.verb:set package 'dave_gz_sensor_plugins' build argument 'cmake_force_configure' from command line to 'False'
[0.181s] Level 5:colcon.colcon_core.verb:set package 'dave_gz_sensor_plugins' build argument 'ament_cmake_args' from command line to 'None'
[0.181s] Level 5:colcon.colcon_core.verb:set package 'dave_gz_sensor_plugins' build argument 'catkin_cmake_args' from command line to 'None'
[0.181s] Level 5:colcon.colcon_core.verb:set package 'dave_gz_sensor_plugins' build argument 'catkin_skip_building_tests' from command line to 'False'
[0.181s] DEBUG:colcon.colcon_core.verb:Building package 'dave_gz_sensor_plugins' with the following arguments: {'ament_cmake_args': None, 'build_base': '/home/namtruong/uuv_sim_home/build/dave_gz_sensor_plugins', 'catkin_cmake_args': None, 'catkin_skip_building_tests': False, 'cmake_args': None, 'cmake_clean_cache': False, 'cmake_clean_first': False, 'cmake_force_configure': False, 'cmake_target': None, 'cmake_target_skip_unavailable': False, 'install_base': '/home/namtruong/uuv_sim_home/install/dave_gz_sensor_plugins', 'merge_install': False, 'path': '/home/namtruong/uuv_sim_home/src/dave_gz_sensor_plugins', 'symlink_install': False, 'test_result_base': None}
[0.181s] Level 5:colcon.colcon_core.verb:set package 'dave_gz_world_plugins' build argument 'cmake_args' from command line to 'None'
[0.181s] Level 5:colcon.colcon_core.verb:set package 'dave_gz_world_plugins' build argument 'cmake_target' from command line to 'None'
[0.181s] Level 5:colcon.colcon_core.verb:set package 'dave_gz_world_plugins' build argument 'cmake_target_skip_unavailable' from command line to 'False'
[0.181s] Level 5:colcon.colcon_core.verb:set package 'dave_gz_world_plugins' build argument 'cmake_clean_cache' from command line to 'False'
[0.181s] Level 5:colcon.colcon_core.verb:set package 'dave_gz_world_plugins' build argument 'cmake_clean_first' from command line to 'False'
[0.181s] Level 5:colcon.colcon_core.verb:set package 'dave_gz_world_plugins' build argument 'cmake_force_configure' from command line to 'False'
[0.181s] Level 5:colcon.colcon_core.verb:set package 'dave_gz_world_plugins' build argument 'ament_cmake_args' from command line to 'None'
[0.181s] Level 5:colcon.colcon_core.verb:set package 'dave_gz_world_plugins' build argument 'catkin_cmake_args' from command line to 'None'
[0.181s] Level 5:colcon.colcon_core.verb:set package 'dave_gz_world_plugins' build argument 'catkin_skip_building_tests' from command line to 'False'
[0.181s] DEBUG:colcon.colcon_core.verb:Building package 'dave_gz_world_plugins' with the following arguments: {'ament_cmake_args': None, 'build_base': '/home/namtruong/uuv_sim_home/build/dave_gz_world_plugins', 'catkin_cmake_args': None, 'catkin_skip_building_tests': False, 'cmake_args': None, 'cmake_clean_cache': False, 'cmake_clean_first': False, 'cmake_force_configure': False, 'cmake_target': None, 'cmake_target_skip_unavailable': False, 'install_base': '/home/namtruong/uuv_sim_home/install/dave_gz_world_plugins', 'merge_install': False, 'path': '/home/namtruong/uuv_sim_home/src/dave_gz_world_plugins', 'symlink_install': False, 'test_result_base': None}
[0.182s] Level 5:colcon.colcon_core.verb:set package 'multibeam_sonar' build argument 'cmake_args' from command line to 'None'
[0.182s] Level 5:colcon.colcon_core.verb:set package 'multibeam_sonar' build argument 'cmake_target' from command line to 'None'
[0.182s] Level 5:colcon.colcon_core.verb:set package 'multibeam_sonar' build argument 'cmake_target_skip_unavailable' from command line to 'False'
[0.182s] Level 5:colcon.colcon_core.verb:set package 'multibeam_sonar' build argument 'cmake_clean_cache' from command line to 'False'
[0.182s] Level 5:colcon.colcon_core.verb:set package 'multibeam_sonar' build argument 'cmake_clean_first' from command line to 'False'
[0.182s] Level 5:colcon.colcon_core.verb:set package 'multibeam_sonar' build argument 'cmake_force_configure' from command line to 'False'
[0.182s] Level 5:colcon.colcon_core.verb:set package 'multibeam_sonar' build argument 'ament_cmake_args' from command line to 'None'
[0.182s] Level 5:colcon.colcon_core.verb:set package 'multibeam_sonar' build argument 'catkin_cmake_args' from command line to 'None'
[0.182s] Level 5:colcon.colcon_core.verb:set package 'multibeam_sonar' build argument 'catkin_skip_building_tests' from command line to 'False'
[0.182s] DEBUG:colcon.colcon_core.verb:Building package 'multibeam_sonar' with the following arguments: {'ament_cmake_args': None, 'build_base': '/home/namtruong/uuv_sim_home/build/multibeam_sonar', 'catkin_cmake_args': None, 'catkin_skip_building_tests': False, 'cmake_args': None, 'cmake_clean_cache': False, 'cmake_clean_first': False, 'cmake_force_configure': False, 'cmake_target': None, 'cmake_target_skip_unavailable': False, 'install_base': '/home/namtruong/uuv_sim_home/install/multibeam_sonar', 'merge_install': False, 'path': '/home/namtruong/uuv_sim_home/src/multibeam_sonar', 'symlink_install': False, 'test_result_base': None}
[0.182s] Level 5:colcon.colcon_core.verb:set package 'uuv_simu' build argument 'cmake_args' from command line to 'None'
[0.182s] Level 5:colcon.colcon_core.verb:set package 'uuv_simu' build argument 'cmake_target' from command line to 'None'
[0.182s] Level 5:colcon.colcon_core.verb:set package 'uuv_simu' build argument 'cmake_target_skip_unavailable' from command line to 'False'
[0.182s] Level 5:colcon.colcon_core.verb:set package 'uuv_simu' build argument 'cmake_clean_cache' from command line to 'False'
[0.182s] Level 5:colcon.colcon_core.verb:set package 'uuv_simu' build argument 'cmake_clean_first' from command line to 'False'
[0.182s] Level 5:colcon.colcon_core.verb:set package 'uuv_simu' build argument 'cmake_force_configure' from command line to 'False'
[0.182s] Level 5:colcon.colcon_core.verb:set package 'uuv_simu' build argument 'ament_cmake_args' from command line to 'None'
[0.182s] Level 5:colcon.colcon_core.verb:set package 'uuv_simu' build argument 'catkin_cmake_args' from command line to 'None'
[0.182s] Level 5:colcon.colcon_core.verb:set package 'uuv_simu' build argument 'catkin_skip_building_tests' from command line to 'False'
[0.182s] DEBUG:colcon.colcon_core.verb:Building package 'uuv_simu' with the following arguments: {'ament_cmake_args': None, 'build_base': '/home/namtruong/uuv_sim_home/build/uuv_simu', 'catkin_cmake_args': None, 'catkin_skip_building_tests': False, 'cmake_args': None, 'cmake_clean_cache': False, 'cmake_clean_first': False, 'cmake_force_configure': False, 'cmake_target': None, 'cmake_target_skip_unavailable': False, 'install_base': '/home/namtruong/uuv_sim_home/install/uuv_simu', 'merge_install': False, 'path': '/home/namtruong/uuv_sim_home/src/uuv_simu', 'symlink_install': False, 'test_result_base': None}
[0.182s] Level 5:colcon.colcon_core.verb:set package 'dave_ros_gz_plugins' build argument 'cmake_args' from command line to 'None'
[0.182s] Level 5:colcon.colcon_core.verb:set package 'dave_ros_gz_plugins' build argument 'cmake_target' from command line to 'None'
[0.182s] Level 5:colcon.colcon_core.verb:set package 'dave_ros_gz_plugins' build argument 'cmake_target_skip_unavailable' from command line to 'False'
[0.182s] Level 5:colcon.colcon_core.verb:set package 'dave_ros_gz_plugins' build argument 'cmake_clean_cache' from command line to 'False'
[0.182s] Level 5:colcon.colcon_core.verb:set package 'dave_ros_gz_plugins' build argument 'cmake_clean_first' from command line to 'False'
[0.182s] Level 5:colcon.colcon_core.verb:set package 'dave_ros_gz_plugins' build argument 'cmake_force_configure' from command line to 'False'
[0.182s] Level 5:colcon.colcon_core.verb:set package 'dave_ros_gz_plugins' build argument 'ament_cmake_args' from command line to 'None'
[0.182s] Level 5:colcon.colcon_core.verb:set package 'dave_ros_gz_plugins' build argument 'catkin_cmake_args' from command line to 'None'
[0.182s] Level 5:colcon.colcon_core.verb:set package 'dave_ros_gz_plugins' build argument 'catkin_skip_building_tests' from command line to 'False'
[0.182s] DEBUG:colcon.colcon_core.verb:Building package 'dave_ros_gz_plugins' with the following arguments: {'ament_cmake_args': None, 'build_base': '/home/namtruong/uuv_sim_home/build/dave_ros_gz_plugins', 'catkin_cmake_args': None, 'catkin_skip_building_tests': False, 'cmake_args': None, 'cmake_clean_cache': False, 'cmake_clean_first': False, 'cmake_force_configure': False, 'cmake_target': None, 'cmake_target_skip_unavailable': False, 'install_base': '/home/namtruong/uuv_sim_home/install/dave_ros_gz_plugins', 'merge_install': False, 'path': '/home/namtruong/uuv_sim_home/src/dave_ros_gz_plugins', 'symlink_install': False, 'test_result_base': None}
[0.182s] Level 5:colcon.colcon_core.verb:set package 'dave_gz_model_plugins' build argument 'cmake_args' from command line to 'None'
[0.182s] Level 5:colcon.colcon_core.verb:set package 'dave_gz_model_plugins' build argument 'cmake_target' from command line to 'None'
[0.182s] Level 5:colcon.colcon_core.verb:set package 'dave_gz_model_plugins' build argument 'cmake_target_skip_unavailable' from command line to 'False'
[0.182s] Level 5:colcon.colcon_core.verb:set package 'dave_gz_model_plugins' build argument 'cmake_clean_cache' from command line to 'False'
[0.182s] Level 5:colcon.colcon_core.verb:set package 'dave_gz_model_plugins' build argument 'cmake_clean_first' from command line to 'False'
[0.182s] Level 5:colcon.colcon_core.verb:set package 'dave_gz_model_plugins' build argument 'cmake_force_configure' from command line to 'False'
[0.182s] Level 5:colcon.colcon_core.verb:set package 'dave_gz_model_plugins' build argument 'ament_cmake_args' from command line to 'None'
[0.182s] Level 5:colcon.colcon_core.verb:set package 'dave_gz_model_plugins' build argument 'catkin_cmake_args' from command line to 'None'
[0.183s] Level 5:colcon.colcon_core.verb:set package 'dave_gz_model_plugins' build argument 'catkin_skip_building_tests' from command line to 'False'
[0.183s] DEBUG:colcon.colcon_core.verb:Building package 'dave_gz_model_plugins' with the following arguments: {'ament_cmake_args': None, 'build_base': '/home/namtruong/uuv_sim_home/build/dave_gz_model_plugins', 'catkin_cmake_args': None, 'catkin_skip_building_tests': False, 'cmake_args': None, 'cmake_clean_cache': False, 'cmake_clean_first': False, 'cmake_force_configure': False, 'cmake_target': None, 'cmake_target_skip_unavailable': False, 'install_base': '/home/namtruong/uuv_sim_home/install/dave_gz_model_plugins', 'merge_install': False, 'path': '/home/namtruong/uuv_sim_home/src/dave_gz_model_plugins', 'symlink_install': False, 'test_result_base': None}
[0.183s] INFO:colcon.colcon_core.executor:Executing jobs using 'parallel' executor
[0.183s] DEBUG:colcon.colcon_parallel_executor.executor.parallel:run_until_complete
[0.184s] INFO:colcon.colcon_ros.task.ament_cmake.build:Building ROS package in '/home/namtruong/uuv_sim_home/src/dave_interfaces' with build type 'ament_cmake'
[0.184s] INFO:colcon.colcon_cmake.task.cmake.build:Building CMake package in '/home/namtruong/uuv_sim_home/src/dave_interfaces'
[0.185s] INFO:colcon.colcon_core.plugin_system:Skipping extension 'colcon_core.shell.bat': Not used on non-Windows systems
[0.185s] INFO:colcon.colcon_core.shell:Skip shell extension 'powershell' for command environment: Not usable outside of PowerShell
[0.186s] DEBUG:colcon.colcon_core.shell:Skip shell extension 'dsv' for command environment
[0.189s] INFO:colcon.colcon_ros.task.ament_cmake.build:Building ROS package in '/home/namtruong/uuv_sim_home/src/dave_robot_models' with build type 'ament_cmake'
[0.189s] INFO:colcon.colcon_cmake.task.cmake.build:Building CMake package in '/home/namtruong/uuv_sim_home/src/dave_robot_models'
[0.189s] INFO:colcon.colcon_core.shell:Skip shell extension 'powershell' for command environment: Not usable outside of PowerShell
[0.189s] DEBUG:colcon.colcon_core.shell:Skip shell extension 'dsv' for command environment
[0.192s] INFO:colcon.colcon_ros.task.ament_cmake.build:Building ROS package in '/home/namtruong/uuv_sim_home/src/multibeam_sonar_demo' with build type 'ament_cmake'
[0.192s] INFO:colcon.colcon_cmake.task.cmake.build:Building CMake package in '/home/namtruong/uuv_sim_home/src/multibeam_sonar_demo'
[0.192s] INFO:colcon.colcon_core.shell:Skip shell extension 'powershell' for command environment: Not usable outside of PowerShell
[0.192s] DEBUG:colcon.colcon_core.shell:Skip shell extension 'dsv' for command environment
[0.195s] INFO:colcon.colcon_ros.task.ament_cmake.build:Building ROS package in '/home/namtruong/uuv_sim_home/src/dave_object_models' with build type 'ament_cmake'
[0.195s] INFO:colcon.colcon_cmake.task.cmake.build:Building CMake package in '/home/namtruong/uuv_sim_home/src/dave_object_models'
[0.195s] INFO:colcon.colcon_core.shell:Skip shell extension 'powershell' for command environment: Not usable outside of PowerShell
[0.195s] DEBUG:colcon.colcon_core.shell:Skip shell extension 'dsv' for command environment
[0.198s] INFO:colcon.colcon_ros.task.ament_cmake.build:Building ROS package in '/home/namtruong/uuv_sim_home/src/dave_worlds' with build type 'ament_cmake'
[0.198s] INFO:colcon.colcon_cmake.task.cmake.build:Building CMake package in '/home/namtruong/uuv_sim_home/src/dave_worlds'
[0.198s] INFO:colcon.colcon_core.shell:Skip shell extension 'powershell' for command environment: Not usable outside of PowerShell
[0.198s] DEBUG:colcon.colcon_core.shell:Skip shell extension 'dsv' for command environment
[0.201s] INFO:colcon.colcon_ros.task.ament_cmake.build:Building ROS package in '/home/namtruong/uuv_sim_home/src/multibeam_sonar_system' with build type 'ament_cmake'
[0.201s] INFO:colcon.colcon_cmake.task.cmake.build:Building CMake package in '/home/namtruong/uuv_sim_home/src/multibeam_sonar_system'
[0.201s] INFO:colcon.colcon_core.shell:Skip shell extension 'powershell' for command environment: Not usable outside of PowerShell
[0.201s] DEBUG:colcon.colcon_core.shell:Skip shell extension 'dsv' for command environment
[0.207s] DEBUG:colcon.colcon_core.event_handler.log_command:Invoking command in '/home/namtruong/uuv_sim_home/build/dave_interfaces': CMAKE_PREFIX_PATH=${CMAKE_PREFIX_PATH}:/home/namtruong/uuv_sim_home/install/uuv_simu:/opt/ros/jazzy DEBUGINFOD_URLS=https://debuginfod.ubuntu.com /usr/bin/cmake --build /home/namtruong/uuv_sim_home/build/dave_interfaces -- -j16 -l16
[0.209s] DEBUG:colcon.colcon_core.event_handler.log_command:Invoking command in '/home/namtruong/uuv_sim_home/build/dave_robot_models': CMAKE_PREFIX_PATH=${CMAKE_PREFIX_PATH}:/home/namtruong/uuv_sim_home/install/uuv_simu:/opt/ros/jazzy DEBUGINFOD_URLS=https://debuginfod.ubuntu.com /usr/bin/cmake --build /home/namtruong/uuv_sim_home/build/dave_robot_models -- -j16 -l16
[0.210s] DEBUG:colcon.colcon_core.event_handler.log_command:Invoking command in '/home/namtruong/uuv_sim_home/build/dave_multibeam_sonar_demo': CMAKE_PREFIX_PATH=${CMAKE_PREFIX_PATH}:/home/namtruong/uuv_sim_home/install/uuv_simu:/opt/ros/jazzy DEBUGINFOD_URLS=https://debuginfod.ubuntu.com /usr/bin/cmake --build /home/namtruong/uuv_sim_home/build/dave_multibeam_sonar_demo -- -j16 -l16
[0.212s] DEBUG:colcon.colcon_core.event_handler.log_command:Invoking command in '/home/namtruong/uuv_sim_home/build/dave_object_models': CMAKE_PREFIX_PATH=${CMAKE_PREFIX_PATH}:/home/namtruong/uuv_sim_home/install/uuv_simu:/opt/ros/jazzy DEBUGINFOD_URLS=https://debuginfod.ubuntu.com /usr/bin/cmake --build /home/namtruong/uuv_sim_home/build/dave_object_models -- -j16 -l16
[0.213s] DEBUG:colcon.colcon_core.event_handler.log_command:Invoking command in '/home/namtruong/uuv_sim_home/build/dave_worlds': CMAKE_PREFIX_PATH=${CMAKE_PREFIX_PATH}:/home/namtruong/uuv_sim_home/install/uuv_simu:/opt/ros/jazzy DEBUGINFOD_URLS=https://debuginfod.ubuntu.com /usr/bin/cmake --build /home/namtruong/uuv_sim_home/build/dave_worlds -- -j16 -l16
[0.218s] DEBUG:colcon.colcon_core.event_handler.log_command:Invoking command in '/home/namtruong/uuv_sim_home/build/multibeam_sonar_system': CMAKE_PREFIX_PATH=${CMAKE_PREFIX_PATH}:/home/namtruong/uuv_sim_home/install/uuv_simu:/opt/ros/jazzy DEBUGINFOD_URLS=https://debuginfod.ubuntu.com /usr/bin/cmake --build /home/namtruong/uuv_sim_home/build/multibeam_sonar_system -- -j16 -l16
[0.245s] DEBUG:colcon.colcon_core.event_handler.log_command:Invoked command in '/home/namtruong/uuv_sim_home/build/dave_multibeam_sonar_demo' returned '0': CMAKE_PREFIX_PATH=${CMAKE_PREFIX_PATH}:/home/namtruong/uuv_sim_home/install/uuv_simu:/opt/ros/jazzy DEBUGINFOD_URLS=https://debuginfod.ubuntu.com /usr/bin/cmake --build /home/namtruong/uuv_sim_home/build/dave_multibeam_sonar_demo -- -j16 -l16
[0.254s] DEBUG:colcon.colcon_core.event_handler.log_command:Invoking command in '/home/namtruong/uuv_sim_home/build/dave_multibeam_sonar_demo': CMAKE_PREFIX_PATH=${CMAKE_PREFIX_PATH}:/home/namtruong/uuv_sim_home/install/uuv_simu:/opt/ros/jazzy DEBUGINFOD_URLS=https://debuginfod.ubuntu.com /usr/bin/cmake --install /home/namtruong/uuv_sim_home/build/dave_multibeam_sonar_demo
[0.255s] DEBUG:colcon.colcon_core.event_handler.log_command:Invoked command in '/home/namtruong/uuv_sim_home/build/dave_robot_models' returned '0': CMAKE_PREFIX_PATH=${CMAKE_PREFIX_PATH}:/home/namtruong/uuv_sim_home/install/uuv_simu:/opt/ros/jazzy DEBUGINFOD_URLS=https://debuginfod.ubuntu.com /usr/bin/cmake --build /home/namtruong/uuv_sim_home/build/dave_robot_models -- -j16 -l16
[0.256s] DEBUG:colcon.colcon_core.event_handler.log_command:Invoking command in '/home/namtruong/uuv_sim_home/build/dave_robot_models': CMAKE_PREFIX_PATH=${CMAKE_PREFIX_PATH}:/home/namtruong/uuv_sim_home/install/uuv_simu:/opt/ros/jazzy DEBUGINFOD_URLS=https://debuginfod.ubuntu.com /usr/bin/cmake --install /home/namtruong/uuv_sim_home/build/dave_robot_models
[0.256s] DEBUG:colcon.colcon_core.event_handler.log_command:Invoked command in '/home/namtruong/uuv_sim_home/build/dave_object_models' returned '0': CMAKE_PREFIX_PATH=${CMAKE_PREFIX_PATH}:/home/namtruong/uuv_sim_home/install/uuv_simu:/opt/ros/jazzy DEBUGINFOD_URLS=https://debuginfod.ubuntu.com /usr/bin/cmake --build /home/namtruong/uuv_sim_home/build/dave_object_models -- -j16 -l16
[0.257s] DEBUG:colcon.colcon_core.event_handler.log_command:Invoking command in '/home/namtruong/uuv_sim_home/build/dave_object_models': CMAKE_PREFIX_PATH=${CMAKE_PREFIX_PATH}:/home/namtruong/uuv_sim_home/install/uuv_simu:/opt/ros/jazzy DEBUGINFOD_URLS=https://debuginfod.ubuntu.com /usr/bin/cmake --install /home/namtruong/uuv_sim_home/build/dave_object_models
[0.258s] DEBUG:colcon.colcon_core.event_handler.log_command:Invoked command in '/home/namtruong/uuv_sim_home/build/dave_worlds' returned '0': CMAKE_PREFIX_PATH=${CMAKE_PREFIX_PATH}:/home/namtruong/uuv_sim_home/install/uuv_simu:/opt/ros/jazzy DEBUGINFOD_URLS=https://debuginfod.ubuntu.com /usr/bin/cmake --build /home/namtruong/uuv_sim_home/build/dave_worlds -- -j16 -l16
[0.258s] DEBUG:colcon.colcon_core.event_handler.log_command:Invoking command in '/home/namtruong/uuv_sim_home/build/dave_worlds': CMAKE_PREFIX_PATH=${CMAKE_PREFIX_PATH}:/home/namtruong/uuv_sim_home/install/uuv_simu:/opt/ros/jazzy DEBUGINFOD_URLS=https://debuginfod.ubuntu.com /usr/bin/cmake --install /home/namtruong/uuv_sim_home/build/dave_worlds
[0.277s] Level 1:colcon.colcon_core.environment:create_environment_scripts_only(dave_object_models)
[0.277s] DEBUG:colcon.colcon_core.event_handler.log_command:Invoked command in '/home/namtruong/uuv_sim_home/build/dave_object_models' returned '0': CMAKE_PREFIX_PATH=${CMAKE_PREFIX_PATH}:/home/namtruong/uuv_sim_home/install/uuv_simu:/opt/ros/jazzy DEBUGINFOD_URLS=https://debuginfod.ubuntu.com /usr/bin/cmake --install /home/namtruong/uuv_sim_home/build/dave_object_models
[0.280s] Level 1:colcon.colcon_core.environment:checking '/home/namtruong/uuv_sim_home/install/dave_object_models' for CMake module files
[0.281s] Level 1:colcon.colcon_core.environment:checking '/home/namtruong/uuv_sim_home/install/dave_object_models' for CMake config files
[0.281s] Level 1:colcon.colcon_core.shell:create_environment_hook('dave_object_models', 'cmake_prefix_path')
[0.282s] INFO:colcon.colcon_core.shell:Creating environment hook '/home/namtruong/uuv_sim_home/install/dave_object_models/share/dave_object_models/hook/cmake_prefix_path.ps1'
[0.283s] INFO:colcon.colcon_core.shell:Creating environment descriptor '/home/namtruong/uuv_sim_home/install/dave_object_models/share/dave_object_models/hook/cmake_prefix_path.dsv'
[0.283s] INFO:colcon.colcon_core.shell:Creating environment hook '/home/namtruong/uuv_sim_home/install/dave_object_models/share/dave_object_models/hook/cmake_prefix_path.sh'
[0.284s] Level 1:colcon.colcon_core.environment:checking '/home/namtruong/uuv_sim_home/install/dave_object_models/bin'
[0.284s] Level 1:colcon.colcon_core.environment:checking '/home/namtruong/uuv_sim_home/install/dave_object_models/lib/pkgconfig/dave_object_models.pc'
[0.284s] Level 1:colcon.colcon_core.environment:checking '/home/namtruong/uuv_sim_home/install/dave_object_models/lib/python3.12/site-packages'
[0.285s] Level 1:colcon.colcon_core.environment:checking '/home/namtruong/uuv_sim_home/install/dave_object_models/bin'
[0.285s] INFO:colcon.colcon_core.shell:Creating package script '/home/namtruong/uuv_sim_home/install/dave_object_models/share/dave_object_models/package.ps1'
[0.286s] INFO:colcon.colcon_core.shell:Creating package descriptor '/home/namtruong/uuv_sim_home/install/dave_object_models/share/dave_object_models/package.dsv'
[0.286s] INFO:colcon.colcon_core.shell:Creating package script '/home/namtruong/uuv_sim_home/install/dave_object_models/share/dave_object_models/package.sh'
[0.286s] INFO:colcon.colcon_core.shell:Creating package script '/home/namtruong/uuv_sim_home/install/dave_object_models/share/dave_object_models/package.bash'
[0.287s] INFO:colcon.colcon_core.shell:Creating package script '/home/namtruong/uuv_sim_home/install/dave_object_models/share/dave_object_models/package.zsh'
[0.287s] Level 1:colcon.colcon_core.environment:create_file_with_runtime_dependencies(/home/namtruong/uuv_sim_home/install/dave_object_models/share/colcon-core/packages/dave_object_models)
[0.288s] Level 1:colcon.colcon_core.environment:create_environment_scripts_only(dave_object_models)
[0.288s] Level 1:colcon.colcon_core.environment:checking '/home/namtruong/uuv_sim_home/install/dave_object_models' for CMake module files
[0.288s] Level 1:colcon.colcon_core.environment:checking '/home/namtruong/uuv_sim_home/install/dave_object_models' for CMake config files
[0.289s] Level 1:colcon.colcon_core.shell:create_environment_hook('dave_object_models', 'cmake_prefix_path')
[0.289s] INFO:colcon.colcon_core.shell:Creating environment hook '/home/namtruong/uuv_sim_home/install/dave_object_models/share/dave_object_models/hook/cmake_prefix_path.ps1'
[0.289s] INFO:colcon.colcon_core.shell:Creating environment descriptor '/home/namtruong/uuv_sim_home/install/dave_object_models/share/dave_object_models/hook/cmake_prefix_path.dsv'
[0.290s] INFO:colcon.colcon_core.shell:Creating environment hook '/home/namtruong/uuv_sim_home/install/dave_object_models/share/dave_object_models/hook/cmake_prefix_path.sh'
[0.290s] Level 1:colcon.colcon_core.environment:checking '/home/namtruong/uuv_sim_home/install/dave_object_models/bin'
[0.290s] Level 1:colcon.colcon_core.environment:checking '/home/namtruong/uuv_sim_home/install/dave_object_models/lib/pkgconfig/dave_object_models.pc'
[0.290s] Level 1:colcon.colcon_core.environment:checking '/home/namtruong/uuv_sim_home/install/dave_object_models/lib/python3.12/site-packages'
[0.290s] Level 1:colcon.colcon_core.environment:checking '/home/namtruong/uuv_sim_home/install/dave_object_models/bin'
[0.291s] INFO:colcon.colcon_core.shell:Creating package script '/home/namtruong/uuv_sim_home/install/dave_object_models/share/dave_object_models/package.ps1'
[0.291s] INFO:colcon.colcon_core.shell:Creating package descriptor '/home/namtruong/uuv_sim_home/install/dave_object_models/share/dave_object_models/package.dsv'
[0.291s] INFO:colcon.colcon_core.shell:Creating package script '/home/namtruong/uuv_sim_home/install/dave_object_models/share/dave_object_models/package.sh'
[0.292s] INFO:colcon.colcon_core.shell:Creating package script '/home/namtruong/uuv_sim_home/install/dave_object_models/share/dave_object_models/package.bash'
[0.292s] INFO:colcon.colcon_core.shell:Creating package script '/home/namtruong/uuv_sim_home/install/dave_object_models/share/dave_object_models/package.zsh'
[0.292s] Level 1:colcon.colcon_core.environment:create_file_with_runtime_dependencies(/home/namtruong/uuv_sim_home/install/dave_object_models/share/colcon-core/packages/dave_object_models)
[0.294s] Level 1:colcon.colcon_core.environment:create_environment_scripts_only(dave_multibeam_sonar_demo)
[0.294s] Level 1:colcon.colcon_core.environment:checking '/home/namtruong/uuv_sim_home/install/dave_multibeam_sonar_demo' for CMake module files
[0.294s] DEBUG:colcon.colcon_core.event_handler.log_command:Invoked command in '/home/namtruong/uuv_sim_home/build/dave_multibeam_sonar_demo' returned '0': CMAKE_PREFIX_PATH=${CMAKE_PREFIX_PATH}:/home/namtruong/uuv_sim_home/install/uuv_simu:/opt/ros/jazzy DEBUGINFOD_URLS=https://debuginfod.ubuntu.com /usr/bin/cmake --install /home/namtruong/uuv_sim_home/build/dave_multibeam_sonar_demo
[0.295s] Level 1:colcon.colcon_core.environment:checking '/home/namtruong/uuv_sim_home/install/dave_multibeam_sonar_demo' for CMake config files
[0.295s] Level 1:colcon.colcon_core.shell:create_environment_hook('dave_multibeam_sonar_demo', 'cmake_prefix_path')
[0.295s] INFO:colcon.colcon_core.shell:Creating environment hook '/home/namtruong/uuv_sim_home/install/dave_multibeam_sonar_demo/share/dave_multibeam_sonar_demo/hook/cmake_prefix_path.ps1'
[0.295s] INFO:colcon.colcon_core.shell:Creating environment descriptor '/home/namtruong/uuv_sim_home/install/dave_multibeam_sonar_demo/share/dave_multibeam_sonar_demo/hook/cmake_prefix_path.dsv'
[0.295s] INFO:colcon.colcon_core.shell:Creating environment hook '/home/namtruong/uuv_sim_home/install/dave_multibeam_sonar_demo/share/dave_multibeam_sonar_demo/hook/cmake_prefix_path.sh'
[0.296s] Level 1:colcon.colcon_core.environment:checking '/home/namtruong/uuv_sim_home/install/dave_multibeam_sonar_demo/bin'
[0.296s] Level 1:colcon.colcon_core.environment:checking '/home/namtruong/uuv_sim_home/install/dave_multibeam_sonar_demo/lib/pkgconfig/dave_multibeam_sonar_demo.pc'
[0.296s] Level 1:colcon.colcon_core.environment:checking '/home/namtruong/uuv_sim_home/install/dave_multibeam_sonar_demo/lib/python3.12/site-packages'
[0.296s] Level 1:colcon.colcon_core.environment:checking '/home/namtruong/uuv_sim_home/install/dave_multibeam_sonar_demo/bin'
[0.296s] INFO:colcon.colcon_core.shell:Creating package script '/home/namtruong/uuv_sim_home/install/dave_multibeam_sonar_demo/share/dave_multibeam_sonar_demo/package.ps1'
[0.297s] INFO:colcon.colcon_core.shell:Creating package descriptor '/home/namtruong/uuv_sim_home/install/dave_multibeam_sonar_demo/share/dave_multibeam_sonar_demo/package.dsv'
[0.297s] INFO:colcon.colcon_core.shell:Creating package script '/home/namtruong/uuv_sim_home/install/dave_multibeam_sonar_demo/share/dave_multibeam_sonar_demo/package.sh'
[0.297s] INFO:colcon.colcon_core.shell:Creating package script '/home/namtruong/uuv_sim_home/install/dave_multibeam_sonar_demo/share/dave_multibeam_sonar_demo/package.bash'
[0.298s] INFO:colcon.colcon_core.shell:Creating package script '/home/namtruong/uuv_sim_home/install/dave_multibeam_sonar_demo/share/dave_multibeam_sonar_demo/package.zsh'
[0.298s] Level 1:colcon.colcon_core.environment:create_file_with_runtime_dependencies(/home/namtruong/uuv_sim_home/install/dave_multibeam_sonar_demo/share/colcon-core/packages/dave_multibeam_sonar_demo)
[0.298s] Level 1:colcon.colcon_core.environment:create_environment_scripts_only(dave_multibeam_sonar_demo)
[0.298s] Level 1:colcon.colcon_core.environment:checking '/home/namtruong/uuv_sim_home/install/dave_multibeam_sonar_demo' for CMake module files
[0.299s] Level 1:colcon.colcon_core.environment:checking '/home/namtruong/uuv_sim_home/install/dave_multibeam_sonar_demo' for CMake config files
[0.299s] Level 1:colcon.colcon_core.shell:create_environment_hook('dave_multibeam_sonar_demo', 'cmake_prefix_path')
[0.299s] INFO:colcon.colcon_core.shell:Creating environment hook '/home/namtruong/uuv_sim_home/install/dave_multibeam_sonar_demo/share/dave_multibeam_sonar_demo/hook/cmake_prefix_path.ps1'
[0.299s] INFO:colcon.colcon_core.shell:Creating environment descriptor '/home/namtruong/uuv_sim_home/install/dave_multibeam_sonar_demo/share/dave_multibeam_sonar_demo/hook/cmake_prefix_path.dsv'
[0.299s] INFO:colcon.colcon_core.shell:Creating environment hook '/home/namtruong/uuv_sim_home/install/dave_multibeam_sonar_demo/share/dave_multibeam_sonar_demo/hook/cmake_prefix_path.sh'
[0.300s] Level 1:colcon.colcon_core.environment:checking '/home/namtruong/uuv_sim_home/install/dave_multibeam_sonar_demo/bin'
[0.300s] Level 1:colcon.colcon_core.environment:checking '/home/namtruong/uuv_sim_home/install/dave_multibeam_sonar_demo/lib/pkgconfig/dave_multibeam_sonar_demo.pc'
[0.300s] Level 1:colcon.colcon_core.environment:checking '/home/namtruong/uuv_sim_home/install/dave_multibeam_sonar_demo/lib/python3.12/site-packages'
[0.300s] Level 1:colcon.colcon_core.environment:checking '/home/namtruong/uuv_sim_home/install/dave_multibeam_sonar_demo/bin'
[0.300s] INFO:colcon.colcon_core.shell:Creating package script '/home/namtruong/uuv_sim_home/install/dave_multibeam_sonar_demo/share/dave_multibeam_sonar_demo/package.ps1'
[0.301s] INFO:colcon.colcon_core.shell:Creating package descriptor '/home/namtruong/uuv_sim_home/install/dave_multibeam_sonar_demo/share/dave_multibeam_sonar_demo/package.dsv'
[0.301s] INFO:colcon.colcon_core.shell:Creating package script '/home/namtruong/uuv_sim_home/install/dave_multibeam_sonar_demo/share/dave_multibeam_sonar_demo/package.sh'
[0.302s] INFO:colcon.colcon_core.shell:Creating package script '/home/namtruong/uuv_sim_home/install/dave_multibeam_sonar_demo/share/dave_multibeam_sonar_demo/package.bash'
[0.302s] INFO:colcon.colcon_core.shell:Creating package script '/home/namtruong/uuv_sim_home/install/dave_multibeam_sonar_demo/share/dave_multibeam_sonar_demo/package.zsh'
[0.302s] Level 1:colcon.colcon_core.environment:create_file_with_runtime_dependencies(/home/namtruong/uuv_sim_home/install/dave_multibeam_sonar_demo/share/colcon-core/packages/dave_multibeam_sonar_demo)
[0.303s] Level 1:colcon.colcon_core.environment:create_environment_scripts_only(dave_robot_models)
[0.303s] Level 1:colcon.colcon_core.environment:checking '/home/namtruong/uuv_sim_home/install/dave_robot_models' for CMake module files
[0.304s] DEBUG:colcon.colcon_core.event_handler.log_command:Invoked command in '/home/namtruong/uuv_sim_home/build/dave_robot_models' returned '0': CMAKE_PREFIX_PATH=${CMAKE_PREFIX_PATH}:/home/namtruong/uuv_sim_home/install/uuv_simu:/opt/ros/jazzy DEBUGINFOD_URLS=https://debuginfod.ubuntu.com /usr/bin/cmake --install /home/namtruong/uuv_sim_home/build/dave_robot_models
[0.304s] Level 1:colcon.colcon_core.environment:checking '/home/namtruong/uuv_sim_home/install/dave_robot_models' for CMake config files
[0.305s] Level 1:colcon.colcon_core.shell:create_environment_hook('dave_robot_models', 'cmake_prefix_path')
[0.305s] INFO:colcon.colcon_core.shell:Creating environment hook '/home/namtruong/uuv_sim_home/install/dave_robot_models/share/dave_robot_models/hook/cmake_prefix_path.ps1'
[0.305s] INFO:colcon.colcon_core.shell:Creating environment descriptor '/home/namtruong/uuv_sim_home/install/dave_robot_models/share/dave_robot_models/hook/cmake_prefix_path.dsv'
[0.305s] INFO:colcon.colcon_core.shell:Creating environment hook '/home/namtruong/uuv_sim_home/install/dave_robot_models/share/dave_robot_models/hook/cmake_prefix_path.sh'
[0.306s] Level 1:colcon.colcon_core.environment:checking '/home/namtruong/uuv_sim_home/install/dave_robot_models/lib'
[0.306s] Level 1:colcon.colcon_core.environment:checking '/home/namtruong/uuv_sim_home/install/dave_robot_models/bin'
[0.306s] Level 1:colcon.colcon_core.environment:checking '/home/namtruong/uuv_sim_home/install/dave_robot_models/lib/pkgconfig/dave_robot_models.pc'
[0.306s] Level 1:colcon.colcon_core.environment:checking '/home/namtruong/uuv_sim_home/install/dave_robot_models/lib/python3.12/site-packages'
[0.306s] Level 1:colcon.colcon_core.environment:checking '/home/namtruong/uuv_sim_home/install/dave_robot_models/bin'
[0.306s] INFO:colcon.colcon_core.shell:Creating package script '/home/namtruong/uuv_sim_home/install/dave_robot_models/share/dave_robot_models/package.ps1'
[0.307s] INFO:colcon.colcon_core.shell:Creating package descriptor '/home/namtruong/uuv_sim_home/install/dave_robot_models/share/dave_robot_models/package.dsv'
[0.307s] INFO:colcon.colcon_core.shell:Creating package script '/home/namtruong/uuv_sim_home/install/dave_robot_models/share/dave_robot_models/package.sh'
[0.307s] INFO:colcon.colcon_core.shell:Creating package script '/home/namtruong/uuv_sim_home/install/dave_robot_models/share/dave_robot_models/package.bash'
[0.308s] INFO:colcon.colcon_core.shell:Creating package script '/home/namtruong/uuv_sim_home/install/dave_robot_models/share/dave_robot_models/package.zsh'
[0.308s] Level 1:colcon.colcon_core.environment:create_file_with_runtime_dependencies(/home/namtruong/uuv_sim_home/install/dave_robot_models/share/colcon-core/packages/dave_robot_models)
[0.308s] Level 1:colcon.colcon_core.environment:create_environment_scripts_only(dave_robot_models)
[0.309s] Level 1:colcon.colcon_core.environment:checking '/home/namtruong/uuv_sim_home/install/dave_robot_models' for CMake module files
[0.309s] Level 1:colcon.colcon_core.environment:checking '/home/namtruong/uuv_sim_home/install/dave_robot_models' for CMake config files
[0.310s] Level 1:colcon.colcon_core.shell:create_environment_hook('dave_robot_models', 'cmake_prefix_path')
[0.310s] INFO:colcon.colcon_core.shell:Creating environment hook '/home/namtruong/uuv_sim_home/install/dave_robot_models/share/dave_robot_models/hook/cmake_prefix_path.ps1'
[0.310s] INFO:colcon.colcon_core.shell:Creating environment descriptor '/home/namtruong/uuv_sim_home/install/dave_robot_models/share/dave_robot_models/hook/cmake_prefix_path.dsv'
[0.311s] INFO:colcon.colcon_core.shell:Creating environment hook '/home/namtruong/uuv_sim_home/install/dave_robot_models/share/dave_robot_models/hook/cmake_prefix_path.sh'
[0.311s] Level 1:colcon.colcon_core.environment:checking '/home/namtruong/uuv_sim_home/install/dave_robot_models/lib'
[0.311s] Level 1:colcon.colcon_core.environment:checking '/home/namtruong/uuv_sim_home/install/dave_robot_models/bin'
[0.311s] Level 1:colcon.colcon_core.environment:checking '/home/namtruong/uuv_sim_home/install/dave_robot_models/lib/pkgconfig/dave_robot_models.pc'
[0.311s] Level 1:colcon.colcon_core.environment:checking '/home/namtruong/uuv_sim_home/install/dave_robot_models/lib/python3.12/site-packages'
[0.311s] Level 1:colcon.colcon_core.environment:checking '/home/namtruong/uuv_sim_home/install/dave_robot_models/bin'
[0.312s] INFO:colcon.colcon_core.shell:Creating package script '/home/namtruong/uuv_sim_home/install/dave_robot_models/share/dave_robot_models/package.ps1'
[0.312s] INFO:colcon.colcon_core.shell:Creating package descriptor '/home/namtruong/uuv_sim_home/install/dave_robot_models/share/dave_robot_models/package.dsv'
[0.312s] INFO:colcon.colcon_core.shell:Creating package script '/home/namtruong/uuv_sim_home/install/dave_robot_models/share/dave_robot_models/package.sh'
[0.313s] INFO:colcon.colcon_core.shell:Creating package script '/home/namtruong/uuv_sim_home/install/dave_robot_models/share/dave_robot_models/package.bash'
[0.313s] INFO:colcon.colcon_core.shell:Creating package script '/home/namtruong/uuv_sim_home/install/dave_robot_models/share/dave_robot_models/package.zsh'
[0.313s] Level 1:colcon.colcon_core.environment:create_file_with_runtime_dependencies(/home/namtruong/uuv_sim_home/install/dave_robot_models/share/colcon-core/packages/dave_robot_models)
[0.313s] Level 1:colcon.colcon_core.environment:create_environment_scripts_only(dave_worlds)
[0.314s] Level 1:colcon.colcon_core.environment:checking '/home/namtruong/uuv_sim_home/install/dave_worlds' for CMake module files
[0.314s] Level 1:colcon.colcon_core.environment:checking '/home/namtruong/uuv_sim_home/install/dave_worlds' for CMake config files
[0.315s] DEBUG:colcon.colcon_core.event_handler.log_command:Invoked command in '/home/namtruong/uuv_sim_home/build/dave_worlds' returned '0': CMAKE_PREFIX_PATH=${CMAKE_PREFIX_PATH}:/home/namtruong/uuv_sim_home/install/uuv_simu:/opt/ros/jazzy DEBUGINFOD_URLS=https://debuginfod.ubuntu.com /usr/bin/cmake --install /home/namtruong/uuv_sim_home/build/dave_worlds
[0.315s] Level 1:colcon.colcon_core.shell:create_environment_hook('dave_worlds', 'cmake_prefix_path')
[0.315s] INFO:colcon.colcon_core.shell:Creating environment hook '/home/namtruong/uuv_sim_home/install/dave_worlds/share/dave_worlds/hook/cmake_prefix_path.ps1'
[0.316s] INFO:colcon.colcon_core.shell:Creating environment descriptor '/home/namtruong/uuv_sim_home/install/dave_worlds/share/dave_worlds/hook/cmake_prefix_path.dsv'
[0.316s] INFO:colcon.colcon_core.shell:Creating environment hook '/home/namtruong/uuv_sim_home/install/dave_worlds/share/dave_worlds/hook/cmake_prefix_path.sh'
[0.316s] Level 1:colcon.colcon_core.environment:checking '/home/namtruong/uuv_sim_home/install/dave_worlds/bin'
[0.316s] Level 1:colcon.colcon_core.environment:checking '/home/namtruong/uuv_sim_home/install/dave_worlds/lib/pkgconfig/dave_worlds.pc'
[0.317s] Level 1:colcon.colcon_core.environment:checking '/home/namtruong/uuv_sim_home/install/dave_worlds/lib/python3.12/site-packages'
[0.317s] Level 1:colcon.colcon_core.environment:checking '/home/namtruong/uuv_sim_home/install/dave_worlds/bin'
[0.317s] INFO:colcon.colcon_core.shell:Creating package script '/home/namtruong/uuv_sim_home/install/dave_worlds/share/dave_worlds/package.ps1'
[0.318s] INFO:colcon.colcon_core.shell:Creating package descriptor '/home/namtruong/uuv_sim_home/install/dave_worlds/share/dave_worlds/package.dsv'
[0.319s] INFO:colcon.colcon_core.shell:Creating package script '/home/namtruong/uuv_sim_home/install/dave_worlds/share/dave_worlds/package.sh'
[0.319s] INFO:colcon.colcon_core.shell:Creating package script '/home/namtruong/uuv_sim_home/install/dave_worlds/share/dave_worlds/package.bash'
[0.319s] INFO:colcon.colcon_core.shell:Creating package script '/home/namtruong/uuv_sim_home/install/dave_worlds/share/dave_worlds/package.zsh'
[0.319s] Level 1:colcon.colcon_core.environment:create_file_with_runtime_dependencies(/home/namtruong/uuv_sim_home/install/dave_worlds/share/colcon-core/packages/dave_worlds)
[0.320s] Level 1:colcon.colcon_core.environment:create_environment_scripts_only(dave_worlds)
[0.320s] Level 1:colcon.colcon_core.environment:checking '/home/namtruong/uuv_sim_home/install/dave_worlds' for CMake module files
[0.321s] Level 1:colcon.colcon_core.environment:checking '/home/namtruong/uuv_sim_home/install/dave_worlds' for CMake config files
[0.321s] Level 1:colcon.colcon_core.shell:create_environment_hook('dave_worlds', 'cmake_prefix_path')
[0.321s] INFO:colcon.colcon_core.shell:Creating environment hook '/home/namtruong/uuv_sim_home/install/dave_worlds/share/dave_worlds/hook/cmake_prefix_path.ps1'
[0.321s] INFO:colcon.colcon_core.shell:Creating environment descriptor '/home/namtruong/uuv_sim_home/install/dave_worlds/share/dave_worlds/hook/cmake_prefix_path.dsv'
[0.322s] INFO:colcon.colcon_core.shell:Creating environment hook '/home/namtruong/uuv_sim_home/install/dave_worlds/share/dave_worlds/hook/cmake_prefix_path.sh'
[0.322s] Level 1:colcon.colcon_core.environment:checking '/home/namtruong/uuv_sim_home/install/dave_worlds/bin'
[0.322s] Level 1:colcon.colcon_core.environment:checking '/home/namtruong/uuv_sim_home/install/dave_worlds/lib/pkgconfig/dave_worlds.pc'
[0.322s] Level 1:colcon.colcon_core.environment:checking '/home/namtruong/uuv_sim_home/install/dave_worlds/lib/python3.12/site-packages'
[0.323s] Level 1:colcon.colcon_core.environment:checking '/home/namtruong/uuv_sim_home/install/dave_worlds/bin'
[0.323s] INFO:colcon.colcon_core.shell:Creating package script '/home/namtruong/uuv_sim_home/install/dave_worlds/share/dave_worlds/package.ps1'
[0.323s] INFO:colcon.colcon_core.shell:Creating package descriptor '/home/namtruong/uuv_sim_home/install/dave_worlds/share/dave_worlds/package.dsv'
[0.323s] INFO:colcon.colcon_core.shell:Creating package script '/home/namtruong/uuv_sim_home/install/dave_worlds/share/dave_worlds/package.sh'
[0.324s] INFO:colcon.colcon_core.shell:Creating package script '/home/namtruong/uuv_sim_home/install/dave_worlds/share/dave_worlds/package.bash'
[0.324s] INFO:colcon.colcon_core.shell:Creating package script '/home/namtruong/uuv_sim_home/install/dave_worlds/share/dave_worlds/package.zsh'
[0.324s] Level 1:colcon.colcon_core.environment:create_file_with_runtime_dependencies(/home/namtruong/uuv_sim_home/install/dave_worlds/share/colcon-core/packages/dave_worlds)
[0.325s] INFO:colcon.colcon_ros.task.ament_python.build:Building ROS package in '/home/namtruong/uuv_sim_home/src/uuv_simu' with build type 'ament_python'
[0.325s] Level 1:colcon.colcon_core.shell:create_environment_hook('uuv_simu', 'ament_prefix_path')
[0.325s] INFO:colcon.colcon_core.shell:Creating environment hook '/home/namtruong/uuv_sim_home/install/uuv_simu/share/uuv_simu/hook/ament_prefix_path.ps1'
[0.325s] INFO:colcon.colcon_core.shell:Creating environment descriptor '/home/namtruong/uuv_sim_home/install/uuv_simu/share/uuv_simu/hook/ament_prefix_path.dsv'
[0.326s] INFO:colcon.colcon_core.shell:Creating environment hook '/home/namtruong/uuv_sim_home/install/uuv_simu/share/uuv_simu/hook/ament_prefix_path.sh'
[0.326s] INFO:colcon.colcon_core.shell:Skip shell extension 'powershell' for command environment: Not usable outside of PowerShell
[0.326s] DEBUG:colcon.colcon_core.shell:Skip shell extension 'dsv' for command environment
[0.492s] INFO:colcon.colcon_core.task.python.build:Building Python package in '/home/namtruong/uuv_sim_home/src/uuv_simu'
[0.492s] INFO:colcon.colcon_core.shell:Skip shell extension 'powershell' for command environment: Not usable outside of PowerShell
[0.492s] DEBUG:colcon.colcon_core.shell:Skip shell extension 'dsv' for command environment
[0.496s] DEBUG:colcon.colcon_core.event_handler.log_command:Invoked command in '/home/namtruong/uuv_sim_home/build/multibeam_sonar_system' returned '0': CMAKE_PREFIX_PATH=${CMAKE_PREFIX_PATH}:/home/namtruong/uuv_sim_home/install/uuv_simu:/opt/ros/jazzy DEBUGINFOD_URLS=https://debuginfod.ubuntu.com /usr/bin/cmake --build /home/namtruong/uuv_sim_home/build/multibeam_sonar_system -- -j16 -l16
[0.497s] DEBUG:colcon.colcon_core.event_handler.log_command:Invoking command in '/home/namtruong/uuv_sim_home/build/multibeam_sonar_system': CMAKE_PREFIX_PATH=${CMAKE_PREFIX_PATH}:/home/namtruong/uuv_sim_home/install/uuv_simu:/opt/ros/jazzy DEBUGINFOD_URLS=https://debuginfod.ubuntu.com /usr/bin/cmake --install /home/namtruong/uuv_sim_home/build/multibeam_sonar_system
[0.521s] Level 1:colcon.colcon_core.environment:create_environment_scripts_only(multibeam_sonar_system)
[0.522s] Level 1:colcon.colcon_core.environment:checking '/home/namtruong/uuv_sim_home/install/multibeam_sonar_system' for CMake module files
[0.522s] DEBUG:colcon.colcon_core.event_handler.log_command:Invoked command in '/home/namtruong/uuv_sim_home/build/multibeam_sonar_system' returned '0': CMAKE_PREFIX_PATH=${CMAKE_PREFIX_PATH}:/home/namtruong/uuv_sim_home/install/uuv_simu:/opt/ros/jazzy DEBUGINFOD_URLS=https://debuginfod.ubuntu.com /usr/bin/cmake --install /home/namtruong/uuv_sim_home/build/multibeam_sonar_system
[0.523s] Level 1:colcon.colcon_core.environment:checking '/home/namtruong/uuv_sim_home/install/multibeam_sonar_system' for CMake config files
[0.523s] Level 1:colcon.colcon_core.shell:create_environment_hook('multibeam_sonar_system', 'cmake_prefix_path')
[0.523s] INFO:colcon.colcon_core.shell:Creating environment hook '/home/namtruong/uuv_sim_home/install/multibeam_sonar_system/share/multibeam_sonar_system/hook/cmake_prefix_path.ps1'
[0.523s] INFO:colcon.colcon_core.shell:Creating environment descriptor '/home/namtruong/uuv_sim_home/install/multibeam_sonar_system/share/multibeam_sonar_system/hook/cmake_prefix_path.dsv'
[0.524s] INFO:colcon.colcon_core.shell:Creating environment hook '/home/namtruong/uuv_sim_home/install/multibeam_sonar_system/share/multibeam_sonar_system/hook/cmake_prefix_path.sh'
[0.524s] Level 1:colcon.colcon_core.environment:checking '/home/namtruong/uuv_sim_home/install/multibeam_sonar_system/lib'
[0.524s] Level 1:colcon.colcon_core.environment:checking '/home/namtruong/uuv_sim_home/install/multibeam_sonar_system/bin'
[0.524s] Level 1:colcon.colcon_core.environment:checking '/home/namtruong/uuv_sim_home/install/multibeam_sonar_system/lib/pkgconfig/multibeam_sonar_system.pc'
[0.524s] Level 1:colcon.colcon_core.environment:checking '/home/namtruong/uuv_sim_home/install/multibeam_sonar_system/lib/python3.12/site-packages'
[0.524s] Level 1:colcon.colcon_core.environment:checking '/home/namtruong/uuv_sim_home/install/multibeam_sonar_system/bin'
[0.525s] INFO:colcon.colcon_core.shell:Creating package script '/home/namtruong/uuv_sim_home/install/multibeam_sonar_system/share/multibeam_sonar_system/package.ps1'
[0.525s] INFO:colcon.colcon_core.shell:Creating package descriptor '/home/namtruong/uuv_sim_home/install/multibeam_sonar_system/share/multibeam_sonar_system/package.dsv'
[0.525s] INFO:colcon.colcon_core.shell:Creating package script '/home/namtruong/uuv_sim_home/install/multibeam_sonar_system/share/multibeam_sonar_system/package.sh'
[0.525s] INFO:colcon.colcon_core.shell:Creating package script '/home/namtruong/uuv_sim_home/install/multibeam_sonar_system/share/multibeam_sonar_system/package.bash'
[0.526s] INFO:colcon.colcon_core.shell:Creating package script '/home/namtruong/uuv_sim_home/install/multibeam_sonar_system/share/multibeam_sonar_system/package.zsh'
[0.526s] Level 1:colcon.colcon_core.environment:create_file_with_runtime_dependencies(/home/namtruong/uuv_sim_home/install/multibeam_sonar_system/share/colcon-core/packages/multibeam_sonar_system)
[0.526s] Level 1:colcon.colcon_core.environment:create_environment_scripts_only(multibeam_sonar_system)
[0.526s] Level 1:colcon.colcon_core.environment:checking '/home/namtruong/uuv_sim_home/install/multibeam_sonar_system' for CMake module files
[0.527s] Level 1:colcon.colcon_core.environment:checking '/home/namtruong/uuv_sim_home/install/multibeam_sonar_system' for CMake config files
[0.527s] Level 1:colcon.colcon_core.shell:create_environment_hook('multibeam_sonar_system', 'cmake_prefix_path')
[0.527s] INFO:colcon.colcon_core.shell:Creating environment hook '/home/namtruong/uuv_sim_home/install/multibeam_sonar_system/share/multibeam_sonar_system/hook/cmake_prefix_path.ps1'
[0.527s] INFO:colcon.colcon_core.shell:Creating environment descriptor '/home/namtruong/uuv_sim_home/install/multibeam_sonar_system/share/multibeam_sonar_system/hook/cmake_prefix_path.dsv'
[0.528s] INFO:colcon.colcon_core.shell:Creating environment hook '/home/namtruong/uuv_sim_home/install/multibeam_sonar_system/share/multibeam_sonar_system/hook/cmake_prefix_path.sh'
[0.528s] Level 1:colcon.colcon_core.environment:checking '/home/namtruong/uuv_sim_home/install/multibeam_sonar_system/lib'
[0.528s] Level 1:colcon.colcon_core.environment:checking '/home/namtruong/uuv_sim_home/install/multibeam_sonar_system/bin'
[0.528s] Level 1:colcon.colcon_core.environment:checking '/home/namtruong/uuv_sim_home/install/multibeam_sonar_system/lib/pkgconfig/multibeam_sonar_system.pc'
[0.528s] Level 1:colcon.colcon_core.environment:checking '/home/namtruong/uuv_sim_home/install/multibeam_sonar_system/lib/python3.12/site-packages'
[0.528s] Level 1:colcon.colcon_core.environment:checking '/home/namtruong/uuv_sim_home/install/multibeam_sonar_system/bin'
[0.529s] INFO:colcon.colcon_core.shell:Creating package script '/home/namtruong/uuv_sim_home/install/multibeam_sonar_system/share/multibeam_sonar_system/package.ps1'
[0.529s] INFO:colcon.colcon_core.shell:Creating package descriptor '/home/namtruong/uuv_sim_home/install/multibeam_sonar_system/share/multibeam_sonar_system/package.dsv'
[0.529s] INFO:colcon.colcon_core.shell:Creating package script '/home/namtruong/uuv_sim_home/install/multibeam_sonar_system/share/multibeam_sonar_system/package.sh'
[0.530s] INFO:colcon.colcon_core.shell:Creating package script '/home/namtruong/uuv_sim_home/install/multibeam_sonar_system/share/multibeam_sonar_system/package.bash'
[0.530s] INFO:colcon.colcon_core.shell:Creating package script '/home/namtruong/uuv_sim_home/install/multibeam_sonar_system/share/multibeam_sonar_system/package.zsh'
[0.530s] Level 1:colcon.colcon_core.environment:create_file_with_runtime_dependencies(/home/namtruong/uuv_sim_home/install/multibeam_sonar_system/share/colcon-core/packages/multibeam_sonar_system)
[0.551s] DEBUG:colcon.colcon_core.event_handler.log_command:Invoked command in '/home/namtruong/uuv_sim_home/build/dave_interfaces' returned '0': CMAKE_PREFIX_PATH=${CMAKE_PREFIX_PATH}:/home/namtruong/uuv_sim_home/install/uuv_simu:/opt/ros/jazzy DEBUGINFOD_URLS=https://debuginfod.ubuntu.com /usr/bin/cmake --build /home/namtruong/uuv_sim_home/build/dave_interfaces -- -j16 -l16
[0.552s] DEBUG:colcon.colcon_core.event_handler.log_command:Invoking command in '/home/namtruong/uuv_sim_home/build/dave_interfaces': CMAKE_PREFIX_PATH=${CMAKE_PREFIX_PATH}:/home/namtruong/uuv_sim_home/install/uuv_simu:/opt/ros/jazzy DEBUGINFOD_URLS=https://debuginfod.ubuntu.com /usr/bin/cmake --install /home/namtruong/uuv_sim_home/build/dave_interfaces
[0.652s] Level 1:colcon.colcon_core.environment:create_environment_scripts_only(dave_interfaces)
[0.653s] DEBUG:colcon.colcon_core.event_handler.log_command:Invoked command in '/home/namtruong/uuv_sim_home/build/dave_interfaces' returned '0': CMAKE_PREFIX_PATH=${CMAKE_PREFIX_PATH}:/home/namtruong/uuv_sim_home/install/uuv_simu:/opt/ros/jazzy DEBUGINFOD_URLS=https://debuginfod.ubuntu.com /usr/bin/cmake --install /home/namtruong/uuv_sim_home/build/dave_interfaces
[0.653s] Level 1:colcon.colcon_core.environment:checking '/home/namtruong/uuv_sim_home/install/dave_interfaces' for CMake module files
[0.654s] Level 1:colcon.colcon_core.environment:checking '/home/namtruong/uuv_sim_home/install/dave_interfaces' for CMake config files
[0.656s] Level 1:colcon.colcon_core.shell:create_environment_hook('dave_interfaces', 'cmake_prefix_path')
[0.656s] INFO:colcon.colcon_core.shell:Creating environment hook '/home/namtruong/uuv_sim_home/install/dave_interfaces/share/dave_interfaces/hook/cmake_prefix_path.ps1'
[0.656s] INFO:colcon.colcon_core.shell:Creating environment descriptor '/home/namtruong/uuv_sim_home/install/dave_interfaces/share/dave_interfaces/hook/cmake_prefix_path.dsv'
[0.656s] INFO:colcon.colcon_core.shell:Creating environment hook '/home/namtruong/uuv_sim_home/install/dave_interfaces/share/dave_interfaces/hook/cmake_prefix_path.sh'
[0.657s] Level 1:colcon.colcon_core.environment:checking '/home/namtruong/uuv_sim_home/install/dave_interfaces/lib'
[0.657s] Level 1:colcon.colcon_core.shell:create_environment_hook('dave_interfaces', 'ld_library_path_lib')
[0.657s] INFO:colcon.colcon_core.shell:Creating environment hook '/home/namtruong/uuv_sim_home/install/dave_interfaces/share/dave_interfaces/hook/ld_library_path_lib.ps1'
[0.657s] INFO:colcon.colcon_core.shell:Creating environment descriptor '/home/namtruong/uuv_sim_home/install/dave_interfaces/share/dave_interfaces/hook/ld_library_path_lib.dsv'
[0.658s] INFO:colcon.colcon_core.shell:Creating environment hook '/home/namtruong/uuv_sim_home/install/dave_interfaces/share/dave_interfaces/hook/ld_library_path_lib.sh'
[0.658s] Level 1:colcon.colcon_core.environment:checking '/home/namtruong/uuv_sim_home/install/dave_interfaces/bin'
[0.658s] Level 1:colcon.colcon_core.environment:checking '/home/namtruong/uuv_sim_home/install/dave_interfaces/lib/pkgconfig/dave_interfaces.pc'
[0.658s] Level 1:colcon.colcon_core.environment:checking '/home/namtruong/uuv_sim_home/install/dave_interfaces/lib/python3.12/site-packages'
[0.658s] Level 1:colcon.colcon_core.shell:create_environment_hook('dave_interfaces', 'pythonpath')
[0.658s] INFO:colcon.colcon_core.shell:Creating environment hook '/home/namtruong/uuv_sim_home/install/dave_interfaces/share/dave_interfaces/hook/pythonpath.ps1'
[0.658s] INFO:colcon.colcon_core.shell:Creating environment descriptor '/home/namtruong/uuv_sim_home/install/dave_interfaces/share/dave_interfaces/hook/pythonpath.dsv'
[0.659s] INFO:colcon.colcon_core.shell:Creating environment hook '/home/namtruong/uuv_sim_home/install/dave_interfaces/share/dave_interfaces/hook/pythonpath.sh'
[0.659s] Level 1:colcon.colcon_core.environment:checking '/home/namtruong/uuv_sim_home/install/dave_interfaces/bin'
[0.659s] INFO:colcon.colcon_core.shell:Creating package script '/home/namtruong/uuv_sim_home/install/dave_interfaces/share/dave_interfaces/package.ps1'
[0.660s] INFO:colcon.colcon_core.shell:Creating package descriptor '/home/namtruong/uuv_sim_home/install/dave_interfaces/share/dave_interfaces/package.dsv'
[0.660s] INFO:colcon.colcon_core.shell:Creating package script '/home/namtruong/uuv_sim_home/install/dave_interfaces/share/dave_interfaces/package.sh'
[0.661s] INFO:colcon.colcon_core.shell:Creating package script '/home/namtruong/uuv_sim_home/install/dave_interfaces/share/dave_interfaces/package.bash'
[0.661s] INFO:colcon.colcon_core.shell:Creating package script '/home/namtruong/uuv_sim_home/install/dave_interfaces/share/dave_interfaces/package.zsh'
[0.661s] Level 1:colcon.colcon_core.environment:create_file_with_runtime_dependencies(/home/namtruong/uuv_sim_home/install/dave_interfaces/share/colcon-core/packages/dave_interfaces)
[0.662s] Level 1:colcon.colcon_core.environment:create_environment_scripts_only(dave_interfaces)
[0.662s] Level 1:colcon.colcon_core.environment:checking '/home/namtruong/uuv_sim_home/install/dave_interfaces' for CMake module files
[0.662s] Level 1:colcon.colcon_core.environment:checking '/home/namtruong/uuv_sim_home/install/dave_interfaces' for CMake config files
[0.664s] Level 1:colcon.colcon_core.shell:create_environment_hook('dave_interfaces', 'cmake_prefix_path')
[0.664s] INFO:colcon.colcon_core.shell:Creating environment hook '/home/namtruong/uuv_sim_home/install/dave_interfaces/share/dave_interfaces/hook/cmake_prefix_path.ps1'
[0.664s] INFO:colcon.colcon_core.shell:Creating environment descriptor '/home/namtruong/uuv_sim_home/install/dave_interfaces/share/dave_interfaces/hook/cmake_prefix_path.dsv'
[0.664s] INFO:colcon.colcon_core.shell:Creating environment hook '/home/namtruong/uuv_sim_home/install/dave_interfaces/share/dave_interfaces/hook/cmake_prefix_path.sh'
[0.665s] Level 1:colcon.colcon_core.environment:checking '/home/namtruong/uuv_sim_home/install/dave_interfaces/lib'
[0.665s] Level 1:colcon.colcon_core.shell:create_environment_hook('dave_interfaces', 'ld_library_path_lib')
[0.665s] INFO:colcon.colcon_core.shell:Creating environment hook '/home/namtruong/uuv_sim_home/install/dave_interfaces/share/dave_interfaces/hook/ld_library_path_lib.ps1'
[0.665s] INFO:colcon.colcon_core.shell:Creating environment descriptor '/home/namtruong/uuv_sim_home/install/dave_interfaces/share/dave_interfaces/hook/ld_library_path_lib.dsv'
[0.665s] INFO:colcon.colcon_core.shell:Creating environment hook '/home/namtruong/uuv_sim_home/install/dave_interfaces/share/dave_interfaces/hook/ld_library_path_lib.sh'
[0.666s] Level 1:colcon.colcon_core.environment:checking '/home/namtruong/uuv_sim_home/install/dave_interfaces/bin'
[0.666s] Level 1:colcon.colcon_core.environment:checking '/home/namtruong/uuv_sim_home/install/dave_interfaces/lib/pkgconfig/dave_interfaces.pc'
[0.666s] Level 1:colcon.colcon_core.environment:checking '/home/namtruong/uuv_sim_home/install/dave_interfaces/lib/python3.12/site-packages'
[0.666s] Level 1:colcon.colcon_core.shell:create_environment_hook('dave_interfaces', 'pythonpath')
[0.666s] INFO:colcon.colcon_core.shell:Creating environment hook '/home/namtruong/uuv_sim_home/install/dave_interfaces/share/dave_interfaces/hook/pythonpath.ps1'
[0.666s] INFO:colcon.colcon_core.shell:Creating environment descriptor '/home/namtruong/uuv_sim_home/install/dave_interfaces/share/dave_interfaces/hook/pythonpath.dsv'
[0.667s] INFO:colcon.colcon_core.shell:Creating environment hook '/home/namtruong/uuv_sim_home/install/dave_interfaces/share/dave_interfaces/hook/pythonpath.sh'
[0.667s] Level 1:colcon.colcon_core.environment:checking '/home/namtruong/uuv_sim_home/install/dave_interfaces/bin'
[0.667s] INFO:colcon.colcon_core.shell:Creating package script '/home/namtruong/uuv_sim_home/install/dave_interfaces/share/dave_interfaces/package.ps1'
[0.668s] INFO:colcon.colcon_core.shell:Creating package descriptor '/home/namtruong/uuv_sim_home/install/dave_interfaces/share/dave_interfaces/package.dsv'
[0.668s] INFO:colcon.colcon_core.shell:Creating package script '/home/namtruong/uuv_sim_home/install/dave_interfaces/share/dave_interfaces/package.sh'
[0.668s] INFO:colcon.colcon_core.shell:Creating package script '/home/namtruong/uuv_sim_home/install/dave_interfaces/share/dave_interfaces/package.bash'
[0.668s] INFO:colcon.colcon_core.shell:Creating package script '/home/namtruong/uuv_sim_home/install/dave_interfaces/share/dave_interfaces/package.zsh'
[0.669s] Level 1:colcon.colcon_core.environment:create_file_with_runtime_dependencies(/home/namtruong/uuv_sim_home/install/dave_interfaces/share/colcon-core/packages/dave_interfaces)
[0.669s] INFO:colcon.colcon_ros.task.ament_cmake.build:Building ROS package in '/home/namtruong/uuv_sim_home/src/dave_gz_world_plugins' with build type 'ament_cmake'
[0.669s] INFO:colcon.colcon_cmake.task.cmake.build:Building CMake package in '/home/namtruong/uuv_sim_home/src/dave_gz_world_plugins'
[0.669s] INFO:colcon.colcon_core.shell:Skip shell extension 'powershell' for command environment: Not usable outside of PowerShell
[0.669s] DEBUG:colcon.colcon_core.shell:Skip shell extension 'dsv' for command environment
[0.673s] INFO:colcon.colcon_ros.task.ament_cmake.build:Building ROS package in '/home/namtruong/uuv_sim_home/src/dave_gz_sensor_plugins' with build type 'ament_cmake'
[0.673s] INFO:colcon.colcon_cmake.task.cmake.build:Building CMake package in '/home/namtruong/uuv_sim_home/src/dave_gz_sensor_plugins'
[0.673s] INFO:colcon.colcon_core.shell:Skip shell extension 'powershell' for command environment: Not usable outside of PowerShell
[0.673s] DEBUG:colcon.colcon_core.shell:Skip shell extension 'dsv' for command environment
[0.676s] INFO:colcon.colcon_ros.task.ament_cmake.build:Building ROS package in '/home/namtruong/uuv_sim_home/src/multibeam_sonar' with build type 'ament_cmake'
[0.676s] INFO:colcon.colcon_cmake.task.cmake.build:Building CMake package in '/home/namtruong/uuv_sim_home/src/multibeam_sonar'
[0.676s] INFO:colcon.colcon_core.shell:Skip shell extension 'powershell' for command environment: Not usable outside of PowerShell
[0.676s] DEBUG:colcon.colcon_core.shell:Skip shell extension 'dsv' for command environment
[0.682s] DEBUG:colcon.colcon_core.event_handler.log_command:Invoking command in '/home/namtruong/uuv_sim_home/build/dave_gz_world_plugins': CMAKE_PREFIX_PATH=/home/namtruong/uuv_sim_home/install/dave_interfaces:/home/namtruong/uuv_sim_home/install/multibeam_sonar_system:/home/namtruong/uuv_sim_home/install/multibeam_sonar:/home/namtruong/uuv_sim_home/install/dave_worlds:/home/namtruong/uuv_sim_home/install/dave_gz_model_plugins:/home/namtruong/uuv_sim_home/install/dave_ros_gz_plugins:/home/namtruong/uuv_sim_home/install/dave_robot_models:/home/namtruong/uuv_sim_home/install/dave_object_models:/home/namtruong/uuv_sim_home/install/dave_multibeam_sonar_demo:/home/namtruong/uuv_sim_home/install/dave_gz_world_plugins:/home/namtruong/uuv_sim_home/install/dave_gz_sensor_plugins:/opt/ros/jazzy/opt/gz_sim_vendor:/opt/ros/jazzy/opt/gz_sensors_vendor:/opt/ros/jazzy/opt/gz_physics_vendor:/opt/ros/jazzy/opt/sdformat_vendor:/opt/ros/jazzy/opt/gz_gui_vendor:/opt/ros/jazzy/opt/gz_transport_vendor:/opt/ros/jazzy/opt/gz_rendering_vendor:/opt/ros/jazzy/opt/gz_plugin_vendor:/opt/ros/jazzy/opt/gz_fuel_tools_vendor:/opt/ros/jazzy/opt/gz_msgs_vendor:/opt/ros/jazzy/opt/gz_common_vendor:/opt/ros/jazzy/opt/gz_math_vendor:/opt/ros/jazzy/opt/gz_utils_vendor:/opt/ros/jazzy/opt/gz_tools_vendor:/opt/ros/jazzy/opt/gz_ogre_next_vendor:/opt/ros/jazzy/opt/gz_dartsim_vendor:/opt/ros/jazzy/opt/gz_cmake_vendor:/home/namtruong/uuv_sim_home/install/uuv_simu:/opt/ros/jazzy DEBUGINFOD_URLS=https://debuginfod.ubuntu.com LD_LIBRARY_PATH=/home/namtruong/uuv_sim_home/install/dave_interfaces/lib:/home/namtruong/uuv_sim_home/install/dave_ros_gz_plugins/lib:/home/namtruong/uuv_sim_home/install/dave_gz_world_plugins/lib:/opt/ros/jazzy/opt/gz_sim_vendor/lib:/opt/ros/jazzy/opt/gz_sensors_vendor/lib:/opt/ros/jazzy/opt/gz_physics_vendor/lib:/opt/ros/jazzy/opt/sdformat_vendor/lib:/opt/ros/jazzy/opt/rviz_ogre_vendor/lib:/opt/ros/jazzy/lib/x86_64-linux-gnu:/opt/ros/jazzy/opt/gz_gui_vendor/lib:/opt/ros/jazzy/opt/gz_transport_vendor/lib:/opt/ros/jazzy/opt/gz_rendering_vendor/lib:/opt/ros/jazzy/opt/gz_plugin_vendor/lib:/opt/ros/jazzy/opt/gz_fuel_tools_vendor/lib:/opt/ros/jazzy/opt/gz_msgs_vendor/lib:/opt/ros/jazzy/opt/gz_common_vendor/lib:/opt/ros/jazzy/opt/gz_math_vendor/lib:/opt/ros/jazzy/opt/gz_utils_vendor/lib:/opt/ros/jazzy/opt/gz_tools_vendor/lib:/opt/ros/jazzy/opt/gz_ogre_next_vendor/lib:/opt/ros/jazzy/opt/gz_dartsim_vendor/lib:/opt/ros/jazzy/opt/gz_cmake_vendor/lib:/opt/ros/jazzy/lib PYTHONPATH=/home/namtruong/uuv_sim_home/install/dave_interfaces/lib/python3.12/site-packages:/home/namtruong/uuv_sim_home/build/uuv_simu:/home/namtruong/uuv_sim_home/install/uuv_simu/lib/python3.12/site-packages:/opt/ros/jazzy/lib/python3.12/site-packages /usr/bin/cmake --build /home/namtruong/uuv_sim_home/build/dave_gz_world_plugins -- -j16 -l16
[0.684s] DEBUG:colcon.colcon_core.event_handler.log_command:Invoking command in '/home/namtruong/uuv_sim_home/build/dave_gz_sensor_plugins': CMAKE_PREFIX_PATH=/home/namtruong/uuv_sim_home/install/dave_interfaces:/home/namtruong/uuv_sim_home/install/multibeam_sonar_system:/home/namtruong/uuv_sim_home/install/multibeam_sonar:/home/namtruong/uuv_sim_home/install/dave_worlds:/home/namtruong/uuv_sim_home/install/dave_gz_model_plugins:/home/namtruong/uuv_sim_home/install/dave_ros_gz_plugins:/home/namtruong/uuv_sim_home/install/dave_robot_models:/home/namtruong/uuv_sim_home/install/dave_object_models:/home/namtruong/uuv_sim_home/install/dave_multibeam_sonar_demo:/home/namtruong/uuv_sim_home/install/dave_gz_world_plugins:/home/namtruong/uuv_sim_home/install/dave_gz_sensor_plugins:/opt/ros/jazzy/opt/gz_sim_vendor:/opt/ros/jazzy/opt/gz_sensors_vendor:/opt/ros/jazzy/opt/gz_physics_vendor:/opt/ros/jazzy/opt/sdformat_vendor:/opt/ros/jazzy/opt/gz_gui_vendor:/opt/ros/jazzy/opt/gz_transport_vendor:/opt/ros/jazzy/opt/gz_rendering_vendor:/opt/ros/jazzy/opt/gz_plugin_vendor:/opt/ros/jazzy/opt/gz_fuel_tools_vendor:/opt/ros/jazzy/opt/gz_msgs_vendor:/opt/ros/jazzy/opt/gz_common_vendor:/opt/ros/jazzy/opt/gz_math_vendor:/opt/ros/jazzy/opt/gz_utils_vendor:/opt/ros/jazzy/opt/gz_tools_vendor:/opt/ros/jazzy/opt/gz_ogre_next_vendor:/opt/ros/jazzy/opt/gz_dartsim_vendor:/opt/ros/jazzy/opt/gz_cmake_vendor:/home/namtruong/uuv_sim_home/install/uuv_simu:/opt/ros/jazzy DEBUGINFOD_URLS=https://debuginfod.ubuntu.com LD_LIBRARY_PATH=/home/namtruong/uuv_sim_home/install/dave_interfaces/lib:/home/namtruong/uuv_sim_home/install/dave_ros_gz_plugins/lib:/home/namtruong/uuv_sim_home/install/dave_gz_world_plugins/lib:/opt/ros/jazzy/opt/gz_sim_vendor/lib:/opt/ros/jazzy/opt/gz_sensors_vendor/lib:/opt/ros/jazzy/opt/gz_physics_vendor/lib:/opt/ros/jazzy/opt/sdformat_vendor/lib:/opt/ros/jazzy/opt/rviz_ogre_vendor/lib:/opt/ros/jazzy/lib/x86_64-linux-gnu:/opt/ros/jazzy/opt/gz_gui_vendor/lib:/opt/ros/jazzy/opt/gz_transport_vendor/lib:/opt/ros/jazzy/opt/gz_rendering_vendor/lib:/opt/ros/jazzy/opt/gz_plugin_vendor/lib:/opt/ros/jazzy/opt/gz_fuel_tools_vendor/lib:/opt/ros/jazzy/opt/gz_msgs_vendor/lib:/opt/ros/jazzy/opt/gz_common_vendor/lib:/opt/ros/jazzy/opt/gz_math_vendor/lib:/opt/ros/jazzy/opt/gz_utils_vendor/lib:/opt/ros/jazzy/opt/gz_tools_vendor/lib:/opt/ros/jazzy/opt/gz_ogre_next_vendor/lib:/opt/ros/jazzy/opt/gz_dartsim_vendor/lib:/opt/ros/jazzy/opt/gz_cmake_vendor/lib:/opt/ros/jazzy/lib PYTHONPATH=/home/namtruong/uuv_sim_home/install/dave_interfaces/lib/python3.12/site-packages:/home/namtruong/uuv_sim_home/build/uuv_simu:/home/namtruong/uuv_sim_home/install/uuv_simu/lib/python3.12/site-packages:/opt/ros/jazzy/lib/python3.12/site-packages /usr/bin/cmake --build /home/namtruong/uuv_sim_home/build/dave_gz_sensor_plugins -- -j16 -l16
[0.686s] DEBUG:colcon.colcon_core.event_handler.log_command:Invoking command in '/home/namtruong/uuv_sim_home/build/multibeam_sonar': CMAKE_PREFIX_PATH=/home/namtruong/uuv_sim_home/install/dave_interfaces:/home/namtruong/uuv_sim_home/install/multibeam_sonar_system:/home/namtruong/uuv_sim_home/install/multibeam_sonar:/home/namtruong/uuv_sim_home/install/dave_worlds:/home/namtruong/uuv_sim_home/install/dave_gz_model_plugins:/home/namtruong/uuv_sim_home/install/dave_ros_gz_plugins:/home/namtruong/uuv_sim_home/install/dave_robot_models:/home/namtruong/uuv_sim_home/install/dave_object_models:/home/namtruong/uuv_sim_home/install/dave_multibeam_sonar_demo:/home/namtruong/uuv_sim_home/install/dave_gz_world_plugins:/home/namtruong/uuv_sim_home/install/dave_gz_sensor_plugins:/opt/ros/jazzy/opt/gz_sim_vendor:/opt/ros/jazzy/opt/gz_sensors_vendor:/opt/ros/jazzy/opt/gz_physics_vendor:/opt/ros/jazzy/opt/sdformat_vendor:/opt/ros/jazzy/opt/gz_gui_vendor:/opt/ros/jazzy/opt/gz_transport_vendor:/opt/ros/jazzy/opt/gz_rendering_vendor:/opt/ros/jazzy/opt/gz_plugin_vendor:/opt/ros/jazzy/opt/gz_fuel_tools_vendor:/opt/ros/jazzy/opt/gz_msgs_vendor:/opt/ros/jazzy/opt/gz_common_vendor:/opt/ros/jazzy/opt/gz_math_vendor:/opt/ros/jazzy/opt/gz_utils_vendor:/opt/ros/jazzy/opt/gz_tools_vendor:/opt/ros/jazzy/opt/gz_ogre_next_vendor:/opt/ros/jazzy/opt/gz_dartsim_vendor:/opt/ros/jazzy/opt/gz_cmake_vendor:/home/namtruong/uuv_sim_home/install/uuv_simu:/opt/ros/jazzy DEBUGINFOD_URLS=https://debuginfod.ubuntu.com LD_LIBRARY_PATH=/home/namtruong/uuv_sim_home/install/dave_interfaces/lib:/home/namtruong/uuv_sim_home/install/dave_ros_gz_plugins/lib:/home/namtruong/uuv_sim_home/install/dave_gz_world_plugins/lib:/opt/ros/jazzy/opt/gz_sim_vendor/lib:/opt/ros/jazzy/opt/gz_sensors_vendor/lib:/opt/ros/jazzy/opt/gz_physics_vendor/lib:/opt/ros/jazzy/opt/sdformat_vendor/lib:/opt/ros/jazzy/opt/rviz_ogre_vendor/lib:/opt/ros/jazzy/lib/x86_64-linux-gnu:/opt/ros/jazzy/opt/gz_gui_vendor/lib:/opt/ros/jazzy/opt/gz_transport_vendor/lib:/opt/ros/jazzy/opt/gz_rendering_vendor/lib:/opt/ros/jazzy/opt/gz_plugin_vendor/lib:/opt/ros/jazzy/opt/gz_fuel_tools_vendor/lib:/opt/ros/jazzy/opt/gz_msgs_vendor/lib:/opt/ros/jazzy/opt/gz_common_vendor/lib:/opt/ros/jazzy/opt/gz_math_vendor/lib:/opt/ros/jazzy/opt/gz_utils_vendor/lib:/opt/ros/jazzy/opt/gz_tools_vendor/lib:/opt/ros/jazzy/opt/gz_ogre_next_vendor/lib:/opt/ros/jazzy/opt/gz_dartsim_vendor/lib:/opt/ros/jazzy/opt/gz_cmake_vendor/lib:/opt/ros/jazzy/lib PYTHONPATH=/home/namtruong/uuv_sim_home/install/dave_interfaces/lib/python3.12/site-packages:/home/namtruong/uuv_sim_home/build/uuv_simu:/home/namtruong/uuv_sim_home/install/uuv_simu/lib/python3.12/site-packages:/opt/ros/jazzy/lib/python3.12/site-packages /usr/bin/cmake --build /home/namtruong/uuv_sim_home/build/multibeam_sonar -- -j16 -l16
[0.762s] DEBUG:colcon.colcon_core.event_handler.log_command:Invoked command in '/home/namtruong/uuv_sim_home/build/dave_gz_sensor_plugins' returned '0': CMAKE_PREFIX_PATH=/home/namtruong/uuv_sim_home/install/dave_interfaces:/home/namtruong/uuv_sim_home/install/multibeam_sonar_system:/home/namtruong/uuv_sim_home/install/multibeam_sonar:/home/namtruong/uuv_sim_home/install/dave_worlds:/home/namtruong/uuv_sim_home/install/dave_gz_model_plugins:/home/namtruong/uuv_sim_home/install/dave_ros_gz_plugins:/home/namtruong/uuv_sim_home/install/dave_robot_models:/home/namtruong/uuv_sim_home/install/dave_object_models:/home/namtruong/uuv_sim_home/install/dave_multibeam_sonar_demo:/home/namtruong/uuv_sim_home/install/dave_gz_world_plugins:/home/namtruong/uuv_sim_home/install/dave_gz_sensor_plugins:/opt/ros/jazzy/opt/gz_sim_vendor:/opt/ros/jazzy/opt/gz_sensors_vendor:/opt/ros/jazzy/opt/gz_physics_vendor:/opt/ros/jazzy/opt/sdformat_vendor:/opt/ros/jazzy/opt/gz_gui_vendor:/opt/ros/jazzy/opt/gz_transport_vendor:/opt/ros/jazzy/opt/gz_rendering_vendor:/opt/ros/jazzy/opt/gz_plugin_vendor:/opt/ros/jazzy/opt/gz_fuel_tools_vendor:/opt/ros/jazzy/opt/gz_msgs_vendor:/opt/ros/jazzy/opt/gz_common_vendor:/opt/ros/jazzy/opt/gz_math_vendor:/opt/ros/jazzy/opt/gz_utils_vendor:/opt/ros/jazzy/opt/gz_tools_vendor:/opt/ros/jazzy/opt/gz_ogre_next_vendor:/opt/ros/jazzy/opt/gz_dartsim_vendor:/opt/ros/jazzy/opt/gz_cmake_vendor:/home/namtruong/uuv_sim_home/install/uuv_simu:/opt/ros/jazzy DEBUGINFOD_URLS=https://debuginfod.ubuntu.com LD_LIBRARY_PATH=/home/namtruong/uuv_sim_home/install/dave_interfaces/lib:/home/namtruong/uuv_sim_home/install/dave_ros_gz_plugins/lib:/home/namtruong/uuv_sim_home/install/dave_gz_world_plugins/lib:/opt/ros/jazzy/opt/gz_sim_vendor/lib:/opt/ros/jazzy/opt/gz_sensors_vendor/lib:/opt/ros/jazzy/opt/gz_physics_vendor/lib:/opt/ros/jazzy/opt/sdformat_vendor/lib:/opt/ros/jazzy/opt/rviz_ogre_vendor/lib:/opt/ros/jazzy/lib/x86_64-linux-gnu:/opt/ros/jazzy/opt/gz_gui_vendor/lib:/opt/ros/jazzy/opt/gz_transport_vendor/lib:/opt/ros/jazzy/opt/gz_rendering_vendor/lib:/opt/ros/jazzy/opt/gz_plugin_vendor/lib:/opt/ros/jazzy/opt/gz_fuel_tools_vendor/lib:/opt/ros/jazzy/opt/gz_msgs_vendor/lib:/opt/ros/jazzy/opt/gz_common_vendor/lib:/opt/ros/jazzy/opt/gz_math_vendor/lib:/opt/ros/jazzy/opt/gz_utils_vendor/lib:/opt/ros/jazzy/opt/gz_tools_vendor/lib:/opt/ros/jazzy/opt/gz_ogre_next_vendor/lib:/opt/ros/jazzy/opt/gz_dartsim_vendor/lib:/opt/ros/jazzy/opt/gz_cmake_vendor/lib:/opt/ros/jazzy/lib PYTHONPATH=/home/namtruong/uuv_sim_home/install/dave_interfaces/lib/python3.12/site-packages:/home/namtruong/uuv_sim_home/build/uuv_simu:/home/namtruong/uuv_sim_home/install/uuv_simu/lib/python3.12/site-packages:/opt/ros/jazzy/lib/python3.12/site-packages /usr/bin/cmake --build /home/namtruong/uuv_sim_home/build/dave_gz_sensor_plugins -- -j16 -l16
[0.763s] DEBUG:colcon.colcon_core.event_handler.log_command:Invoking command in '/home/namtruong/uuv_sim_home/build/dave_gz_sensor_plugins': CMAKE_PREFIX_PATH=/home/namtruong/uuv_sim_home/install/dave_interfaces:/home/namtruong/uuv_sim_home/install/multibeam_sonar_system:/home/namtruong/uuv_sim_home/install/multibeam_sonar:/home/namtruong/uuv_sim_home/install/dave_worlds:/home/namtruong/uuv_sim_home/install/dave_gz_model_plugins:/home/namtruong/uuv_sim_home/install/dave_ros_gz_plugins:/home/namtruong/uuv_sim_home/install/dave_robot_models:/home/namtruong/uuv_sim_home/install/dave_object_models:/home/namtruong/uuv_sim_home/install/dave_multibeam_sonar_demo:/home/namtruong/uuv_sim_home/install/dave_gz_world_plugins:/home/namtruong/uuv_sim_home/install/dave_gz_sensor_plugins:/opt/ros/jazzy/opt/gz_sim_vendor:/opt/ros/jazzy/opt/gz_sensors_vendor:/opt/ros/jazzy/opt/gz_physics_vendor:/opt/ros/jazzy/opt/sdformat_vendor:/opt/ros/jazzy/opt/gz_gui_vendor:/opt/ros/jazzy/opt/gz_transport_vendor:/opt/ros/jazzy/opt/gz_rendering_vendor:/opt/ros/jazzy/opt/gz_plugin_vendor:/opt/ros/jazzy/opt/gz_fuel_tools_vendor:/opt/ros/jazzy/opt/gz_msgs_vendor:/opt/ros/jazzy/opt/gz_common_vendor:/opt/ros/jazzy/opt/gz_math_vendor:/opt/ros/jazzy/opt/gz_utils_vendor:/opt/ros/jazzy/opt/gz_tools_vendor:/opt/ros/jazzy/opt/gz_ogre_next_vendor:/opt/ros/jazzy/opt/gz_dartsim_vendor:/opt/ros/jazzy/opt/gz_cmake_vendor:/home/namtruong/uuv_sim_home/install/uuv_simu:/opt/ros/jazzy DEBUGINFOD_URLS=https://debuginfod.ubuntu.com LD_LIBRARY_PATH=/home/namtruong/uuv_sim_home/install/dave_interfaces/lib:/home/namtruong/uuv_sim_home/install/dave_ros_gz_plugins/lib:/home/namtruong/uuv_sim_home/install/dave_gz_world_plugins/lib:/opt/ros/jazzy/opt/gz_sim_vendor/lib:/opt/ros/jazzy/opt/gz_sensors_vendor/lib:/opt/ros/jazzy/opt/gz_physics_vendor/lib:/opt/ros/jazzy/opt/sdformat_vendor/lib:/opt/ros/jazzy/opt/rviz_ogre_vendor/lib:/opt/ros/jazzy/lib/x86_64-linux-gnu:/opt/ros/jazzy/opt/gz_gui_vendor/lib:/opt/ros/jazzy/opt/gz_transport_vendor/lib:/opt/ros/jazzy/opt/gz_rendering_vendor/lib:/opt/ros/jazzy/opt/gz_plugin_vendor/lib:/opt/ros/jazzy/opt/gz_fuel_tools_vendor/lib:/opt/ros/jazzy/opt/gz_msgs_vendor/lib:/opt/ros/jazzy/opt/gz_common_vendor/lib:/opt/ros/jazzy/opt/gz_math_vendor/lib:/opt/ros/jazzy/opt/gz_utils_vendor/lib:/opt/ros/jazzy/opt/gz_tools_vendor/lib:/opt/ros/jazzy/opt/gz_ogre_next_vendor/lib:/opt/ros/jazzy/opt/gz_dartsim_vendor/lib:/opt/ros/jazzy/opt/gz_cmake_vendor/lib:/opt/ros/jazzy/lib PYTHONPATH=/home/namtruong/uuv_sim_home/install/dave_interfaces/lib/python3.12/site-packages:/home/namtruong/uuv_sim_home/build/uuv_simu:/home/namtruong/uuv_sim_home/install/uuv_simu/lib/python3.12/site-packages:/opt/ros/jazzy/lib/python3.12/site-packages /usr/bin/cmake --install /home/namtruong/uuv_sim_home/build/dave_gz_sensor_plugins
[0.764s] DEBUG:colcon.colcon_core.event_handler.log_command:Invoked command in '/home/namtruong/uuv_sim_home/build/multibeam_sonar' returned '0': CMAKE_PREFIX_PATH=/home/namtruong/uuv_sim_home/install/dave_interfaces:/home/namtruong/uuv_sim_home/install/multibeam_sonar_system:/home/namtruong/uuv_sim_home/install/multibeam_sonar:/home/namtruong/uuv_sim_home/install/dave_worlds:/home/namtruong/uuv_sim_home/install/dave_gz_model_plugins:/home/namtruong/uuv_sim_home/install/dave_ros_gz_plugins:/home/namtruong/uuv_sim_home/install/dave_robot_models:/home/namtruong/uuv_sim_home/install/dave_object_models:/home/namtruong/uuv_sim_home/install/dave_multibeam_sonar_demo:/home/namtruong/uuv_sim_home/install/dave_gz_world_plugins:/home/namtruong/uuv_sim_home/install/dave_gz_sensor_plugins:/opt/ros/jazzy/opt/gz_sim_vendor:/opt/ros/jazzy/opt/gz_sensors_vendor:/opt/ros/jazzy/opt/gz_physics_vendor:/opt/ros/jazzy/opt/sdformat_vendor:/opt/ros/jazzy/opt/gz_gui_vendor:/opt/ros/jazzy/opt/gz_transport_vendor:/opt/ros/jazzy/opt/gz_rendering_vendor:/opt/ros/jazzy/opt/gz_plugin_vendor:/opt/ros/jazzy/opt/gz_fuel_tools_vendor:/opt/ros/jazzy/opt/gz_msgs_vendor:/opt/ros/jazzy/opt/gz_common_vendor:/opt/ros/jazzy/opt/gz_math_vendor:/opt/ros/jazzy/opt/gz_utils_vendor:/opt/ros/jazzy/opt/gz_tools_vendor:/opt/ros/jazzy/opt/gz_ogre_next_vendor:/opt/ros/jazzy/opt/gz_dartsim_vendor:/opt/ros/jazzy/opt/gz_cmake_vendor:/home/namtruong/uuv_sim_home/install/uuv_simu:/opt/ros/jazzy DEBUGINFOD_URLS=https://debuginfod.ubuntu.com LD_LIBRARY_PATH=/home/namtruong/uuv_sim_home/install/dave_interfaces/lib:/home/namtruong/uuv_sim_home/install/dave_ros_gz_plugins/lib:/home/namtruong/uuv_sim_home/install/dave_gz_world_plugins/lib:/opt/ros/jazzy/opt/gz_sim_vendor/lib:/opt/ros/jazzy/opt/gz_sensors_vendor/lib:/opt/ros/jazzy/opt/gz_physics_vendor/lib:/opt/ros/jazzy/opt/sdformat_vendor/lib:/opt/ros/jazzy/opt/rviz_ogre_vendor/lib:/opt/ros/jazzy/lib/x86_64-linux-gnu:/opt/ros/jazzy/opt/gz_gui_vendor/lib:/opt/ros/jazzy/opt/gz_transport_vendor/lib:/opt/ros/jazzy/opt/gz_rendering_vendor/lib:/opt/ros/jazzy/opt/gz_plugin_vendor/lib:/opt/ros/jazzy/opt/gz_fuel_tools_vendor/lib:/opt/ros/jazzy/opt/gz_msgs_vendor/lib:/opt/ros/jazzy/opt/gz_common_vendor/lib:/opt/ros/jazzy/opt/gz_math_vendor/lib:/opt/ros/jazzy/opt/gz_utils_vendor/lib:/opt/ros/jazzy/opt/gz_tools_vendor/lib:/opt/ros/jazzy/opt/gz_ogre_next_vendor/lib:/opt/ros/jazzy/opt/gz_dartsim_vendor/lib:/opt/ros/jazzy/opt/gz_cmake_vendor/lib:/opt/ros/jazzy/lib PYTHONPATH=/home/namtruong/uuv_sim_home/install/dave_interfaces/lib/python3.12/site-packages:/home/namtruong/uuv_sim_home/build/uuv_simu:/home/namtruong/uuv_sim_home/install/uuv_simu/lib/python3.12/site-packages:/opt/ros/jazzy/lib/python3.12/site-packages /usr/bin/cmake --build /home/namtruong/uuv_sim_home/build/multibeam_sonar -- -j16 -l16
[0.765s] DEBUG:colcon.colcon_core.event_handler.log_command:Invoking command in '/home/namtruong/uuv_sim_home/build/multibeam_sonar': CMAKE_PREFIX_PATH=/home/namtruong/uuv_sim_home/install/dave_interfaces:/home/namtruong/uuv_sim_home/install/multibeam_sonar_system:/home/namtruong/uuv_sim_home/install/multibeam_sonar:/home/namtruong/uuv_sim_home/install/dave_worlds:/home/namtruong/uuv_sim_home/install/dave_gz_model_plugins:/home/namtruong/uuv_sim_home/install/dave_ros_gz_plugins:/home/namtruong/uuv_sim_home/install/dave_robot_models:/home/namtruong/uuv_sim_home/install/dave_object_models:/home/namtruong/uuv_sim_home/install/dave_multibeam_sonar_demo:/home/namtruong/uuv_sim_home/install/dave_gz_world_plugins:/home/namtruong/uuv_sim_home/install/dave_gz_sensor_plugins:/opt/ros/jazzy/opt/gz_sim_vendor:/opt/ros/jazzy/opt/gz_sensors_vendor:/opt/ros/jazzy/opt/gz_physics_vendor:/opt/ros/jazzy/opt/sdformat_vendor:/opt/ros/jazzy/opt/gz_gui_vendor:/opt/ros/jazzy/opt/gz_transport_vendor:/opt/ros/jazzy/opt/gz_rendering_vendor:/opt/ros/jazzy/opt/gz_plugin_vendor:/opt/ros/jazzy/opt/gz_fuel_tools_vendor:/opt/ros/jazzy/opt/gz_msgs_vendor:/opt/ros/jazzy/opt/gz_common_vendor:/opt/ros/jazzy/opt/gz_math_vendor:/opt/ros/jazzy/opt/gz_utils_vendor:/opt/ros/jazzy/opt/gz_tools_vendor:/opt/ros/jazzy/opt/gz_ogre_next_vendor:/opt/ros/jazzy/opt/gz_dartsim_vendor:/opt/ros/jazzy/opt/gz_cmake_vendor:/home/namtruong/uuv_sim_home/install/uuv_simu:/opt/ros/jazzy DEBUGINFOD_URLS=https://debuginfod.ubuntu.com LD_LIBRARY_PATH=/home/namtruong/uuv_sim_home/install/dave_interfaces/lib:/home/namtruong/uuv_sim_home/install/dave_ros_gz_plugins/lib:/home/namtruong/uuv_sim_home/install/dave_gz_world_plugins/lib:/opt/ros/jazzy/opt/gz_sim_vendor/lib:/opt/ros/jazzy/opt/gz_sensors_vendor/lib:/opt/ros/jazzy/opt/gz_physics_vendor/lib:/opt/ros/jazzy/opt/sdformat_vendor/lib:/opt/ros/jazzy/opt/rviz_ogre_vendor/lib:/opt/ros/jazzy/lib/x86_64-linux-gnu:/opt/ros/jazzy/opt/gz_gui_vendor/lib:/opt/ros/jazzy/opt/gz_transport_vendor/lib:/opt/ros/jazzy/opt/gz_rendering_vendor/lib:/opt/ros/jazzy/opt/gz_plugin_vendor/lib:/opt/ros/jazzy/opt/gz_fuel_tools_vendor/lib:/opt/ros/jazzy/opt/gz_msgs_vendor/lib:/opt/ros/jazzy/opt/gz_common_vendor/lib:/opt/ros/jazzy/opt/gz_math_vendor/lib:/opt/ros/jazzy/opt/gz_utils_vendor/lib:/opt/ros/jazzy/opt/gz_tools_vendor/lib:/opt/ros/jazzy/opt/gz_ogre_next_vendor/lib:/opt/ros/jazzy/opt/gz_dartsim_vendor/lib:/opt/ros/jazzy/opt/gz_cmake_vendor/lib:/opt/ros/jazzy/lib PYTHONPATH=/home/namtruong/uuv_sim_home/install/dave_interfaces/lib/python3.12/site-packages:/home/namtruong/uuv_sim_home/build/uuv_simu:/home/namtruong/uuv_sim_home/install/uuv_simu/lib/python3.12/site-packages:/opt/ros/jazzy/lib/python3.12/site-packages /usr/bin/cmake --install /home/namtruong/uuv_sim_home/build/multibeam_sonar
[0.785s] DEBUG:colcon.colcon_core.event_handler.log_command:Invoked command in '/home/namtruong/uuv_sim_home/build/dave_gz_world_plugins' returned '0': CMAKE_PREFIX_PATH=/home/namtruong/uuv_sim_home/install/dave_interfaces:/home/namtruong/uuv_sim_home/install/multibeam_sonar_system:/home/namtruong/uuv_sim_home/install/multibeam_sonar:/home/namtruong/uuv_sim_home/install/dave_worlds:/home/namtruong/uuv_sim_home/install/dave_gz_model_plugins:/home/namtruong/uuv_sim_home/install/dave_ros_gz_plugins:/home/namtruong/uuv_sim_home/install/dave_robot_models:/home/namtruong/uuv_sim_home/install/dave_object_models:/home/namtruong/uuv_sim_home/install/dave_multibeam_sonar_demo:/home/namtruong/uuv_sim_home/install/dave_gz_world_plugins:/home/namtruong/uuv_sim_home/install/dave_gz_sensor_plugins:/opt/ros/jazzy/opt/gz_sim_vendor:/opt/ros/jazzy/opt/gz_sensors_vendor:/opt/ros/jazzy/opt/gz_physics_vendor:/opt/ros/jazzy/opt/sdformat_vendor:/opt/ros/jazzy/opt/gz_gui_vendor:/opt/ros/jazzy/opt/gz_transport_vendor:/opt/ros/jazzy/opt/gz_rendering_vendor:/opt/ros/jazzy/opt/gz_plugin_vendor:/opt/ros/jazzy/opt/gz_fuel_tools_vendor:/opt/ros/jazzy/opt/gz_msgs_vendor:/opt/ros/jazzy/opt/gz_common_vendor:/opt/ros/jazzy/opt/gz_math_vendor:/opt/ros/jazzy/opt/gz_utils_vendor:/opt/ros/jazzy/opt/gz_tools_vendor:/opt/ros/jazzy/opt/gz_ogre_next_vendor:/opt/ros/jazzy/opt/gz_dartsim_vendor:/opt/ros/jazzy/opt/gz_cmake_vendor:/home/namtruong/uuv_sim_home/install/uuv_simu:/opt/ros/jazzy DEBUGINFOD_URLS=https://debuginfod.ubuntu.com LD_LIBRARY_PATH=/home/namtruong/uuv_sim_home/install/dave_interfaces/lib:/home/namtruong/uuv_sim_home/install/dave_ros_gz_plugins/lib:/home/namtruong/uuv_sim_home/install/dave_gz_world_plugins/lib:/opt/ros/jazzy/opt/gz_sim_vendor/lib:/opt/ros/jazzy/opt/gz_sensors_vendor/lib:/opt/ros/jazzy/opt/gz_physics_vendor/lib:/opt/ros/jazzy/opt/sdformat_vendor/lib:/opt/ros/jazzy/opt/rviz_ogre_vendor/lib:/opt/ros/jazzy/lib/x86_64-linux-gnu:/opt/ros/jazzy/opt/gz_gui_vendor/lib:/opt/ros/jazzy/opt/gz_transport_vendor/lib:/opt/ros/jazzy/opt/gz_rendering_vendor/lib:/opt/ros/jazzy/opt/gz_plugin_vendor/lib:/opt/ros/jazzy/opt/gz_fuel_tools_vendor/lib:/opt/ros/jazzy/opt/gz_msgs_vendor/lib:/opt/ros/jazzy/opt/gz_common_vendor/lib:/opt/ros/jazzy/opt/gz_math_vendor/lib:/opt/ros/jazzy/opt/gz_utils_vendor/lib:/opt/ros/jazzy/opt/gz_tools_vendor/lib:/opt/ros/jazzy/opt/gz_ogre_next_vendor/lib:/opt/ros/jazzy/opt/gz_dartsim_vendor/lib:/opt/ros/jazzy/opt/gz_cmake_vendor/lib:/opt/ros/jazzy/lib PYTHONPATH=/home/namtruong/uuv_sim_home/install/dave_interfaces/lib/python3.12/site-packages:/home/namtruong/uuv_sim_home/build/uuv_simu:/home/namtruong/uuv_sim_home/install/uuv_simu/lib/python3.12/site-packages:/opt/ros/jazzy/lib/python3.12/site-packages /usr/bin/cmake --build /home/namtruong/uuv_sim_home/build/dave_gz_world_plugins -- -j16 -l16
[0.786s] DEBUG:colcon.colcon_core.event_handler.log_command:Invoking command in '/home/namtruong/uuv_sim_home/build/dave_gz_world_plugins': CMAKE_PREFIX_PATH=/home/namtruong/uuv_sim_home/install/dave_interfaces:/home/namtruong/uuv_sim_home/install/multibeam_sonar_system:/home/namtruong/uuv_sim_home/install/multibeam_sonar:/home/namtruong/uuv_sim_home/install/dave_worlds:/home/namtruong/uuv_sim_home/install/dave_gz_model_plugins:/home/namtruong/uuv_sim_home/install/dave_ros_gz_plugins:/home/namtruong/uuv_sim_home/install/dave_robot_models:/home/namtruong/uuv_sim_home/install/dave_object_models:/home/namtruong/uuv_sim_home/install/dave_multibeam_sonar_demo:/home/namtruong/uuv_sim_home/install/dave_gz_world_plugins:/home/namtruong/uuv_sim_home/install/dave_gz_sensor_plugins:/opt/ros/jazzy/opt/gz_sim_vendor:/opt/ros/jazzy/opt/gz_sensors_vendor:/opt/ros/jazzy/opt/gz_physics_vendor:/opt/ros/jazzy/opt/sdformat_vendor:/opt/ros/jazzy/opt/gz_gui_vendor:/opt/ros/jazzy/opt/gz_transport_vendor:/opt/ros/jazzy/opt/gz_rendering_vendor:/opt/ros/jazzy/opt/gz_plugin_vendor:/opt/ros/jazzy/opt/gz_fuel_tools_vendor:/opt/ros/jazzy/opt/gz_msgs_vendor:/opt/ros/jazzy/opt/gz_common_vendor:/opt/ros/jazzy/opt/gz_math_vendor:/opt/ros/jazzy/opt/gz_utils_vendor:/opt/ros/jazzy/opt/gz_tools_vendor:/opt/ros/jazzy/opt/gz_ogre_next_vendor:/opt/ros/jazzy/opt/gz_dartsim_vendor:/opt/ros/jazzy/opt/gz_cmake_vendor:/home/namtruong/uuv_sim_home/install/uuv_simu:/opt/ros/jazzy DEBUGINFOD_URLS=https://debuginfod.ubuntu.com LD_LIBRARY_PATH=/home/namtruong/uuv_sim_home/install/dave_interfaces/lib:/home/namtruong/uuv_sim_home/install/dave_ros_gz_plugins/lib:/home/namtruong/uuv_sim_home/install/dave_gz_world_plugins/lib:/opt/ros/jazzy/opt/gz_sim_vendor/lib:/opt/ros/jazzy/opt/gz_sensors_vendor/lib:/opt/ros/jazzy/opt/gz_physics_vendor/lib:/opt/ros/jazzy/opt/sdformat_vendor/lib:/opt/ros/jazzy/opt/rviz_ogre_vendor/lib:/opt/ros/jazzy/lib/x86_64-linux-gnu:/opt/ros/jazzy/opt/gz_gui_vendor/lib:/opt/ros/jazzy/opt/gz_transport_vendor/lib:/opt/ros/jazzy/opt/gz_rendering_vendor/lib:/opt/ros/jazzy/opt/gz_plugin_vendor/lib:/opt/ros/jazzy/opt/gz_fuel_tools_vendor/lib:/opt/ros/jazzy/opt/gz_msgs_vendor/lib:/opt/ros/jazzy/opt/gz_common_vendor/lib:/opt/ros/jazzy/opt/gz_math_vendor/lib:/opt/ros/jazzy/opt/gz_utils_vendor/lib:/opt/ros/jazzy/opt/gz_tools_vendor/lib:/opt/ros/jazzy/opt/gz_ogre_next_vendor/lib:/opt/ros/jazzy/opt/gz_dartsim_vendor/lib:/opt/ros/jazzy/opt/gz_cmake_vendor/lib:/opt/ros/jazzy/lib PYTHONPATH=/home/namtruong/uuv_sim_home/install/dave_interfaces/lib/python3.12/site-packages:/home/namtruong/uuv_sim_home/build/uuv_simu:/home/namtruong/uuv_sim_home/install/uuv_simu/lib/python3.12/site-packages:/opt/ros/jazzy/lib/python3.12/site-packages /usr/bin/cmake --install /home/namtruong/uuv_sim_home/build/dave_gz_world_plugins
[0.786s] Level 1:colcon.colcon_core.environment:create_environment_scripts_only(multibeam_sonar)
[0.787s] Level 1:colcon.colcon_core.environment:checking '/home/namtruong/uuv_sim_home/install/multibeam_sonar' for CMake module files
[0.787s] DEBUG:colcon.colcon_core.event_handler.log_command:Invoked command in '/home/namtruong/uuv_sim_home/build/multibeam_sonar' returned '0': CMAKE_PREFIX_PATH=/home/namtruong/uuv_sim_home/install/dave_interfaces:/home/namtruong/uuv_sim_home/install/multibeam_sonar_system:/home/namtruong/uuv_sim_home/install/multibeam_sonar:/home/namtruong/uuv_sim_home/install/dave_worlds:/home/namtruong/uuv_sim_home/install/dave_gz_model_plugins:/home/namtruong/uuv_sim_home/install/dave_ros_gz_plugins:/home/namtruong/uuv_sim_home/install/dave_robot_models:/home/namtruong/uuv_sim_home/install/dave_object_models:/home/namtruong/uuv_sim_home/install/dave_multibeam_sonar_demo:/home/namtruong/uuv_sim_home/install/dave_gz_world_plugins:/home/namtruong/uuv_sim_home/install/dave_gz_sensor_plugins:/opt/ros/jazzy/opt/gz_sim_vendor:/opt/ros/jazzy/opt/gz_sensors_vendor:/opt/ros/jazzy/opt/gz_physics_vendor:/opt/ros/jazzy/opt/sdformat_vendor:/opt/ros/jazzy/opt/gz_gui_vendor:/opt/ros/jazzy/opt/gz_transport_vendor:/opt/ros/jazzy/opt/gz_rendering_vendor:/opt/ros/jazzy/opt/gz_plugin_vendor:/opt/ros/jazzy/opt/gz_fuel_tools_vendor:/opt/ros/jazzy/opt/gz_msgs_vendor:/opt/ros/jazzy/opt/gz_common_vendor:/opt/ros/jazzy/opt/gz_math_vendor:/opt/ros/jazzy/opt/gz_utils_vendor:/opt/ros/jazzy/opt/gz_tools_vendor:/opt/ros/jazzy/opt/gz_ogre_next_vendor:/opt/ros/jazzy/opt/gz_dartsim_vendor:/opt/ros/jazzy/opt/gz_cmake_vendor:/home/namtruong/uuv_sim_home/install/uuv_simu:/opt/ros/jazzy DEBUGINFOD_URLS=https://debuginfod.ubuntu.com LD_LIBRARY_PATH=/home/namtruong/uuv_sim_home/install/dave_interfaces/lib:/home/namtruong/uuv_sim_home/install/dave_ros_gz_plugins/lib:/home/namtruong/uuv_sim_home/install/dave_gz_world_plugins/lib:/opt/ros/jazzy/opt/gz_sim_vendor/lib:/opt/ros/jazzy/opt/gz_sensors_vendor/lib:/opt/ros/jazzy/opt/gz_physics_vendor/lib:/opt/ros/jazzy/opt/sdformat_vendor/lib:/opt/ros/jazzy/opt/rviz_ogre_vendor/lib:/opt/ros/jazzy/lib/x86_64-linux-gnu:/opt/ros/jazzy/opt/gz_gui_vendor/lib:/opt/ros/jazzy/opt/gz_transport_vendor/lib:/opt/ros/jazzy/opt/gz_rendering_vendor/lib:/opt/ros/jazzy/opt/gz_plugin_vendor/lib:/opt/ros/jazzy/opt/gz_fuel_tools_vendor/lib:/opt/ros/jazzy/opt/gz_msgs_vendor/lib:/opt/ros/jazzy/opt/gz_common_vendor/lib:/opt/ros/jazzy/opt/gz_math_vendor/lib:/opt/ros/jazzy/opt/gz_utils_vendor/lib:/opt/ros/jazzy/opt/gz_tools_vendor/lib:/opt/ros/jazzy/opt/gz_ogre_next_vendor/lib:/opt/ros/jazzy/opt/gz_dartsim_vendor/lib:/opt/ros/jazzy/opt/gz_cmake_vendor/lib:/opt/ros/jazzy/lib PYTHONPATH=/home/namtruong/uuv_sim_home/install/dave_interfaces/lib/python3.12/site-packages:/home/namtruong/uuv_sim_home/build/uuv_simu:/home/namtruong/uuv_sim_home/install/uuv_simu/lib/python3.12/site-packages:/opt/ros/jazzy/lib/python3.12/site-packages /usr/bin/cmake --install /home/namtruong/uuv_sim_home/build/multibeam_sonar
[0.787s] Level 1:colcon.colcon_core.environment:checking '/home/namtruong/uuv_sim_home/install/multibeam_sonar' for CMake config files
[0.787s] Level 1:colcon.colcon_core.shell:create_environment_hook('multibeam_sonar', 'cmake_prefix_path')
[0.787s] INFO:colcon.colcon_core.shell:Creating environment hook '/home/namtruong/uuv_sim_home/install/multibeam_sonar/share/multibeam_sonar/hook/cmake_prefix_path.ps1'
[0.788s] INFO:colcon.colcon_core.shell:Creating environment descriptor '/home/namtruong/uuv_sim_home/install/multibeam_sonar/share/multibeam_sonar/hook/cmake_prefix_path.dsv'
[0.788s] INFO:colcon.colcon_core.shell:Creating environment hook '/home/namtruong/uuv_sim_home/install/multibeam_sonar/share/multibeam_sonar/hook/cmake_prefix_path.sh'
[0.788s] Level 1:colcon.colcon_core.environment:checking '/home/namtruong/uuv_sim_home/install/multibeam_sonar/lib'
[0.789s] Level 1:colcon.colcon_core.environment:checking '/home/namtruong/uuv_sim_home/install/multibeam_sonar/bin'
[0.789s] Level 1:colcon.colcon_core.environment:checking '/home/namtruong/uuv_sim_home/install/multibeam_sonar/lib/pkgconfig/multibeam_sonar.pc'
[0.789s] Level 1:colcon.colcon_core.environment:checking '/home/namtruong/uuv_sim_home/install/multibeam_sonar/lib/python3.12/site-packages'
[0.789s] Level 1:colcon.colcon_core.environment:checking '/home/namtruong/uuv_sim_home/install/multibeam_sonar/bin'
[0.789s] INFO:colcon.colcon_core.shell:Creating package script '/home/namtruong/uuv_sim_home/install/multibeam_sonar/share/multibeam_sonar/package.ps1'
[0.789s] INFO:colcon.colcon_core.shell:Creating package descriptor '/home/namtruong/uuv_sim_home/install/multibeam_sonar/share/multibeam_sonar/package.dsv'
[0.790s] INFO:colcon.colcon_core.shell:Creating package script '/home/namtruong/uuv_sim_home/install/multibeam_sonar/share/multibeam_sonar/package.sh'
[0.790s] INFO:colcon.colcon_core.shell:Creating package script '/home/namtruong/uuv_sim_home/install/multibeam_sonar/share/multibeam_sonar/package.bash'
[0.790s] INFO:colcon.colcon_core.shell:Creating package script '/home/namtruong/uuv_sim_home/install/multibeam_sonar/share/multibeam_sonar/package.zsh'
[0.790s] Level 1:colcon.colcon_core.environment:create_file_with_runtime_dependencies(/home/namtruong/uuv_sim_home/install/multibeam_sonar/share/colcon-core/packages/multibeam_sonar)
[0.791s] Level 1:colcon.colcon_core.environment:create_environment_scripts_only(multibeam_sonar)
[0.791s] Level 1:colcon.colcon_core.environment:checking '/home/namtruong/uuv_sim_home/install/multibeam_sonar' for CMake module files
[0.791s] Level 1:colcon.colcon_core.environment:checking '/home/namtruong/uuv_sim_home/install/multibeam_sonar' for CMake config files
[0.791s] Level 1:colcon.colcon_core.shell:create_environment_hook('multibeam_sonar', 'cmake_prefix_path')
[0.792s] INFO:colcon.colcon_core.shell:Creating environment hook '/home/namtruong/uuv_sim_home/install/multibeam_sonar/share/multibeam_sonar/hook/cmake_prefix_path.ps1'
[0.792s] INFO:colcon.colcon_core.shell:Creating environment descriptor '/home/namtruong/uuv_sim_home/install/multibeam_sonar/share/multibeam_sonar/hook/cmake_prefix_path.dsv'
[0.792s] INFO:colcon.colcon_core.shell:Creating environment hook '/home/namtruong/uuv_sim_home/install/multibeam_sonar/share/multibeam_sonar/hook/cmake_prefix_path.sh'
[0.792s] Level 1:colcon.colcon_core.environment:checking '/home/namtruong/uuv_sim_home/install/multibeam_sonar/lib'
[0.792s] Level 1:colcon.colcon_core.environment:checking '/home/namtruong/uuv_sim_home/install/multibeam_sonar/bin'
[0.792s] Level 1:colcon.colcon_core.environment:checking '/home/namtruong/uuv_sim_home/install/multibeam_sonar/lib/pkgconfig/multibeam_sonar.pc'
[0.793s] Level 1:colcon.colcon_core.environment:checking '/home/namtruong/uuv_sim_home/install/multibeam_sonar/lib/python3.12/site-packages'
[0.793s] Level 1:colcon.colcon_core.environment:checking '/home/namtruong/uuv_sim_home/install/multibeam_sonar/bin'
[0.793s] INFO:colcon.colcon_core.shell:Creating package script '/home/namtruong/uuv_sim_home/install/multibeam_sonar/share/multibeam_sonar/package.ps1'
[0.793s] INFO:colcon.colcon_core.shell:Creating package descriptor '/home/namtruong/uuv_sim_home/install/multibeam_sonar/share/multibeam_sonar/package.dsv'
[0.794s] INFO:colcon.colcon_core.shell:Creating package script '/home/namtruong/uuv_sim_home/install/multibeam_sonar/share/multibeam_sonar/package.sh'
[0.794s] INFO:colcon.colcon_core.shell:Creating package script '/home/namtruong/uuv_sim_home/install/multibeam_sonar/share/multibeam_sonar/package.bash'
[0.794s] INFO:colcon.colcon_core.shell:Creating package script '/home/namtruong/uuv_sim_home/install/multibeam_sonar/share/multibeam_sonar/package.zsh'
[0.794s] Level 1:colcon.colcon_core.environment:create_file_with_runtime_dependencies(/home/namtruong/uuv_sim_home/install/multibeam_sonar/share/colcon-core/packages/multibeam_sonar)
[0.795s] Level 1:colcon.colcon_core.environment:create_environment_scripts_only(dave_gz_sensor_plugins)
[0.795s] Level 1:colcon.colcon_core.environment:checking '/home/namtruong/uuv_sim_home/install/dave_gz_sensor_plugins' for CMake module files
[0.796s] DEBUG:colcon.colcon_core.event_handler.log_command:Invoked command in '/home/namtruong/uuv_sim_home/build/dave_gz_sensor_plugins' returned '0': CMAKE_PREFIX_PATH=/home/namtruong/uuv_sim_home/install/dave_interfaces:/home/namtruong/uuv_sim_home/install/multibeam_sonar_system:/home/namtruong/uuv_sim_home/install/multibeam_sonar:/home/namtruong/uuv_sim_home/install/dave_worlds:/home/namtruong/uuv_sim_home/install/dave_gz_model_plugins:/home/namtruong/uuv_sim_home/install/dave_ros_gz_plugins:/home/namtruong/uuv_sim_home/install/dave_robot_models:/home/namtruong/uuv_sim_home/install/dave_object_models:/home/namtruong/uuv_sim_home/install/dave_multibeam_sonar_demo:/home/namtruong/uuv_sim_home/install/dave_gz_world_plugins:/home/namtruong/uuv_sim_home/install/dave_gz_sensor_plugins:/opt/ros/jazzy/opt/gz_sim_vendor:/opt/ros/jazzy/opt/gz_sensors_vendor:/opt/ros/jazzy/opt/gz_physics_vendor:/opt/ros/jazzy/opt/sdformat_vendor:/opt/ros/jazzy/opt/gz_gui_vendor:/opt/ros/jazzy/opt/gz_transport_vendor:/opt/ros/jazzy/opt/gz_rendering_vendor:/opt/ros/jazzy/opt/gz_plugin_vendor:/opt/ros/jazzy/opt/gz_fuel_tools_vendor:/opt/ros/jazzy/opt/gz_msgs_vendor:/opt/ros/jazzy/opt/gz_common_vendor:/opt/ros/jazzy/opt/gz_math_vendor:/opt/ros/jazzy/opt/gz_utils_vendor:/opt/ros/jazzy/opt/gz_tools_vendor:/opt/ros/jazzy/opt/gz_ogre_next_vendor:/opt/ros/jazzy/opt/gz_dartsim_vendor:/opt/ros/jazzy/opt/gz_cmake_vendor:/home/namtruong/uuv_sim_home/install/uuv_simu:/opt/ros/jazzy DEBUGINFOD_URLS=https://debuginfod.ubuntu.com LD_LIBRARY_PATH=/home/namtruong/uuv_sim_home/install/dave_interfaces/lib:/home/namtruong/uuv_sim_home/install/dave_ros_gz_plugins/lib:/home/namtruong/uuv_sim_home/install/dave_gz_world_plugins/lib:/opt/ros/jazzy/opt/gz_sim_vendor/lib:/opt/ros/jazzy/opt/gz_sensors_vendor/lib:/opt/ros/jazzy/opt/gz_physics_vendor/lib:/opt/ros/jazzy/opt/sdformat_vendor/lib:/opt/ros/jazzy/opt/rviz_ogre_vendor/lib:/opt/ros/jazzy/lib/x86_64-linux-gnu:/opt/ros/jazzy/opt/gz_gui_vendor/lib:/opt/ros/jazzy/opt/gz_transport_vendor/lib:/opt/ros/jazzy/opt/gz_rendering_vendor/lib:/opt/ros/jazzy/opt/gz_plugin_vendor/lib:/opt/ros/jazzy/opt/gz_fuel_tools_vendor/lib:/opt/ros/jazzy/opt/gz_msgs_vendor/lib:/opt/ros/jazzy/opt/gz_common_vendor/lib:/opt/ros/jazzy/opt/gz_math_vendor/lib:/opt/ros/jazzy/opt/gz_utils_vendor/lib:/opt/ros/jazzy/opt/gz_tools_vendor/lib:/opt/ros/jazzy/opt/gz_ogre_next_vendor/lib:/opt/ros/jazzy/opt/gz_dartsim_vendor/lib:/opt/ros/jazzy/opt/gz_cmake_vendor/lib:/opt/ros/jazzy/lib PYTHONPATH=/home/namtruong/uuv_sim_home/install/dave_interfaces/lib/python3.12/site-packages:/home/namtruong/uuv_sim_home/build/uuv_simu:/home/namtruong/uuv_sim_home/install/uuv_simu/lib/python3.12/site-packages:/opt/ros/jazzy/lib/python3.12/site-packages /usr/bin/cmake --install /home/namtruong/uuv_sim_home/build/dave_gz_sensor_plugins
[0.796s] Level 1:colcon.colcon_core.environment:checking '/home/namtruong/uuv_sim_home/install/dave_gz_sensor_plugins' for CMake config files
[0.798s] Level 1:colcon.colcon_core.shell:create_environment_hook('dave_gz_sensor_plugins', 'cmake_prefix_path')
[0.799s] INFO:colcon.colcon_core.shell:Creating environment hook '/home/namtruong/uuv_sim_home/install/dave_gz_sensor_plugins/share/dave_gz_sensor_plugins/hook/cmake_prefix_path.ps1'
[0.799s] INFO:colcon.colcon_core.shell:Creating environment descriptor '/home/namtruong/uuv_sim_home/install/dave_gz_sensor_plugins/share/dave_gz_sensor_plugins/hook/cmake_prefix_path.dsv'
[0.799s] INFO:colcon.colcon_core.shell:Creating environment hook '/home/namtruong/uuv_sim_home/install/dave_gz_sensor_plugins/share/dave_gz_sensor_plugins/hook/cmake_prefix_path.sh'
[0.799s] Level 1:colcon.colcon_core.environment:checking '/home/namtruong/uuv_sim_home/install/dave_gz_sensor_plugins/lib'
[0.799s] Level 1:colcon.colcon_core.environment:checking '/home/namtruong/uuv_sim_home/install/dave_gz_sensor_plugins/bin'
[0.800s] Level 1:colcon.colcon_core.environment:checking '/home/namtruong/uuv_sim_home/install/dave_gz_sensor_plugins/lib/pkgconfig/dave_gz_sensor_plugins.pc'
[0.800s] Level 1:colcon.colcon_core.environment:checking '/home/namtruong/uuv_sim_home/install/dave_gz_sensor_plugins/lib/python3.12/site-packages'
[0.800s] Level 1:colcon.colcon_core.environment:checking '/home/namtruong/uuv_sim_home/install/dave_gz_sensor_plugins/bin'
[0.800s] INFO:colcon.colcon_core.shell:Creating package script '/home/namtruong/uuv_sim_home/install/dave_gz_sensor_plugins/share/dave_gz_sensor_plugins/package.ps1'
[0.800s] INFO:colcon.colcon_core.shell:Creating package descriptor '/home/namtruong/uuv_sim_home/install/dave_gz_sensor_plugins/share/dave_gz_sensor_plugins/package.dsv'
[0.801s] INFO:colcon.colcon_core.shell:Creating package script '/home/namtruong/uuv_sim_home/install/dave_gz_sensor_plugins/share/dave_gz_sensor_plugins/package.sh'
[0.801s] INFO:colcon.colcon_core.shell:Creating package script '/home/namtruong/uuv_sim_home/install/dave_gz_sensor_plugins/share/dave_gz_sensor_plugins/package.bash'
[0.801s] INFO:colcon.colcon_core.shell:Creating package script '/home/namtruong/uuv_sim_home/install/dave_gz_sensor_plugins/share/dave_gz_sensor_plugins/package.zsh'
[0.801s] Level 1:colcon.colcon_core.environment:create_file_with_runtime_dependencies(/home/namtruong/uuv_sim_home/install/dave_gz_sensor_plugins/share/colcon-core/packages/dave_gz_sensor_plugins)
[0.802s] Level 1:colcon.colcon_core.environment:create_environment_scripts_only(dave_gz_sensor_plugins)
[0.802s] Level 1:colcon.colcon_core.environment:checking '/home/namtruong/uuv_sim_home/install/dave_gz_sensor_plugins' for CMake module files
[0.802s] Level 1:colcon.colcon_core.environment:checking '/home/namtruong/uuv_sim_home/install/dave_gz_sensor_plugins' for CMake config files
[0.802s] Level 1:colcon.colcon_core.shell:create_environment_hook('dave_gz_sensor_plugins', 'cmake_prefix_path')
[0.803s] INFO:colcon.colcon_core.shell:Creating environment hook '/home/namtruong/uuv_sim_home/install/dave_gz_sensor_plugins/share/dave_gz_sensor_plugins/hook/cmake_prefix_path.ps1'
[0.803s] INFO:colcon.colcon_core.shell:Creating environment descriptor '/home/namtruong/uuv_sim_home/install/dave_gz_sensor_plugins/share/dave_gz_sensor_plugins/hook/cmake_prefix_path.dsv'
[0.803s] INFO:colcon.colcon_core.shell:Creating environment hook '/home/namtruong/uuv_sim_home/install/dave_gz_sensor_plugins/share/dave_gz_sensor_plugins/hook/cmake_prefix_path.sh'
[0.803s] Level 1:colcon.colcon_core.environment:checking '/home/namtruong/uuv_sim_home/install/dave_gz_sensor_plugins/lib'
[0.803s] Level 1:colcon.colcon_core.environment:checking '/home/namtruong/uuv_sim_home/install/dave_gz_sensor_plugins/bin'
[0.804s] Level 1:colcon.colcon_core.environment:checking '/home/namtruong/uuv_sim_home/install/dave_gz_sensor_plugins/lib/pkgconfig/dave_gz_sensor_plugins.pc'
[0.804s] Level 1:colcon.colcon_core.environment:checking '/home/namtruong/uuv_sim_home/install/dave_gz_sensor_plugins/lib/python3.12/site-packages'
[0.804s] Level 1:colcon.colcon_core.environment:checking '/home/namtruong/uuv_sim_home/install/dave_gz_sensor_plugins/bin'
[0.804s] INFO:colcon.colcon_core.shell:Creating package script '/home/namtruong/uuv_sim_home/install/dave_gz_sensor_plugins/share/dave_gz_sensor_plugins/package.ps1'
[0.804s] INFO:colcon.colcon_core.shell:Creating package descriptor '/home/namtruong/uuv_sim_home/install/dave_gz_sensor_plugins/share/dave_gz_sensor_plugins/package.dsv'
[0.805s] INFO:colcon.colcon_core.shell:Creating package script '/home/namtruong/uuv_sim_home/install/dave_gz_sensor_plugins/share/dave_gz_sensor_plugins/package.sh'
[0.805s] INFO:colcon.colcon_core.shell:Creating package script '/home/namtruong/uuv_sim_home/install/dave_gz_sensor_plugins/share/dave_gz_sensor_plugins/package.bash'
[0.805s] INFO:colcon.colcon_core.shell:Creating package script '/home/namtruong/uuv_sim_home/install/dave_gz_sensor_plugins/share/dave_gz_sensor_plugins/package.zsh'
[0.806s] Level 1:colcon.colcon_core.environment:create_file_with_runtime_dependencies(/home/namtruong/uuv_sim_home/install/dave_gz_sensor_plugins/share/colcon-core/packages/dave_gz_sensor_plugins)
[0.811s] Level 1:colcon.colcon_core.environment:create_environment_scripts_only(dave_gz_world_plugins)
[0.812s] Level 1:colcon.colcon_core.environment:checking '/home/namtruong/uuv_sim_home/install/dave_gz_world_plugins' for CMake module files
[0.812s] DEBUG:colcon.colcon_core.event_handler.log_command:Invoked command in '/home/namtruong/uuv_sim_home/build/dave_gz_world_plugins' returned '0': CMAKE_PREFIX_PATH=/home/namtruong/uuv_sim_home/install/dave_interfaces:/home/namtruong/uuv_sim_home/install/multibeam_sonar_system:/home/namtruong/uuv_sim_home/install/multibeam_sonar:/home/namtruong/uuv_sim_home/install/dave_worlds:/home/namtruong/uuv_sim_home/install/dave_gz_model_plugins:/home/namtruong/uuv_sim_home/install/dave_ros_gz_plugins:/home/namtruong/uuv_sim_home/install/dave_robot_models:/home/namtruong/uuv_sim_home/install/dave_object_models:/home/namtruong/uuv_sim_home/install/dave_multibeam_sonar_demo:/home/namtruong/uuv_sim_home/install/dave_gz_world_plugins:/home/namtruong/uuv_sim_home/install/dave_gz_sensor_plugins:/opt/ros/jazzy/opt/gz_sim_vendor:/opt/ros/jazzy/opt/gz_sensors_vendor:/opt/ros/jazzy/opt/gz_physics_vendor:/opt/ros/jazzy/opt/sdformat_vendor:/opt/ros/jazzy/opt/gz_gui_vendor:/opt/ros/jazzy/opt/gz_transport_vendor:/opt/ros/jazzy/opt/gz_rendering_vendor:/opt/ros/jazzy/opt/gz_plugin_vendor:/opt/ros/jazzy/opt/gz_fuel_tools_vendor:/opt/ros/jazzy/opt/gz_msgs_vendor:/opt/ros/jazzy/opt/gz_common_vendor:/opt/ros/jazzy/opt/gz_math_vendor:/opt/ros/jazzy/opt/gz_utils_vendor:/opt/ros/jazzy/opt/gz_tools_vendor:/opt/ros/jazzy/opt/gz_ogre_next_vendor:/opt/ros/jazzy/opt/gz_dartsim_vendor:/opt/ros/jazzy/opt/gz_cmake_vendor:/home/namtruong/uuv_sim_home/install/uuv_simu:/opt/ros/jazzy DEBUGINFOD_URLS=https://debuginfod.ubuntu.com LD_LIBRARY_PATH=/home/namtruong/uuv_sim_home/install/dave_interfaces/lib:/home/namtruong/uuv_sim_home/install/dave_ros_gz_plugins/lib:/home/namtruong/uuv_sim_home/install/dave_gz_world_plugins/lib:/opt/ros/jazzy/opt/gz_sim_vendor/lib:/opt/ros/jazzy/opt/gz_sensors_vendor/lib:/opt/ros/jazzy/opt/gz_physics_vendor/lib:/opt/ros/jazzy/opt/sdformat_vendor/lib:/opt/ros/jazzy/opt/rviz_ogre_vendor/lib:/opt/ros/jazzy/lib/x86_64-linux-gnu:/opt/ros/jazzy/opt/gz_gui_vendor/lib:/opt/ros/jazzy/opt/gz_transport_vendor/lib:/opt/ros/jazzy/opt/gz_rendering_vendor/lib:/opt/ros/jazzy/opt/gz_plugin_vendor/lib:/opt/ros/jazzy/opt/gz_fuel_tools_vendor/lib:/opt/ros/jazzy/opt/gz_msgs_vendor/lib:/opt/ros/jazzy/opt/gz_common_vendor/lib:/opt/ros/jazzy/opt/gz_math_vendor/lib:/opt/ros/jazzy/opt/gz_utils_vendor/lib:/opt/ros/jazzy/opt/gz_tools_vendor/lib:/opt/ros/jazzy/opt/gz_ogre_next_vendor/lib:/opt/ros/jazzy/opt/gz_dartsim_vendor/lib:/opt/ros/jazzy/opt/gz_cmake_vendor/lib:/opt/ros/jazzy/lib PYTHONPATH=/home/namtruong/uuv_sim_home/install/dave_interfaces/lib/python3.12/site-packages:/home/namtruong/uuv_sim_home/build/uuv_simu:/home/namtruong/uuv_sim_home/install/uuv_simu/lib/python3.12/site-packages:/opt/ros/jazzy/lib/python3.12/site-packages /usr/bin/cmake --install /home/namtruong/uuv_sim_home/build/dave_gz_world_plugins
[0.812s] Level 1:colcon.colcon_core.environment:checking '/home/namtruong/uuv_sim_home/install/dave_gz_world_plugins' for CMake config files
[0.813s] Level 1:colcon.colcon_core.shell:create_environment_hook('dave_gz_world_plugins', 'cmake_prefix_path')
[0.813s] INFO:colcon.colcon_core.shell:Creating environment hook '/home/namtruong/uuv_sim_home/install/dave_gz_world_plugins/share/dave_gz_world_plugins/hook/cmake_prefix_path.ps1'
[0.813s] INFO:colcon.colcon_core.shell:Creating environment descriptor '/home/namtruong/uuv_sim_home/install/dave_gz_world_plugins/share/dave_gz_world_plugins/hook/cmake_prefix_path.dsv'
[0.813s] INFO:colcon.colcon_core.shell:Creating environment hook '/home/namtruong/uuv_sim_home/install/dave_gz_world_plugins/share/dave_gz_world_plugins/hook/cmake_prefix_path.sh'
[0.814s] Level 1:colcon.colcon_core.environment:checking '/home/namtruong/uuv_sim_home/install/dave_gz_world_plugins/lib'
[0.814s] Level 1:colcon.colcon_core.shell:create_environment_hook('dave_gz_world_plugins', 'ld_library_path_lib')
[0.814s] INFO:colcon.colcon_core.shell:Creating environment hook '/home/namtruong/uuv_sim_home/install/dave_gz_world_plugins/share/dave_gz_world_plugins/hook/ld_library_path_lib.ps1'
[0.814s] INFO:colcon.colcon_core.shell:Creating environment descriptor '/home/namtruong/uuv_sim_home/install/dave_gz_world_plugins/share/dave_gz_world_plugins/hook/ld_library_path_lib.dsv'
[0.814s] INFO:colcon.colcon_core.shell:Creating environment hook '/home/namtruong/uuv_sim_home/install/dave_gz_world_plugins/share/dave_gz_world_plugins/hook/ld_library_path_lib.sh'
[0.815s] Level 1:colcon.colcon_core.environment:checking '/home/namtruong/uuv_sim_home/install/dave_gz_world_plugins/bin'
[0.815s] Level 1:colcon.colcon_core.environment:checking '/home/namtruong/uuv_sim_home/install/dave_gz_world_plugins/lib/pkgconfig/dave_gz_world_plugins.pc'
[0.815s] Level 1:colcon.colcon_core.environment:checking '/home/namtruong/uuv_sim_home/install/dave_gz_world_plugins/lib/python3.12/site-packages'
[0.815s] Level 1:colcon.colcon_core.environment:checking '/home/namtruong/uuv_sim_home/install/dave_gz_world_plugins/bin'
[0.815s] INFO:colcon.colcon_core.shell:Creating package script '/home/namtruong/uuv_sim_home/install/dave_gz_world_plugins/share/dave_gz_world_plugins/package.ps1'
[0.816s] INFO:colcon.colcon_core.shell:Creating package descriptor '/home/namtruong/uuv_sim_home/install/dave_gz_world_plugins/share/dave_gz_world_plugins/package.dsv'
[0.816s] INFO:colcon.colcon_core.shell:Creating package script '/home/namtruong/uuv_sim_home/install/dave_gz_world_plugins/share/dave_gz_world_plugins/package.sh'
[0.816s] INFO:colcon.colcon_core.shell:Creating package script '/home/namtruong/uuv_sim_home/install/dave_gz_world_plugins/share/dave_gz_world_plugins/package.bash'
[0.817s] INFO:colcon.colcon_core.shell:Creating package script '/home/namtruong/uuv_sim_home/install/dave_gz_world_plugins/share/dave_gz_world_plugins/package.zsh'
[0.817s] Level 1:colcon.colcon_core.environment:create_file_with_runtime_dependencies(/home/namtruong/uuv_sim_home/install/dave_gz_world_plugins/share/colcon-core/packages/dave_gz_world_plugins)
[0.817s] Level 1:colcon.colcon_core.environment:create_environment_scripts_only(dave_gz_world_plugins)
[0.817s] Level 1:colcon.colcon_core.environment:checking '/home/namtruong/uuv_sim_home/install/dave_gz_world_plugins' for CMake module files
[0.818s] Level 1:colcon.colcon_core.environment:checking '/home/namtruong/uuv_sim_home/install/dave_gz_world_plugins' for CMake config files
[0.818s] Level 1:colcon.colcon_core.shell:create_environment_hook('dave_gz_world_plugins', 'cmake_prefix_path')
[0.818s] INFO:colcon.colcon_core.shell:Creating environment hook '/home/namtruong/uuv_sim_home/install/dave_gz_world_plugins/share/dave_gz_world_plugins/hook/cmake_prefix_path.ps1'
[0.818s] INFO:colcon.colcon_core.shell:Creating environment descriptor '/home/namtruong/uuv_sim_home/install/dave_gz_world_plugins/share/dave_gz_world_plugins/hook/cmake_prefix_path.dsv'
[0.819s] INFO:colcon.colcon_core.shell:Creating environment hook '/home/namtruong/uuv_sim_home/install/dave_gz_world_plugins/share/dave_gz_world_plugins/hook/cmake_prefix_path.sh'
[0.819s] Level 1:colcon.colcon_core.environment:checking '/home/namtruong/uuv_sim_home/install/dave_gz_world_plugins/lib'
[0.819s] Level 1:colcon.colcon_core.shell:create_environment_hook('dave_gz_world_plugins', 'ld_library_path_lib')
[0.819s] INFO:colcon.colcon_core.shell:Creating environment hook '/home/namtruong/uuv_sim_home/install/dave_gz_world_plugins/share/dave_gz_world_plugins/hook/ld_library_path_lib.ps1'
[0.819s] INFO:colcon.colcon_core.shell:Creating environment descriptor '/home/namtruong/uuv_sim_home/install/dave_gz_world_plugins/share/dave_gz_world_plugins/hook/ld_library_path_lib.dsv'
[0.820s] INFO:colcon.colcon_core.shell:Creating environment hook '/home/namtruong/uuv_sim_home/install/dave_gz_world_plugins/share/dave_gz_world_plugins/hook/ld_library_path_lib.sh'
[0.820s] Level 1:colcon.colcon_core.environment:checking '/home/namtruong/uuv_sim_home/install/dave_gz_world_plugins/bin'
[0.820s] Level 1:colcon.colcon_core.environment:checking '/home/namtruong/uuv_sim_home/install/dave_gz_world_plugins/lib/pkgconfig/dave_gz_world_plugins.pc'
[0.820s] Level 1:colcon.colcon_core.environment:checking '/home/namtruong/uuv_sim_home/install/dave_gz_world_plugins/lib/python3.12/site-packages'
[0.820s] Level 1:colcon.colcon_core.environment:checking '/home/namtruong/uuv_sim_home/install/dave_gz_world_plugins/bin'
[0.820s] INFO:colcon.colcon_core.shell:Creating package script '/home/namtruong/uuv_sim_home/install/dave_gz_world_plugins/share/dave_gz_world_plugins/package.ps1'
[0.821s] INFO:colcon.colcon_core.shell:Creating package descriptor '/home/namtruong/uuv_sim_home/install/dave_gz_world_plugins/share/dave_gz_world_plugins/package.dsv'
[0.821s] INFO:colcon.colcon_core.shell:Creating package script '/home/namtruong/uuv_sim_home/install/dave_gz_world_plugins/share/dave_gz_world_plugins/package.sh'
[0.821s] INFO:colcon.colcon_core.shell:Creating package script '/home/namtruong/uuv_sim_home/install/dave_gz_world_plugins/share/dave_gz_world_plugins/package.bash'
[0.822s] INFO:colcon.colcon_core.shell:Creating package script '/home/namtruong/uuv_sim_home/install/dave_gz_world_plugins/share/dave_gz_world_plugins/package.zsh'
[0.822s] Level 1:colcon.colcon_core.environment:create_file_with_runtime_dependencies(/home/namtruong/uuv_sim_home/install/dave_gz_world_plugins/share/colcon-core/packages/dave_gz_world_plugins)
[0.822s] INFO:colcon.colcon_ros.task.ament_cmake.build:Building ROS package in '/home/namtruong/uuv_sim_home/src/dave_ros_gz_plugins' with build type 'ament_cmake'
[0.822s] INFO:colcon.colcon_cmake.task.cmake.build:Building CMake package in '/home/namtruong/uuv_sim_home/src/dave_ros_gz_plugins'
[0.822s] INFO:colcon.colcon_core.shell:Skip shell extension 'powershell' for command environment: Not usable outside of PowerShell
[0.822s] DEBUG:colcon.colcon_core.shell:Skip shell extension 'dsv' for command environment
[0.835s] DEBUG:colcon.colcon_core.event_handler.log_command:Invoking command in '/home/namtruong/uuv_sim_home/build/dave_ros_gz_plugins': CMAKE_PREFIX_PATH=/home/namtruong/uuv_sim_home/install/dave_gz_world_plugins:/home/namtruong/uuv_sim_home/install/dave_interfaces:/home/namtruong/uuv_sim_home/install/multibeam_sonar_system:/home/namtruong/uuv_sim_home/install/multibeam_sonar:/home/namtruong/uuv_sim_home/install/dave_worlds:/home/namtruong/uuv_sim_home/install/dave_gz_model_plugins:/home/namtruong/uuv_sim_home/install/dave_ros_gz_plugins:/home/namtruong/uuv_sim_home/install/dave_robot_models:/home/namtruong/uuv_sim_home/install/dave_object_models:/home/namtruong/uuv_sim_home/install/dave_multibeam_sonar_demo:/home/namtruong/uuv_sim_home/install/dave_gz_sensor_plugins:/opt/ros/jazzy/opt/gz_sim_vendor:/opt/ros/jazzy/opt/gz_sensors_vendor:/opt/ros/jazzy/opt/gz_physics_vendor:/opt/ros/jazzy/opt/sdformat_vendor:/opt/ros/jazzy/opt/gz_gui_vendor:/opt/ros/jazzy/opt/gz_transport_vendor:/opt/ros/jazzy/opt/gz_rendering_vendor:/opt/ros/jazzy/opt/gz_plugin_vendor:/opt/ros/jazzy/opt/gz_fuel_tools_vendor:/opt/ros/jazzy/opt/gz_msgs_vendor:/opt/ros/jazzy/opt/gz_common_vendor:/opt/ros/jazzy/opt/gz_math_vendor:/opt/ros/jazzy/opt/gz_utils_vendor:/opt/ros/jazzy/opt/gz_tools_vendor:/opt/ros/jazzy/opt/gz_ogre_next_vendor:/opt/ros/jazzy/opt/gz_dartsim_vendor:/opt/ros/jazzy/opt/gz_cmake_vendor:/home/namtruong/uuv_sim_home/install/uuv_simu:/opt/ros/jazzy DEBUGINFOD_URLS=https://debuginfod.ubuntu.com LD_LIBRARY_PATH=/home/namtruong/uuv_sim_home/install/dave_gz_world_plugins/lib:/home/namtruong/uuv_sim_home/install/dave_interfaces/lib:/home/namtruong/uuv_sim_home/install/dave_ros_gz_plugins/lib:/opt/ros/jazzy/opt/gz_sim_vendor/lib:/opt/ros/jazzy/opt/gz_sensors_vendor/lib:/opt/ros/jazzy/opt/gz_physics_vendor/lib:/opt/ros/jazzy/opt/sdformat_vendor/lib:/opt/ros/jazzy/opt/rviz_ogre_vendor/lib:/opt/ros/jazzy/lib/x86_64-linux-gnu:/opt/ros/jazzy/opt/gz_gui_vendor/lib:/opt/ros/jazzy/opt/gz_transport_vendor/lib:/opt/ros/jazzy/opt/gz_rendering_vendor/lib:/opt/ros/jazzy/opt/gz_plugin_vendor/lib:/opt/ros/jazzy/opt/gz_fuel_tools_vendor/lib:/opt/ros/jazzy/opt/gz_msgs_vendor/lib:/opt/ros/jazzy/opt/gz_common_vendor/lib:/opt/ros/jazzy/opt/gz_math_vendor/lib:/opt/ros/jazzy/opt/gz_utils_vendor/lib:/opt/ros/jazzy/opt/gz_tools_vendor/lib:/opt/ros/jazzy/opt/gz_ogre_next_vendor/lib:/opt/ros/jazzy/opt/gz_dartsim_vendor/lib:/opt/ros/jazzy/opt/gz_cmake_vendor/lib:/opt/ros/jazzy/lib PYTHONPATH=/home/namtruong/uuv_sim_home/install/dave_interfaces/lib/python3.12/site-packages:/home/namtruong/uuv_sim_home/build/uuv_simu:/home/namtruong/uuv_sim_home/install/uuv_simu/lib/python3.12/site-packages:/opt/ros/jazzy/lib/python3.12/site-packages /usr/bin/cmake --build /home/namtruong/uuv_sim_home/build/dave_ros_gz_plugins -- -j16 -l16
[0.910s] DEBUG:colcon.colcon_core.event_handler.log_command:Invoked command in '/home/namtruong/uuv_sim_home/build/dave_ros_gz_plugins' returned '0': CMAKE_PREFIX_PATH=/home/namtruong/uuv_sim_home/install/dave_gz_world_plugins:/home/namtruong/uuv_sim_home/install/dave_interfaces:/home/namtruong/uuv_sim_home/install/multibeam_sonar_system:/home/namtruong/uuv_sim_home/install/multibeam_sonar:/home/namtruong/uuv_sim_home/install/dave_worlds:/home/namtruong/uuv_sim_home/install/dave_gz_model_plugins:/home/namtruong/uuv_sim_home/install/dave_ros_gz_plugins:/home/namtruong/uuv_sim_home/install/dave_robot_models:/home/namtruong/uuv_sim_home/install/dave_object_models:/home/namtruong/uuv_sim_home/install/dave_multibeam_sonar_demo:/home/namtruong/uuv_sim_home/install/dave_gz_sensor_plugins:/opt/ros/jazzy/opt/gz_sim_vendor:/opt/ros/jazzy/opt/gz_sensors_vendor:/opt/ros/jazzy/opt/gz_physics_vendor:/opt/ros/jazzy/opt/sdformat_vendor:/opt/ros/jazzy/opt/gz_gui_vendor:/opt/ros/jazzy/opt/gz_transport_vendor:/opt/ros/jazzy/opt/gz_rendering_vendor:/opt/ros/jazzy/opt/gz_plugin_vendor:/opt/ros/jazzy/opt/gz_fuel_tools_vendor:/opt/ros/jazzy/opt/gz_msgs_vendor:/opt/ros/jazzy/opt/gz_common_vendor:/opt/ros/jazzy/opt/gz_math_vendor:/opt/ros/jazzy/opt/gz_utils_vendor:/opt/ros/jazzy/opt/gz_tools_vendor:/opt/ros/jazzy/opt/gz_ogre_next_vendor:/opt/ros/jazzy/opt/gz_dartsim_vendor:/opt/ros/jazzy/opt/gz_cmake_vendor:/home/namtruong/uuv_sim_home/install/uuv_simu:/opt/ros/jazzy DEBUGINFOD_URLS=https://debuginfod.ubuntu.com LD_LIBRARY_PATH=/home/namtruong/uuv_sim_home/install/dave_gz_world_plugins/lib:/home/namtruong/uuv_sim_home/install/dave_interfaces/lib:/home/namtruong/uuv_sim_home/install/dave_ros_gz_plugins/lib:/opt/ros/jazzy/opt/gz_sim_vendor/lib:/opt/ros/jazzy/opt/gz_sensors_vendor/lib:/opt/ros/jazzy/opt/gz_physics_vendor/lib:/opt/ros/jazzy/opt/sdformat_vendor/lib:/opt/ros/jazzy/opt/rviz_ogre_vendor/lib:/opt/ros/jazzy/lib/x86_64-linux-gnu:/opt/ros/jazzy/opt/gz_gui_vendor/lib:/opt/ros/jazzy/opt/gz_transport_vendor/lib:/opt/ros/jazzy/opt/gz_rendering_vendor/lib:/opt/ros/jazzy/opt/gz_plugin_vendor/lib:/opt/ros/jazzy/opt/gz_fuel_tools_vendor/lib:/opt/ros/jazzy/opt/gz_msgs_vendor/lib:/opt/ros/jazzy/opt/gz_common_vendor/lib:/opt/ros/jazzy/opt/gz_math_vendor/lib:/opt/ros/jazzy/opt/gz_utils_vendor/lib:/opt/ros/jazzy/opt/gz_tools_vendor/lib:/opt/ros/jazzy/opt/gz_ogre_next_vendor/lib:/opt/ros/jazzy/opt/gz_dartsim_vendor/lib:/opt/ros/jazzy/opt/gz_cmake_vendor/lib:/opt/ros/jazzy/lib PYTHONPATH=/home/namtruong/uuv_sim_home/install/dave_interfaces/lib/python3.12/site-packages:/home/namtruong/uuv_sim_home/build/uuv_simu:/home/namtruong/uuv_sim_home/install/uuv_simu/lib/python3.12/site-packages:/opt/ros/jazzy/lib/python3.12/site-packages /usr/bin/cmake --build /home/namtruong/uuv_sim_home/build/dave_ros_gz_plugins -- -j16 -l16
[0.911s] DEBUG:colcon.colcon_core.event_handler.log_command:Invoking command in '/home/namtruong/uuv_sim_home/build/dave_ros_gz_plugins': CMAKE_PREFIX_PATH=/home/namtruong/uuv_sim_home/install/dave_gz_world_plugins:/home/namtruong/uuv_sim_home/install/dave_interfaces:/home/namtruong/uuv_sim_home/install/multibeam_sonar_system:/home/namtruong/uuv_sim_home/install/multibeam_sonar:/home/namtruong/uuv_sim_home/install/dave_worlds:/home/namtruong/uuv_sim_home/install/dave_gz_model_plugins:/home/namtruong/uuv_sim_home/install/dave_ros_gz_plugins:/home/namtruong/uuv_sim_home/install/dave_robot_models:/home/namtruong/uuv_sim_home/install/dave_object_models:/home/namtruong/uuv_sim_home/install/dave_multibeam_sonar_demo:/home/namtruong/uuv_sim_home/install/dave_gz_sensor_plugins:/opt/ros/jazzy/opt/gz_sim_vendor:/opt/ros/jazzy/opt/gz_sensors_vendor:/opt/ros/jazzy/opt/gz_physics_vendor:/opt/ros/jazzy/opt/sdformat_vendor:/opt/ros/jazzy/opt/gz_gui_vendor:/opt/ros/jazzy/opt/gz_transport_vendor:/opt/ros/jazzy/opt/gz_rendering_vendor:/opt/ros/jazzy/opt/gz_plugin_vendor:/opt/ros/jazzy/opt/gz_fuel_tools_vendor:/opt/ros/jazzy/opt/gz_msgs_vendor:/opt/ros/jazzy/opt/gz_common_vendor:/opt/ros/jazzy/opt/gz_math_vendor:/opt/ros/jazzy/opt/gz_utils_vendor:/opt/ros/jazzy/opt/gz_tools_vendor:/opt/ros/jazzy/opt/gz_ogre_next_vendor:/opt/ros/jazzy/opt/gz_dartsim_vendor:/opt/ros/jazzy/opt/gz_cmake_vendor:/home/namtruong/uuv_sim_home/install/uuv_simu:/opt/ros/jazzy DEBUGINFOD_URLS=https://debuginfod.ubuntu.com LD_LIBRARY_PATH=/home/namtruong/uuv_sim_home/install/dave_gz_world_plugins/lib:/home/namtruong/uuv_sim_home/install/dave_interfaces/lib:/home/namtruong/uuv_sim_home/install/dave_ros_gz_plugins/lib:/opt/ros/jazzy/opt/gz_sim_vendor/lib:/opt/ros/jazzy/opt/gz_sensors_vendor/lib:/opt/ros/jazzy/opt/gz_physics_vendor/lib:/opt/ros/jazzy/opt/sdformat_vendor/lib:/opt/ros/jazzy/opt/rviz_ogre_vendor/lib:/opt/ros/jazzy/lib/x86_64-linux-gnu:/opt/ros/jazzy/opt/gz_gui_vendor/lib:/opt/ros/jazzy/opt/gz_transport_vendor/lib:/opt/ros/jazzy/opt/gz_rendering_vendor/lib:/opt/ros/jazzy/opt/gz_plugin_vendor/lib:/opt/ros/jazzy/opt/gz_fuel_tools_vendor/lib:/opt/ros/jazzy/opt/gz_msgs_vendor/lib:/opt/ros/jazzy/opt/gz_common_vendor/lib:/opt/ros/jazzy/opt/gz_math_vendor/lib:/opt/ros/jazzy/opt/gz_utils_vendor/lib:/opt/ros/jazzy/opt/gz_tools_vendor/lib:/opt/ros/jazzy/opt/gz_ogre_next_vendor/lib:/opt/ros/jazzy/opt/gz_dartsim_vendor/lib:/opt/ros/jazzy/opt/gz_cmake_vendor/lib:/opt/ros/jazzy/lib PYTHONPATH=/home/namtruong/uuv_sim_home/install/dave_interfaces/lib/python3.12/site-packages:/home/namtruong/uuv_sim_home/build/uuv_simu:/home/namtruong/uuv_sim_home/install/uuv_simu/lib/python3.12/site-packages:/opt/ros/jazzy/lib/python3.12/site-packages /usr/bin/cmake --install /home/namtruong/uuv_sim_home/build/dave_ros_gz_plugins
[0.938s] Level 1:colcon.colcon_core.environment:create_environment_scripts_only(dave_ros_gz_plugins)
[0.938s] DEBUG:colcon.colcon_core.event_handler.log_command:Invoked command in '/home/namtruong/uuv_sim_home/build/dave_ros_gz_plugins' returned '0': CMAKE_PREFIX_PATH=/home/namtruong/uuv_sim_home/install/dave_gz_world_plugins:/home/namtruong/uuv_sim_home/install/dave_interfaces:/home/namtruong/uuv_sim_home/install/multibeam_sonar_system:/home/namtruong/uuv_sim_home/install/multibeam_sonar:/home/namtruong/uuv_sim_home/install/dave_worlds:/home/namtruong/uuv_sim_home/install/dave_gz_model_plugins:/home/namtruong/uuv_sim_home/install/dave_ros_gz_plugins:/home/namtruong/uuv_sim_home/install/dave_robot_models:/home/namtruong/uuv_sim_home/install/dave_object_models:/home/namtruong/uuv_sim_home/install/dave_multibeam_sonar_demo:/home/namtruong/uuv_sim_home/install/dave_gz_sensor_plugins:/opt/ros/jazzy/opt/gz_sim_vendor:/opt/ros/jazzy/opt/gz_sensors_vendor:/opt/ros/jazzy/opt/gz_physics_vendor:/opt/ros/jazzy/opt/sdformat_vendor:/opt/ros/jazzy/opt/gz_gui_vendor:/opt/ros/jazzy/opt/gz_transport_vendor:/opt/ros/jazzy/opt/gz_rendering_vendor:/opt/ros/jazzy/opt/gz_plugin_vendor:/opt/ros/jazzy/opt/gz_fuel_tools_vendor:/opt/ros/jazzy/opt/gz_msgs_vendor:/opt/ros/jazzy/opt/gz_common_vendor:/opt/ros/jazzy/opt/gz_math_vendor:/opt/ros/jazzy/opt/gz_utils_vendor:/opt/ros/jazzy/opt/gz_tools_vendor:/opt/ros/jazzy/opt/gz_ogre_next_vendor:/opt/ros/jazzy/opt/gz_dartsim_vendor:/opt/ros/jazzy/opt/gz_cmake_vendor:/home/namtruong/uuv_sim_home/install/uuv_simu:/opt/ros/jazzy DEBUGINFOD_URLS=https://debuginfod.ubuntu.com LD_LIBRARY_PATH=/home/namtruong/uuv_sim_home/install/dave_gz_world_plugins/lib:/home/namtruong/uuv_sim_home/install/dave_interfaces/lib:/home/namtruong/uuv_sim_home/install/dave_ros_gz_plugins/lib:/opt/ros/jazzy/opt/gz_sim_vendor/lib:/opt/ros/jazzy/opt/gz_sensors_vendor/lib:/opt/ros/jazzy/opt/gz_physics_vendor/lib:/opt/ros/jazzy/opt/sdformat_vendor/lib:/opt/ros/jazzy/opt/rviz_ogre_vendor/lib:/opt/ros/jazzy/lib/x86_64-linux-gnu:/opt/ros/jazzy/opt/gz_gui_vendor/lib:/opt/ros/jazzy/opt/gz_transport_vendor/lib:/opt/ros/jazzy/opt/gz_rendering_vendor/lib:/opt/ros/jazzy/opt/gz_plugin_vendor/lib:/opt/ros/jazzy/opt/gz_fuel_tools_vendor/lib:/opt/ros/jazzy/opt/gz_msgs_vendor/lib:/opt/ros/jazzy/opt/gz_common_vendor/lib:/opt/ros/jazzy/opt/gz_math_vendor/lib:/opt/ros/jazzy/opt/gz_utils_vendor/lib:/opt/ros/jazzy/opt/gz_tools_vendor/lib:/opt/ros/jazzy/opt/gz_ogre_next_vendor/lib:/opt/ros/jazzy/opt/gz_dartsim_vendor/lib:/opt/ros/jazzy/opt/gz_cmake_vendor/lib:/opt/ros/jazzy/lib PYTHONPATH=/home/namtruong/uuv_sim_home/install/dave_interfaces/lib/python3.12/site-packages:/home/namtruong/uuv_sim_home/build/uuv_simu:/home/namtruong/uuv_sim_home/install/uuv_simu/lib/python3.12/site-packages:/opt/ros/jazzy/lib/python3.12/site-packages /usr/bin/cmake --install /home/namtruong/uuv_sim_home/build/dave_ros_gz_plugins
[0.938s] Level 1:colcon.colcon_core.environment:checking '/home/namtruong/uuv_sim_home/install/dave_ros_gz_plugins' for CMake module files
[0.939s] Level 1:colcon.colcon_core.environment:checking '/home/namtruong/uuv_sim_home/install/dave_ros_gz_plugins' for CMake config files
[0.940s] Level 1:colcon.colcon_core.shell:create_environment_hook('dave_ros_gz_plugins', 'cmake_prefix_path')
[0.940s] INFO:colcon.colcon_core.shell:Creating environment hook '/home/namtruong/uuv_sim_home/install/dave_ros_gz_plugins/share/dave_ros_gz_plugins/hook/cmake_prefix_path.ps1'
[0.940s] INFO:colcon.colcon_core.shell:Creating environment descriptor '/home/namtruong/uuv_sim_home/install/dave_ros_gz_plugins/share/dave_ros_gz_plugins/hook/cmake_prefix_path.dsv'
[0.940s] INFO:colcon.colcon_core.shell:Creating environment hook '/home/namtruong/uuv_sim_home/install/dave_ros_gz_plugins/share/dave_ros_gz_plugins/hook/cmake_prefix_path.sh'
[0.941s] Level 1:colcon.colcon_core.environment:checking '/home/namtruong/uuv_sim_home/install/dave_ros_gz_plugins/lib'
[0.941s] Level 1:colcon.colcon_core.shell:create_environment_hook('dave_ros_gz_plugins', 'ld_library_path_lib')
[0.941s] INFO:colcon.colcon_core.shell:Creating environment hook '/home/namtruong/uuv_sim_home/install/dave_ros_gz_plugins/share/dave_ros_gz_plugins/hook/ld_library_path_lib.ps1'
[0.941s] INFO:colcon.colcon_core.shell:Creating environment descriptor '/home/namtruong/uuv_sim_home/install/dave_ros_gz_plugins/share/dave_ros_gz_plugins/hook/ld_library_path_lib.dsv'
[0.942s] INFO:colcon.colcon_core.shell:Creating environment hook '/home/namtruong/uuv_sim_home/install/dave_ros_gz_plugins/share/dave_ros_gz_plugins/hook/ld_library_path_lib.sh'
[0.942s] Level 1:colcon.colcon_core.environment:checking '/home/namtruong/uuv_sim_home/install/dave_ros_gz_plugins/bin'
[0.942s] Level 1:colcon.colcon_core.environment:checking '/home/namtruong/uuv_sim_home/install/dave_ros_gz_plugins/lib/pkgconfig/dave_ros_gz_plugins.pc'
[0.942s] Level 1:colcon.colcon_core.environment:checking '/home/namtruong/uuv_sim_home/install/dave_ros_gz_plugins/lib/python3.12/site-packages'
[0.942s] Level 1:colcon.colcon_core.environment:checking '/home/namtruong/uuv_sim_home/install/dave_ros_gz_plugins/bin'
[0.942s] INFO:colcon.colcon_core.shell:Creating package script '/home/namtruong/uuv_sim_home/install/dave_ros_gz_plugins/share/dave_ros_gz_plugins/package.ps1'
[0.943s] INFO:colcon.colcon_core.shell:Creating package descriptor '/home/namtruong/uuv_sim_home/install/dave_ros_gz_plugins/share/dave_ros_gz_plugins/package.dsv'
[0.943s] INFO:colcon.colcon_core.shell:Creating package script '/home/namtruong/uuv_sim_home/install/dave_ros_gz_plugins/share/dave_ros_gz_plugins/package.sh'
[0.943s] INFO:colcon.colcon_core.shell:Creating package script '/home/namtruong/uuv_sim_home/install/dave_ros_gz_plugins/share/dave_ros_gz_plugins/package.bash'
[0.944s] INFO:colcon.colcon_core.shell:Creating package script '/home/namtruong/uuv_sim_home/install/dave_ros_gz_plugins/share/dave_ros_gz_plugins/package.zsh'
[0.944s] Level 1:colcon.colcon_core.environment:create_file_with_runtime_dependencies(/home/namtruong/uuv_sim_home/install/dave_ros_gz_plugins/share/colcon-core/packages/dave_ros_gz_plugins)
[0.944s] Level 1:colcon.colcon_core.environment:create_environment_scripts_only(dave_ros_gz_plugins)
[0.944s] Level 1:colcon.colcon_core.environment:checking '/home/namtruong/uuv_sim_home/install/dave_ros_gz_plugins' for CMake module files
[0.945s] Level 1:colcon.colcon_core.environment:checking '/home/namtruong/uuv_sim_home/install/dave_ros_gz_plugins' for CMake config files
[0.945s] Level 1:colcon.colcon_core.shell:create_environment_hook('dave_ros_gz_plugins', 'cmake_prefix_path')
[0.945s] INFO:colcon.colcon_core.shell:Creating environment hook '/home/namtruong/uuv_sim_home/install/dave_ros_gz_plugins/share/dave_ros_gz_plugins/hook/cmake_prefix_path.ps1'
[0.946s] INFO:colcon.colcon_core.shell:Creating environment descriptor '/home/namtruong/uuv_sim_home/install/dave_ros_gz_plugins/share/dave_ros_gz_plugins/hook/cmake_prefix_path.dsv'
[0.946s] INFO:colcon.colcon_core.shell:Creating environment hook '/home/namtruong/uuv_sim_home/install/dave_ros_gz_plugins/share/dave_ros_gz_plugins/hook/cmake_prefix_path.sh'
[0.947s] Level 1:colcon.colcon_core.environment:checking '/home/namtruong/uuv_sim_home/install/dave_ros_gz_plugins/lib'
[0.947s] Level 1:colcon.colcon_core.shell:create_environment_hook('dave_ros_gz_plugins', 'ld_library_path_lib')
[0.947s] INFO:colcon.colcon_core.shell:Creating environment hook '/home/namtruong/uuv_sim_home/install/dave_ros_gz_plugins/share/dave_ros_gz_plugins/hook/ld_library_path_lib.ps1'
[0.947s] INFO:colcon.colcon_core.shell:Creating environment descriptor '/home/namtruong/uuv_sim_home/install/dave_ros_gz_plugins/share/dave_ros_gz_plugins/hook/ld_library_path_lib.dsv'
[0.947s] INFO:colcon.colcon_core.shell:Creating environment hook '/home/namtruong/uuv_sim_home/install/dave_ros_gz_plugins/share/dave_ros_gz_plugins/hook/ld_library_path_lib.sh'
[0.947s] Level 1:colcon.colcon_core.environment:checking '/home/namtruong/uuv_sim_home/install/dave_ros_gz_plugins/bin'
[0.947s] Level 1:colcon.colcon_core.environment:checking '/home/namtruong/uuv_sim_home/install/dave_ros_gz_plugins/lib/pkgconfig/dave_ros_gz_plugins.pc'
[0.948s] Level 1:colcon.colcon_core.environment:checking '/home/namtruong/uuv_sim_home/install/dave_ros_gz_plugins/lib/python3.12/site-packages'
[0.948s] Level 1:colcon.colcon_core.environment:checking '/home/namtruong/uuv_sim_home/install/dave_ros_gz_plugins/bin'
[0.948s] INFO:colcon.colcon_core.shell:Creating package script '/home/namtruong/uuv_sim_home/install/dave_ros_gz_plugins/share/dave_ros_gz_plugins/package.ps1'
[0.948s] INFO:colcon.colcon_core.shell:Creating package descriptor '/home/namtruong/uuv_sim_home/install/dave_ros_gz_plugins/share/dave_ros_gz_plugins/package.dsv'
[0.949s] INFO:colcon.colcon_core.shell:Creating package script '/home/namtruong/uuv_sim_home/install/dave_ros_gz_plugins/share/dave_ros_gz_plugins/package.sh'
[0.949s] INFO:colcon.colcon_core.shell:Creating package script '/home/namtruong/uuv_sim_home/install/dave_ros_gz_plugins/share/dave_ros_gz_plugins/package.bash'
[0.949s] INFO:colcon.colcon_core.shell:Creating package script '/home/namtruong/uuv_sim_home/install/dave_ros_gz_plugins/share/dave_ros_gz_plugins/package.zsh'
[0.950s] Level 1:colcon.colcon_core.environment:create_file_with_runtime_dependencies(/home/namtruong/uuv_sim_home/install/dave_ros_gz_plugins/share/colcon-core/packages/dave_ros_gz_plugins)
[0.950s] INFO:colcon.colcon_ros.task.ament_cmake.build:Building ROS package in '/home/namtruong/uuv_sim_home/src/dave_gz_model_plugins' with build type 'ament_cmake'
[0.950s] INFO:colcon.colcon_cmake.task.cmake.build:Building CMake package in '/home/namtruong/uuv_sim_home/src/dave_gz_model_plugins'
[0.950s] INFO:colcon.colcon_core.shell:Skip shell extension 'powershell' for command environment: Not usable outside of PowerShell
[0.950s] DEBUG:colcon.colcon_core.shell:Skip shell extension 'dsv' for command environment
[0.954s] DEBUG:colcon.colcon_core.task.python.build:Available setuptools commands: easy_install, bdist_rpm, egg_info, dist_info, clean, install_scripts, compile_catalog, build_py, saveopts, upload_docs, install_egg_info, editable_wheel, bdist, register, symlink_data, build, build_clib, setopt, alias, upload, install_headers, test, init_catalog, update_catalog, rotate, build_ext, sdist, bdist_dumb, develop, extract_messages, check, bdist_egg, install_data, install_lib, build_scripts, install
[0.955s] DEBUG:colcon.colcon_core.event_handler.log_command:Invoking command in '/home/namtruong/uuv_sim_home/src/uuv_simu': CMAKE_PREFIX_PATH=/home/namtruong/uuv_sim_home/install/dave_robot_models:/home/namtruong/uuv_sim_home/install/multibeam_sonar_system:/home/namtruong/uuv_sim_home/install/multibeam_sonar:/home/namtruong/uuv_sim_home/install/dave_worlds:/home/namtruong/uuv_sim_home/install/dave_gz_model_plugins:/home/namtruong/uuv_sim_home/install/dave_ros_gz_plugins:/home/namtruong/uuv_sim_home/install/dave_object_models:/home/namtruong/uuv_sim_home/install/dave_multibeam_sonar_demo:/home/namtruong/uuv_sim_home/install/dave_gz_world_plugins:/home/namtruong/uuv_sim_home/install/dave_gz_sensor_plugins:/home/namtruong/uuv_sim_home/install/dave_interfaces:/opt/ros/jazzy/opt/gz_sim_vendor:/opt/ros/jazzy/opt/gz_sensors_vendor:/opt/ros/jazzy/opt/gz_physics_vendor:/opt/ros/jazzy/opt/sdformat_vendor:/opt/ros/jazzy/opt/gz_gui_vendor:/opt/ros/jazzy/opt/gz_transport_vendor:/opt/ros/jazzy/opt/gz_rendering_vendor:/opt/ros/jazzy/opt/gz_plugin_vendor:/opt/ros/jazzy/opt/gz_fuel_tools_vendor:/opt/ros/jazzy/opt/gz_msgs_vendor:/opt/ros/jazzy/opt/gz_common_vendor:/opt/ros/jazzy/opt/gz_math_vendor:/opt/ros/jazzy/opt/gz_utils_vendor:/opt/ros/jazzy/opt/gz_tools_vendor:/opt/ros/jazzy/opt/gz_ogre_next_vendor:/opt/ros/jazzy/opt/gz_dartsim_vendor:/opt/ros/jazzy/opt/gz_cmake_vendor DEBUGINFOD_URLS=https://debuginfod.ubuntu.com PYTHONPATH=/home/namtruong/uuv_sim_home/build/uuv_simu/prefix_override:/usr/lib/python3/dist-packages/colcon_core/task/python/colcon_distutils_commands:/home/namtruong/uuv_sim_home/install/uuv_simu/lib/python3.12/site-packages:${PYTHONPATH} /usr/bin/python3 -W ignore:setup.py install is deprecated -W ignore:easy_install command is deprecated setup.py egg_info --egg-base ../../build/uuv_simu build --build-base /home/namtruong/uuv_sim_home/build/uuv_simu/build install --record /home/namtruong/uuv_sim_home/build/uuv_simu/install.log --install-scripts $base/lib/uuv_simu --single-version-externally-managed install_data
[0.964s] DEBUG:colcon.colcon_core.event_handler.log_command:Invoking command in '/home/namtruong/uuv_sim_home/build/dave_gz_model_plugins': CMAKE_PREFIX_PATH=/home/namtruong/uuv_sim_home/install/dave_ros_gz_plugins:/home/namtruong/uuv_sim_home/install/dave_gz_world_plugins:/home/namtruong/uuv_sim_home/install/dave_interfaces:/home/namtruong/uuv_sim_home/install/multibeam_sonar_system:/home/namtruong/uuv_sim_home/install/multibeam_sonar:/home/namtruong/uuv_sim_home/install/dave_worlds:/home/namtruong/uuv_sim_home/install/dave_gz_model_plugins:/home/namtruong/uuv_sim_home/install/dave_robot_models:/home/namtruong/uuv_sim_home/install/dave_object_models:/home/namtruong/uuv_sim_home/install/dave_multibeam_sonar_demo:/home/namtruong/uuv_sim_home/install/dave_gz_sensor_plugins:/opt/ros/jazzy/opt/gz_sim_vendor:/opt/ros/jazzy/opt/gz_sensors_vendor:/opt/ros/jazzy/opt/gz_physics_vendor:/opt/ros/jazzy/opt/sdformat_vendor:/opt/ros/jazzy/opt/gz_gui_vendor:/opt/ros/jazzy/opt/gz_transport_vendor:/opt/ros/jazzy/opt/gz_rendering_vendor:/opt/ros/jazzy/opt/gz_plugin_vendor:/opt/ros/jazzy/opt/gz_fuel_tools_vendor:/opt/ros/jazzy/opt/gz_msgs_vendor:/opt/ros/jazzy/opt/gz_common_vendor:/opt/ros/jazzy/opt/gz_math_vendor:/opt/ros/jazzy/opt/gz_utils_vendor:/opt/ros/jazzy/opt/gz_tools_vendor:/opt/ros/jazzy/opt/gz_ogre_next_vendor:/opt/ros/jazzy/opt/gz_dartsim_vendor:/opt/ros/jazzy/opt/gz_cmake_vendor:/home/namtruong/uuv_sim_home/install/uuv_simu:/opt/ros/jazzy DEBUGINFOD_URLS=https://debuginfod.ubuntu.com PYTHONPATH=/home/namtruong/uuv_sim_home/install/dave_interfaces/lib/python3.12/site-packages:/home/namtruong/uuv_sim_home/build/uuv_simu:/home/namtruong/uuv_sim_home/install/uuv_simu/lib/python3.12/site-packages:/opt/ros/jazzy/lib/python3.12/site-packages /usr/bin/cmake --build /home/namtruong/uuv_sim_home/build/dave_gz_model_plugins -- -j16 -l16
[1.043s] DEBUG:colcon.colcon_core.event_handler.log_command:Invoked command in '/home/namtruong/uuv_sim_home/build/dave_gz_model_plugins' returned '0': CMAKE_PREFIX_PATH=/home/namtruong/uuv_sim_home/install/dave_ros_gz_plugins:/home/namtruong/uuv_sim_home/install/dave_gz_world_plugins:/home/namtruong/uuv_sim_home/install/dave_interfaces:/home/namtruong/uuv_sim_home/install/multibeam_sonar_system:/home/namtruong/uuv_sim_home/install/multibeam_sonar:/home/namtruong/uuv_sim_home/install/dave_worlds:/home/namtruong/uuv_sim_home/install/dave_gz_model_plugins:/home/namtruong/uuv_sim_home/install/dave_robot_models:/home/namtruong/uuv_sim_home/install/dave_object_models:/home/namtruong/uuv_sim_home/install/dave_multibeam_sonar_demo:/home/namtruong/uuv_sim_home/install/dave_gz_sensor_plugins:/opt/ros/jazzy/opt/gz_sim_vendor:/opt/ros/jazzy/opt/gz_sensors_vendor:/opt/ros/jazzy/opt/gz_physics_vendor:/opt/ros/jazzy/opt/sdformat_vendor:/opt/ros/jazzy/opt/gz_gui_vendor:/opt/ros/jazzy/opt/gz_transport_vendor:/opt/ros/jazzy/opt/gz_rendering_vendor:/opt/ros/jazzy/opt/gz_plugin_vendor:/opt/ros/jazzy/opt/gz_fuel_tools_vendor:/opt/ros/jazzy/opt/gz_msgs_vendor:/opt/ros/jazzy/opt/gz_common_vendor:/opt/ros/jazzy/opt/gz_math_vendor:/opt/ros/jazzy/opt/gz_utils_vendor:/opt/ros/jazzy/opt/gz_tools_vendor:/opt/ros/jazzy/opt/gz_ogre_next_vendor:/opt/ros/jazzy/opt/gz_dartsim_vendor:/opt/ros/jazzy/opt/gz_cmake_vendor:/home/namtruong/uuv_sim_home/install/uuv_simu:/opt/ros/jazzy DEBUGINFOD_URLS=https://debuginfod.ubuntu.com PYTHONPATH=/home/namtruong/uuv_sim_home/install/dave_interfaces/lib/python3.12/site-packages:/home/namtruong/uuv_sim_home/build/uuv_simu:/home/namtruong/uuv_sim_home/install/uuv_simu/lib/python3.12/site-packages:/opt/ros/jazzy/lib/python3.12/site-packages /usr/bin/cmake --build /home/namtruong/uuv_sim_home/build/dave_gz_model_plugins -- -j16 -l16
[1.045s] DEBUG:colcon.colcon_core.event_handler.log_command:Invoking command in '/home/namtruong/uuv_sim_home/build/dave_gz_model_plugins': CMAKE_PREFIX_PATH=/home/namtruong/uuv_sim_home/install/dave_ros_gz_plugins:/home/namtruong/uuv_sim_home/install/dave_gz_world_plugins:/home/namtruong/uuv_sim_home/install/dave_interfaces:/home/namtruong/uuv_sim_home/install/multibeam_sonar_system:/home/namtruong/uuv_sim_home/install/multibeam_sonar:/home/namtruong/uuv_sim_home/install/dave_worlds:/home/namtruong/uuv_sim_home/install/dave_gz_model_plugins:/home/namtruong/uuv_sim_home/install/dave_robot_models:/home/namtruong/uuv_sim_home/install/dave_object_models:/home/namtruong/uuv_sim_home/install/dave_multibeam_sonar_demo:/home/namtruong/uuv_sim_home/install/dave_gz_sensor_plugins:/opt/ros/jazzy/opt/gz_sim_vendor:/opt/ros/jazzy/opt/gz_sensors_vendor:/opt/ros/jazzy/opt/gz_physics_vendor:/opt/ros/jazzy/opt/sdformat_vendor:/opt/ros/jazzy/opt/gz_gui_vendor:/opt/ros/jazzy/opt/gz_transport_vendor:/opt/ros/jazzy/opt/gz_rendering_vendor:/opt/ros/jazzy/opt/gz_plugin_vendor:/opt/ros/jazzy/opt/gz_fuel_tools_vendor:/opt/ros/jazzy/opt/gz_msgs_vendor:/opt/ros/jazzy/opt/gz_common_vendor:/opt/ros/jazzy/opt/gz_math_vendor:/opt/ros/jazzy/opt/gz_utils_vendor:/opt/ros/jazzy/opt/gz_tools_vendor:/opt/ros/jazzy/opt/gz_ogre_next_vendor:/opt/ros/jazzy/opt/gz_dartsim_vendor:/opt/ros/jazzy/opt/gz_cmake_vendor:/home/namtruong/uuv_sim_home/install/uuv_simu:/opt/ros/jazzy DEBUGINFOD_URLS=https://debuginfod.ubuntu.com PYTHONPATH=/home/namtruong/uuv_sim_home/install/dave_interfaces/lib/python3.12/site-packages:/home/namtruong/uuv_sim_home/build/uuv_simu:/home/namtruong/uuv_sim_home/install/uuv_simu/lib/python3.12/site-packages:/opt/ros/jazzy/lib/python3.12/site-packages /usr/bin/cmake --install /home/namtruong/uuv_sim_home/build/dave_gz_model_plugins
[1.066s] Level 1:colcon.colcon_core.environment:create_environment_scripts_only(dave_gz_model_plugins)
[1.067s] Level 1:colcon.colcon_core.environment:checking '/home/namtruong/uuv_sim_home/install/dave_gz_model_plugins' for CMake module files
[1.067s] DEBUG:colcon.colcon_core.event_handler.log_command:Invoked command in '/home/namtruong/uuv_sim_home/build/dave_gz_model_plugins' returned '0': CMAKE_PREFIX_PATH=/home/namtruong/uuv_sim_home/install/dave_ros_gz_plugins:/home/namtruong/uuv_sim_home/install/dave_gz_world_plugins:/home/namtruong/uuv_sim_home/install/dave_interfaces:/home/namtruong/uuv_sim_home/install/multibeam_sonar_system:/home/namtruong/uuv_sim_home/install/multibeam_sonar:/home/namtruong/uuv_sim_home/install/dave_worlds:/home/namtruong/uuv_sim_home/install/dave_gz_model_plugins:/home/namtruong/uuv_sim_home/install/dave_robot_models:/home/namtruong/uuv_sim_home/install/dave_object_models:/home/namtruong/uuv_sim_home/install/dave_multibeam_sonar_demo:/home/namtruong/uuv_sim_home/install/dave_gz_sensor_plugins:/opt/ros/jazzy/opt/gz_sim_vendor:/opt/ros/jazzy/opt/gz_sensors_vendor:/opt/ros/jazzy/opt/gz_physics_vendor:/opt/ros/jazzy/opt/sdformat_vendor:/opt/ros/jazzy/opt/gz_gui_vendor:/opt/ros/jazzy/opt/gz_transport_vendor:/opt/ros/jazzy/opt/gz_rendering_vendor:/opt/ros/jazzy/opt/gz_plugin_vendor:/opt/ros/jazzy/opt/gz_fuel_tools_vendor:/opt/ros/jazzy/opt/gz_msgs_vendor:/opt/ros/jazzy/opt/gz_common_vendor:/opt/ros/jazzy/opt/gz_math_vendor:/opt/ros/jazzy/opt/gz_utils_vendor:/opt/ros/jazzy/opt/gz_tools_vendor:/opt/ros/jazzy/opt/gz_ogre_next_vendor:/opt/ros/jazzy/opt/gz_dartsim_vendor:/opt/ros/jazzy/opt/gz_cmake_vendor:/home/namtruong/uuv_sim_home/install/uuv_simu:/opt/ros/jazzy DEBUGINFOD_URLS=https://debuginfod.ubuntu.com PYTHONPATH=/home/namtruong/uuv_sim_home/install/dave_interfaces/lib/python3.12/site-packages:/home/namtruong/uuv_sim_home/build/uuv_simu:/home/namtruong/uuv_sim_home/install/uuv_simu/lib/python3.12/site-packages:/opt/ros/jazzy/lib/python3.12/site-packages /usr/bin/cmake --install /home/namtruong/uuv_sim_home/build/dave_gz_model_plugins
[1.067s] Level 1:colcon.colcon_core.environment:checking '/home/namtruong/uuv_sim_home/install/dave_gz_model_plugins' for CMake config files
[1.068s] Level 1:colcon.colcon_core.shell:create_environment_hook('dave_gz_model_plugins', 'cmake_prefix_path')
[1.068s] INFO:colcon.colcon_core.shell:Creating environment hook '/home/namtruong/uuv_sim_home/install/dave_gz_model_plugins/share/dave_gz_model_plugins/hook/cmake_prefix_path.ps1'
[1.068s] INFO:colcon.colcon_core.shell:Creating environment descriptor '/home/namtruong/uuv_sim_home/install/dave_gz_model_plugins/share/dave_gz_model_plugins/hook/cmake_prefix_path.dsv'
[1.068s] INFO:colcon.colcon_core.shell:Creating environment hook '/home/namtruong/uuv_sim_home/install/dave_gz_model_plugins/share/dave_gz_model_plugins/hook/cmake_prefix_path.sh'
[1.069s] Level 1:colcon.colcon_core.environment:checking '/home/namtruong/uuv_sim_home/install/dave_gz_model_plugins/lib'
[1.069s] Level 1:colcon.colcon_core.environment:checking '/home/namtruong/uuv_sim_home/install/dave_gz_model_plugins/bin'
[1.069s] Level 1:colcon.colcon_core.environment:checking '/home/namtruong/uuv_sim_home/install/dave_gz_model_plugins/lib/pkgconfig/dave_gz_model_plugins.pc'
[1.069s] Level 1:colcon.colcon_core.environment:checking '/home/namtruong/uuv_sim_home/install/dave_gz_model_plugins/lib/python3.12/site-packages'
[1.069s] Level 1:colcon.colcon_core.environment:checking '/home/namtruong/uuv_sim_home/install/dave_gz_model_plugins/bin'
[1.070s] INFO:colcon.colcon_core.shell:Creating package script '/home/namtruong/uuv_sim_home/install/dave_gz_model_plugins/share/dave_gz_model_plugins/package.ps1'
[1.070s] INFO:colcon.colcon_core.shell:Creating package descriptor '/home/namtruong/uuv_sim_home/install/dave_gz_model_plugins/share/dave_gz_model_plugins/package.dsv'
[1.070s] INFO:colcon.colcon_core.shell:Creating package script '/home/namtruong/uuv_sim_home/install/dave_gz_model_plugins/share/dave_gz_model_plugins/package.sh'
[1.070s] INFO:colcon.colcon_core.shell:Creating package script '/home/namtruong/uuv_sim_home/install/dave_gz_model_plugins/share/dave_gz_model_plugins/package.bash'
[1.071s] INFO:colcon.colcon_core.shell:Creating package script '/home/namtruong/uuv_sim_home/install/dave_gz_model_plugins/share/dave_gz_model_plugins/package.zsh'
[1.071s] Level 1:colcon.colcon_core.environment:create_file_with_runtime_dependencies(/home/namtruong/uuv_sim_home/install/dave_gz_model_plugins/share/colcon-core/packages/dave_gz_model_plugins)
[1.071s] Level 1:colcon.colcon_core.environment:create_environment_scripts_only(dave_gz_model_plugins)
[1.071s] Level 1:colcon.colcon_core.environment:checking '/home/namtruong/uuv_sim_home/install/dave_gz_model_plugins' for CMake module files
[1.072s] Level 1:colcon.colcon_core.environment:checking '/home/namtruong/uuv_sim_home/install/dave_gz_model_plugins' for CMake config files
[1.072s] Level 1:colcon.colcon_core.shell:create_environment_hook('dave_gz_model_plugins', 'cmake_prefix_path')
[1.072s] INFO:colcon.colcon_core.shell:Creating environment hook '/home/namtruong/uuv_sim_home/install/dave_gz_model_plugins/share/dave_gz_model_plugins/hook/cmake_prefix_path.ps1'
[1.072s] INFO:colcon.colcon_core.shell:Creating environment descriptor '/home/namtruong/uuv_sim_home/install/dave_gz_model_plugins/share/dave_gz_model_plugins/hook/cmake_prefix_path.dsv'
[1.073s] INFO:colcon.colcon_core.shell:Creating environment hook '/home/namtruong/uuv_sim_home/install/dave_gz_model_plugins/share/dave_gz_model_plugins/hook/cmake_prefix_path.sh'
[1.073s] Level 1:colcon.colcon_core.environment:checking '/home/namtruong/uuv_sim_home/install/dave_gz_model_plugins/lib'
[1.073s] Level 1:colcon.colcon_core.environment:checking '/home/namtruong/uuv_sim_home/install/dave_gz_model_plugins/bin'
[1.073s] Level 1:colcon.colcon_core.environment:checking '/home/namtruong/uuv_sim_home/install/dave_gz_model_plugins/lib/pkgconfig/dave_gz_model_plugins.pc'
[1.073s] Level 1:colcon.colcon_core.environment:checking '/home/namtruong/uuv_sim_home/install/dave_gz_model_plugins/lib/python3.12/site-packages'
[1.074s] Level 1:colcon.colcon_core.environment:checking '/home/namtruong/uuv_sim_home/install/dave_gz_model_plugins/bin'
[1.074s] INFO:colcon.colcon_core.shell:Creating package script '/home/namtruong/uuv_sim_home/install/dave_gz_model_plugins/share/dave_gz_model_plugins/package.ps1'
[1.074s] INFO:colcon.colcon_core.shell:Creating package descriptor '/home/namtruong/uuv_sim_home/install/dave_gz_model_plugins/share/dave_gz_model_plugins/package.dsv'
[1.074s] INFO:colcon.colcon_core.shell:Creating package script '/home/namtruong/uuv_sim_home/install/dave_gz_model_plugins/share/dave_gz_model_plugins/package.sh'
[1.075s] INFO:colcon.colcon_core.shell:Creating package script '/home/namtruong/uuv_sim_home/install/dave_gz_model_plugins/share/dave_gz_model_plugins/package.bash'
[1.075s] INFO:colcon.colcon_core.shell:Creating package script '/home/namtruong/uuv_sim_home/install/dave_gz_model_plugins/share/dave_gz_model_plugins/package.zsh'
[1.075s] Level 1:colcon.colcon_core.environment:create_file_with_runtime_dependencies(/home/namtruong/uuv_sim_home/install/dave_gz_model_plugins/share/colcon-core/packages/dave_gz_model_plugins)
[1.344s] Level 1:colcon.colcon_core.environment:checking '/home/namtruong/uuv_sim_home/install/uuv_simu' for CMake module files
[1.344s] DEBUG:colcon.colcon_core.event_handler.log_command:Invoked command in '/home/namtruong/uuv_sim_home/src/uuv_simu' returned '0': CMAKE_PREFIX_PATH=/home/namtruong/uuv_sim_home/install/dave_robot_models:/home/namtruong/uuv_sim_home/install/multibeam_sonar_system:/home/namtruong/uuv_sim_home/install/multibeam_sonar:/home/namtruong/uuv_sim_home/install/dave_worlds:/home/namtruong/uuv_sim_home/install/dave_gz_model_plugins:/home/namtruong/uuv_sim_home/install/dave_ros_gz_plugins:/home/namtruong/uuv_sim_home/install/dave_object_models:/home/namtruong/uuv_sim_home/install/dave_multibeam_sonar_demo:/home/namtruong/uuv_sim_home/install/dave_gz_world_plugins:/home/namtruong/uuv_sim_home/install/dave_gz_sensor_plugins:/home/namtruong/uuv_sim_home/install/dave_interfaces:/opt/ros/jazzy/opt/gz_sim_vendor:/opt/ros/jazzy/opt/gz_sensors_vendor:/opt/ros/jazzy/opt/gz_physics_vendor:/opt/ros/jazzy/opt/sdformat_vendor:/opt/ros/jazzy/opt/gz_gui_vendor:/opt/ros/jazzy/opt/gz_transport_vendor:/opt/ros/jazzy/opt/gz_rendering_vendor:/opt/ros/jazzy/opt/gz_plugin_vendor:/opt/ros/jazzy/opt/gz_fuel_tools_vendor:/opt/ros/jazzy/opt/gz_msgs_vendor:/opt/ros/jazzy/opt/gz_common_vendor:/opt/ros/jazzy/opt/gz_math_vendor:/opt/ros/jazzy/opt/gz_utils_vendor:/opt/ros/jazzy/opt/gz_tools_vendor:/opt/ros/jazzy/opt/gz_ogre_next_vendor:/opt/ros/jazzy/opt/gz_dartsim_vendor:/opt/ros/jazzy/opt/gz_cmake_vendor DEBUGINFOD_URLS=https://debuginfod.ubuntu.com PYTHONPATH=/home/namtruong/uuv_sim_home/build/uuv_simu/prefix_override:/usr/lib/python3/dist-packages/colcon_core/task/python/colcon_distutils_commands:/home/namtruong/uuv_sim_home/install/uuv_simu/lib/python3.12/site-packages:${PYTHONPATH} /usr/bin/python3 -W ignore:setup.py install is deprecated -W ignore:easy_install command is deprecated setup.py egg_info --egg-base ../../build/uuv_simu build --build-base /home/namtruong/uuv_sim_home/build/uuv_simu/build install --record /home/namtruong/uuv_sim_home/build/uuv_simu/install.log --install-scripts $base/lib/uuv_simu --single-version-externally-managed install_data
[1.344s] Level 1:colcon.colcon_core.environment:checking '/home/namtruong/uuv_sim_home/install/uuv_simu' for CMake config files
[1.345s] Level 1:colcon.colcon_core.environment:checking '/home/namtruong/uuv_sim_home/install/uuv_simu/lib'
[1.345s] Level 1:colcon.colcon_core.environment:checking '/home/namtruong/uuv_sim_home/install/uuv_simu/bin'
[1.345s] Level 1:colcon.colcon_core.environment:checking '/home/namtruong/uuv_sim_home/install/uuv_simu/lib/pkgconfig/uuv_simu.pc'
[1.345s] Level 1:colcon.colcon_core.environment:checking '/home/namtruong/uuv_sim_home/install/uuv_simu/lib/python3.12/site-packages'
[1.345s] Level 1:colcon.colcon_core.shell:create_environment_hook('uuv_simu', 'pythonpath')
[1.345s] INFO:colcon.colcon_core.shell:Creating environment hook '/home/namtruong/uuv_sim_home/install/uuv_simu/share/uuv_simu/hook/pythonpath.ps1'
[1.345s] INFO:colcon.colcon_core.shell:Creating environment descriptor '/home/namtruong/uuv_sim_home/install/uuv_simu/share/uuv_simu/hook/pythonpath.dsv'
[1.346s] INFO:colcon.colcon_core.shell:Creating environment hook '/home/namtruong/uuv_sim_home/install/uuv_simu/share/uuv_simu/hook/pythonpath.sh'
[1.346s] Level 1:colcon.colcon_core.environment:checking '/home/namtruong/uuv_sim_home/install/uuv_simu/bin'
[1.346s] Level 1:colcon.colcon_core.environment:create_environment_scripts_only(uuv_simu)
[1.346s] INFO:colcon.colcon_core.shell:Creating package script '/home/namtruong/uuv_sim_home/install/uuv_simu/share/uuv_simu/package.ps1'
[1.347s] INFO:colcon.colcon_core.shell:Creating package descriptor '/home/namtruong/uuv_sim_home/install/uuv_simu/share/uuv_simu/package.dsv'
[1.347s] INFO:colcon.colcon_core.shell:Creating package script '/home/namtruong/uuv_sim_home/install/uuv_simu/share/uuv_simu/package.sh'
[1.347s] INFO:colcon.colcon_core.shell:Creating package script '/home/namtruong/uuv_sim_home/install/uuv_simu/share/uuv_simu/package.bash'
[1.348s] INFO:colcon.colcon_core.shell:Creating package script '/home/namtruong/uuv_sim_home/install/uuv_simu/share/uuv_simu/package.zsh'
[1.348s] Level 1:colcon.colcon_core.environment:create_file_with_runtime_dependencies(/home/namtruong/uuv_sim_home/install/uuv_simu/share/colcon-core/packages/uuv_simu)
[1.348s] DEBUG:colcon.colcon_parallel_executor.executor.parallel:closing loop
[1.348s] DEBUG:colcon.colcon_parallel_executor.executor.parallel:loop closed
[1.348s] DEBUG:colcon.colcon_parallel_executor.executor.parallel:run_until_complete finished with '0'
[1.348s] DEBUG:colcon.colcon_core.event_reactor:joining thread
[1.353s] INFO:colcon.colcon_core.plugin_system:Skipping extension 'colcon_notification.desktop_notification.terminal_notifier': Not used on non-Darwin systems
[1.353s] INFO:colcon.colcon_core.plugin_system:Skipping extension 'colcon_notification.desktop_notification.win32': Not used on non-Windows systems
[1.353s] INFO:colcon.colcon_notification.desktop_notification:Sending desktop notification using 'notify2'
[1.371s] DEBUG:colcon.colcon_core.event_reactor:joined thread
[1.371s] INFO:colcon.colcon_core.shell:Creating prefix script '/home/namtruong/uuv_sim_home/install/local_setup.ps1'
[1.372s] INFO:colcon.colcon_core.shell:Creating prefix util module '/home/namtruong/uuv_sim_home/install/_local_setup_util_ps1.py'
[1.373s] INFO:colcon.colcon_core.shell:Creating prefix chain script '/home/namtruong/uuv_sim_home/install/setup.ps1'
[1.374s] INFO:colcon.colcon_core.shell:Creating prefix script '/home/namtruong/uuv_sim_home/install/local_setup.sh'
[1.374s] INFO:colcon.colcon_core.shell:Creating prefix util module '/home/namtruong/uuv_sim_home/install/_local_setup_util_sh.py'
[1.374s] INFO:colcon.colcon_core.shell:Creating prefix chain script '/home/namtruong/uuv_sim_home/install/setup.sh'
[1.375s] INFO:colcon.colcon_core.shell:Creating prefix script '/home/namtruong/uuv_sim_home/install/local_setup.bash'
[1.376s] INFO:colcon.colcon_core.shell:Creating prefix chain script '/home/namtruong/uuv_sim_home/install/setup.bash'
[1.377s] INFO:colcon.colcon_core.shell:Creating prefix script '/home/namtruong/uuv_sim_home/install/local_setup.zsh'
[1.377s] INFO:colcon.colcon_core.shell:Creating prefix chain script '/home/namtruong/uuv_sim_home/install/setup.zsh'
