-- The C compiler identification is GNU 13.3.0
-- The CXX compiler identification is GNU 13.3.0
-- Detecting C compiler ABI info
-- Detecting C compiler ABI info - done
-- Check for working C compiler: /usr/bin/cc - skipped
-- Detecting C compile features
-- Detecting C compile features - done
-- Detecting CXX compiler ABI info
-- Detecting CXX compiler ABI info - done
-- Check for working CXX compiler: /usr/bin/c++ - skipped
-- Detecting CXX compile features
-- Detecting CXX compile features - done
-- Found ament_cmake: 2.5.6 (/opt/ros/jazzy/share/ament_cmake/cmake)
-- Found Python3: /usr/bin/python3 (found version "3.12.3") found components: Interpreter 
-- Override CMake install command with custom implementation using symlinks instead of copying resources
-- Found rclcpp: 28.1.21 (/opt/ros/jazzy/share/rclcpp/cmake)
-- Found rosidl_generator_c: 4.6.9 (/opt/ros/jazzy/share/rosidl_generator_c/cmake)
-- Found rosidl_generator_cpp: 4.6.9 (/opt/ros/jazzy/share/rosidl_generator_cpp/cmake)
-- Using all available rosidl_typesupport_c: rosidl_typesupport_fastrtps_c;rosidl_typesupport_introspection_c
-- Using all available rosidl_typesupport_cpp: rosidl_typesupport_fastrtps_cpp;rosidl_typesupport_introspection_cpp
-- Found rmw_implementation_cmake: 7.3.3 (/opt/ros/jazzy/share/rmw_implementation_cmake/cmake)
-- Found rmw_fastrtps_cpp: 8.4.4 (/opt/ros/jazzy/share/rmw_fastrtps_cpp/cmake)
-- Found OpenSSL: /usr/lib/x86_64-linux-gnu/libcrypto.so (found version "3.0.13")  
-- Found FastRTPS: /opt/ros/jazzy/include (Required is at least version "2.13") 
-- Using RMW implementation 'rmw_fastrtps_cpp' as default
-- Found std_msgs: 5.3.8 (/opt/ros/jazzy/share/std_msgs/cmake)
-- Found geometry_msgs: 5.3.8 (/opt/ros/jazzy/share/geometry_msgs/cmake)
-- Found rosidl_default_generators: 1.6.1 (/opt/ros/jazzy/share/rosidl_default_generators/cmake)
-- Found rosidl_adapter: 4.6.9 (/opt/ros/jazzy/share/rosidl_adapter/cmake)
-- Looking for gz-msgs10 -- found version 10.3.2
-- Searching for dependencies of gz-msgs10
-- Found Protobuf: /usr/lib/x86_64-linux-gnu/libprotobuf.so (found version "3.21.12") 
-- Looking for gz-utils2 -- found version 2.2.1
-- Searching for dependencies of gz-utils2
-- Looking for gz-math7 -- found version 7.6.0
-- Searching for dependencies of gz-math7
-- Looking for gz-utils2 -- found version 2.2.1
-- Checking for module 'tinyxml2'
--   Found tinyxml2, version 10.0.0
-- Found ament_cmake_ros: 0.12.1 (/opt/ros/jazzy/share/ament_cmake_ros/cmake)
-- Using all available rosidl_typesupport_c: rosidl_typesupport_fastrtps_c;rosidl_typesupport_introspection_c
-- Using all available rosidl_typesupport_cpp: rosidl_typesupport_fastrtps_cpp;rosidl_typesupport_introspection_cpp
-- Found python_cmake_module: 0.11.1 (/opt/ros/jazzy/share/python_cmake_module/cmake)
-- Found PythonExtra: /usr/bin/python3  
-- Found Python3: /usr/bin/python3 (found version "3.12.3") found components: Interpreter Development NumPy Development.Module Development.Embed 
-- Found Python3: /usr/bin/python3 (found version "3.12.3") found components: Interpreter 
-- Configuring done (3.7s)
-- Generating done (0.1s)
-- Build files have been written to: /home/namtruong/uuv_sim_home/build/dave_interfaces
[  1%] [34m[1mGenerating Rust code for ROS interfaces[0m
[  2%] [34m[1mGenerating type hashes for ROS interfaces[0m
[  2%] Built target ament_cmake_python_symlink_dave_interfaces
running egg_info
creating dave_interfaces.egg-info
writing dave_interfaces.egg-info/PKG-INFO
writing dependency_links to dave_interfaces.egg-info/dependency_links.txt
writing top-level names to dave_interfaces.egg-info/top_level.txt
writing manifest file 'dave_interfaces.egg-info/SOURCES.txt'
reading manifest file 'dave_interfaces.egg-info/SOURCES.txt'
writing manifest file 'dave_interfaces.egg-info/SOURCES.txt'
[  2%] Built target ament_cmake_python_build_dave_interfaces_egg
[  2%] Built target dave_interfaces__rosidl_generator_type_description
[  3%] [34m[1mGenerating C code for ROS interfaces[0m
[  3%] [34m[1mGenerating C++ code for ROS interfaces[0m
[  3%] Built target dave_interfaces__rs
[  3%] Built target dave_interfaces__cpp
[  4%] [32mBuilding C object CMakeFiles/dave_interfaces__rosidl_generator_c.dir/rosidl_generator_c/dave_interfaces/msg/detail/usbl_command__description.c.o[0m
[  4%] [32mBuilding C object CMakeFiles/dave_interfaces__rosidl_generator_c.dir/rosidl_generator_c/dave_interfaces/msg/detail/usbl_response__functions.c.o[0m
[  5%] [32mBuilding C object CMakeFiles/dave_interfaces__rosidl_generator_c.dir/rosidl_generator_c/dave_interfaces/msg/detail/usbl_response__type_support.c.o[0m
[  5%] [32mBuilding C object CMakeFiles/dave_interfaces__rosidl_generator_c.dir/rosidl_generator_c/dave_interfaces/msg/detail/location__functions.c.o[0m
[  5%] [32mBuilding C object CMakeFiles/dave_interfaces__rosidl_generator_c.dir/rosidl_generator_c/dave_interfaces/msg/detail/location__type_support.c.o[0m
[  5%] [32mBuilding C object CMakeFiles/dave_interfaces__rosidl_generator_c.dir/rosidl_generator_c/dave_interfaces/msg/detail/dvl_beam__description.c.o[0m
[  6%] [32mBuilding C object CMakeFiles/dave_interfaces__rosidl_generator_c.dir/rosidl_generator_c/dave_interfaces/msg/detail/dvl__description.c.o[0m
[  7%] [32mBuilding C object CMakeFiles/dave_interfaces__rosidl_generator_c.dir/rosidl_generator_c/dave_interfaces/msg/detail/dvl_beam__functions.c.o[0m
[  8%] [32mBuilding C object CMakeFiles/dave_interfaces__rosidl_generator_c.dir/rosidl_generator_c/dave_interfaces/msg/detail/usbl_command__functions.c.o[0m
[  9%] [32mBuilding C object CMakeFiles/dave_interfaces__rosidl_generator_c.dir/rosidl_generator_c/dave_interfaces/msg/detail/usbl_response__description.c.o[0m
[ 10%] [32mBuilding C object CMakeFiles/dave_interfaces__rosidl_generator_c.dir/rosidl_generator_c/dave_interfaces/msg/detail/dvl__type_support.c.o[0m
[ 10%] [32mBuilding C object CMakeFiles/dave_interfaces__rosidl_generator_c.dir/rosidl_generator_c/dave_interfaces/msg/detail/location__description.c.o[0m
[ 11%] [32mBuilding C object CMakeFiles/dave_interfaces__rosidl_generator_c.dir/rosidl_generator_c/dave_interfaces/msg/detail/usbl_command__type_support.c.o[0m
[ 11%] [32mBuilding C object CMakeFiles/dave_interfaces__rosidl_generator_c.dir/rosidl_generator_c/dave_interfaces/msg/detail/dvl_target__description.c.o[0m
[ 11%] [32mBuilding C object CMakeFiles/dave_interfaces__rosidl_generator_c.dir/rosidl_generator_c/dave_interfaces/msg/detail/dvl__functions.c.o[0m
[ 11%] [32mBuilding C object CMakeFiles/dave_interfaces__rosidl_generator_c.dir/rosidl_generator_c/dave_interfaces/msg/detail/dvl_beam__type_support.c.o[0m
[ 11%] [32mBuilding C object CMakeFiles/dave_interfaces__rosidl_generator_c.dir/rosidl_generator_c/dave_interfaces/msg/detail/dvl_target__functions.c.o[0m
[ 12%] [32mBuilding C object CMakeFiles/dave_interfaces__rosidl_generator_c.dir/rosidl_generator_c/dave_interfaces/msg/detail/stratified_current_velocity__description.c.o[0m
[ 12%] [32mBuilding C object CMakeFiles/dave_interfaces__rosidl_generator_c.dir/rosidl_generator_c/dave_interfaces/msg/detail/dvl_target__type_support.c.o[0m
[ 13%] [32mBuilding C object CMakeFiles/dave_interfaces__rosidl_generator_c.dir/rosidl_generator_c/dave_interfaces/msg/detail/stratified_current_database__description.c.o[0m
[ 13%] [32mBuilding C object CMakeFiles/dave_interfaces__rosidl_generator_c.dir/rosidl_generator_c/dave_interfaces/msg/detail/stratified_current_velocity__type_support.c.o[0m
[ 14%] [32mBuilding C object CMakeFiles/dave_interfaces__rosidl_generator_c.dir/rosidl_generator_c/dave_interfaces/msg/detail/stratified_current_velocity__functions.c.o[0m
[ 15%] [32mBuilding C object CMakeFiles/dave_interfaces__rosidl_generator_c.dir/rosidl_generator_c/dave_interfaces/srv/detail/set_origin_spherical_coord__description.c.o[0m
[ 15%] [32mBuilding C object CMakeFiles/dave_interfaces__rosidl_generator_c.dir/rosidl_generator_c/dave_interfaces/msg/detail/stratified_current_database__type_support.c.o[0m
[ 15%] [32mBuilding C object CMakeFiles/dave_interfaces__rosidl_generator_c.dir/rosidl_generator_c/dave_interfaces/msg/detail/stratified_current_database__functions.c.o[0m
[ 16%] [32mBuilding C object CMakeFiles/dave_interfaces__rosidl_generator_c.dir/rosidl_generator_c/dave_interfaces/srv/detail/set_origin_spherical_coord__functions.c.o[0m
[ 17%] [32mBuilding C object CMakeFiles/dave_interfaces__rosidl_generator_c.dir/rosidl_generator_c/dave_interfaces/srv/detail/get_origin_spherical_coord__functions.c.o[0m
[ 17%] [32mBuilding C object CMakeFiles/dave_interfaces__rosidl_generator_c.dir/rosidl_generator_c/dave_interfaces/srv/detail/get_origin_spherical_coord__description.c.o[0m
[ 17%] [32mBuilding C object CMakeFiles/dave_interfaces__rosidl_generator_c.dir/rosidl_generator_c/dave_interfaces/srv/detail/set_origin_spherical_coord__type_support.c.o[0m
[ 18%] [32mBuilding C object CMakeFiles/dave_interfaces__rosidl_generator_c.dir/rosidl_generator_c/dave_interfaces/srv/detail/get_origin_spherical_coord__type_support.c.o[0m
[ 18%] [32mBuilding C object CMakeFiles/dave_interfaces__rosidl_generator_c.dir/rosidl_generator_c/dave_interfaces/srv/detail/transform_to_spherical_coord__description.c.o[0m
[ 19%] [32mBuilding C object CMakeFiles/dave_interfaces__rosidl_generator_c.dir/rosidl_generator_c/dave_interfaces/srv/detail/transform_to_spherical_coord__functions.c.o[0m
[ 19%] [32mBuilding C object CMakeFiles/dave_interfaces__rosidl_generator_c.dir/rosidl_generator_c/dave_interfaces/srv/detail/transform_to_spherical_coord__type_support.c.o[0m
[ 19%] [32mBuilding C object CMakeFiles/dave_interfaces__rosidl_generator_c.dir/rosidl_generator_c/dave_interfaces/srv/detail/transform_from_spherical_coord__functions.c.o[0m
[ 20%] [32mBuilding C object CMakeFiles/dave_interfaces__rosidl_generator_c.dir/rosidl_generator_c/dave_interfaces/srv/detail/transform_from_spherical_coord__description.c.o[0m
[ 21%] [32mBuilding C object CMakeFiles/dave_interfaces__rosidl_generator_c.dir/rosidl_generator_c/dave_interfaces/srv/detail/transform_from_spherical_coord__type_support.c.o[0m
[ 21%] [32mBuilding C object CMakeFiles/dave_interfaces__rosidl_generator_c.dir/rosidl_generator_c/dave_interfaces/srv/detail/get_current_model__description.c.o[0m
[ 21%] [32mBuilding C object CMakeFiles/dave_interfaces__rosidl_generator_c.dir/rosidl_generator_c/dave_interfaces/srv/detail/get_current_model__type_support.c.o[0m
[ 22%] [32mBuilding C object CMakeFiles/dave_interfaces__rosidl_generator_c.dir/rosidl_generator_c/dave_interfaces/srv/detail/get_current_model__functions.c.o[0m
[ 22%] [32mBuilding C object CMakeFiles/dave_interfaces__rosidl_generator_c.dir/rosidl_generator_c/dave_interfaces/srv/detail/set_current_model__description.c.o[0m
[ 22%] [32mBuilding C object CMakeFiles/dave_interfaces__rosidl_generator_c.dir/rosidl_generator_c/dave_interfaces/srv/detail/set_current_model__type_support.c.o[0m
[ 23%] [32mBuilding C object CMakeFiles/dave_interfaces__rosidl_generator_c.dir/rosidl_generator_c/dave_interfaces/srv/detail/set_current_model__functions.c.o[0m
[ 24%] [32mBuilding C object CMakeFiles/dave_interfaces__rosidl_generator_c.dir/rosidl_generator_c/dave_interfaces/srv/detail/set_current_direction__description.c.o[0m
[ 24%] [32mBuilding C object CMakeFiles/dave_interfaces__rosidl_generator_c.dir/rosidl_generator_c/dave_interfaces/srv/detail/set_current_direction__functions.c.o[0m
[ 25%] [32mBuilding C object CMakeFiles/dave_interfaces__rosidl_generator_c.dir/rosidl_generator_c/dave_interfaces/srv/detail/set_current_direction__type_support.c.o[0m
[ 25%] [32mBuilding C object CMakeFiles/dave_interfaces__rosidl_generator_c.dir/rosidl_generator_c/dave_interfaces/srv/detail/set_current_velocity__description.c.o[0m
[ 26%] [32mBuilding C object CMakeFiles/dave_interfaces__rosidl_generator_c.dir/rosidl_generator_c/dave_interfaces/srv/detail/set_current_velocity__functions.c.o[0m
[ 26%] [32mBuilding C object CMakeFiles/dave_interfaces__rosidl_generator_c.dir/rosidl_generator_c/dave_interfaces/srv/detail/set_current_velocity__type_support.c.o[0m
[ 27%] [32mBuilding C object CMakeFiles/dave_interfaces__rosidl_generator_c.dir/rosidl_generator_c/dave_interfaces/srv/detail/set_stratified_current_velocity__description.c.o[0m
[ 27%] [32mBuilding C object CMakeFiles/dave_interfaces__rosidl_generator_c.dir/rosidl_generator_c/dave_interfaces/srv/detail/set_stratified_current_velocity__functions.c.o[0m
[ 27%] [32mBuilding C object CMakeFiles/dave_interfaces__rosidl_generator_c.dir/rosidl_generator_c/dave_interfaces/srv/detail/set_stratified_current_direction__description.c.o[0m
[ 28%] [32mBuilding C object CMakeFiles/dave_interfaces__rosidl_generator_c.dir/rosidl_generator_c/dave_interfaces/srv/detail/set_stratified_current_velocity__type_support.c.o[0m
[ 28%] [32mBuilding C object CMakeFiles/dave_interfaces__rosidl_generator_c.dir/rosidl_generator_c/dave_interfaces/srv/detail/set_stratified_current_direction__type_support.c.o[0m
[ 29%] [32mBuilding C object CMakeFiles/dave_interfaces__rosidl_generator_c.dir/rosidl_generator_c/dave_interfaces/srv/detail/set_stratified_current_direction__functions.c.o[0m
[ 30%] [32m[1mLinking C shared library libdave_interfaces__rosidl_generator_c.so[0m
[ 30%] Built target dave_interfaces__rosidl_generator_c
[ 32%] [34m[1mGenerating C type support for eProsima Fast-RTPS[0m
[ 32%] [34m[1mGenerating C++ type support for eProsima Fast-RTPS[0m
[ 32%] [34m[1mGenerating C introspection for ROS interfaces[0m
[ 33%] [34m[1mGenerating C++ type support dispatch for ROS interfaces[0m
[ 33%] [34m[1mGenerating C++ introspection for ROS interfaces[0m
[ 32%] [34m[1mGenerating C type support dispatch for ROS interfaces[0m
[ 34%] [32mBuilding CXX object CMakeFiles/dave_interfaces__rosidl_typesupport_c.dir/rosidl_typesupport_c/dave_interfaces/msg/dvl__type_support.cpp.o[0m
[ 34%] [32mBuilding CXX object CMakeFiles/dave_interfaces__rosidl_typesupport_c.dir/rosidl_typesupport_c/dave_interfaces/msg/location__type_support.cpp.o[0m
[ 34%] [32mBuilding CXX object CMakeFiles/dave_interfaces__rosidl_typesupport_c.dir/rosidl_typesupport_c/dave_interfaces/msg/usbl_response__type_support.cpp.o[0m
[ 34%] [32mBuilding CXX object CMakeFiles/dave_interfaces__rosidl_typesupport_c.dir/rosidl_typesupport_c/dave_interfaces/msg/dvl_beam__type_support.cpp.o[0m
[ 36%] [32mBuilding CXX object CMakeFiles/dave_interfaces__rosidl_typesupport_c.dir/rosidl_typesupport_c/dave_interfaces/msg/usbl_command__type_support.cpp.o[0m
[ 36%] [32mBuilding CXX object CMakeFiles/dave_interfaces__rosidl_typesupport_c.dir/rosidl_typesupport_c/dave_interfaces/msg/dvl_target__type_support.cpp.o[0m
[ 37%] [32mBuilding CXX object CMakeFiles/dave_interfaces__rosidl_typesupport_c.dir/rosidl_typesupport_c/dave_interfaces/msg/stratified_current_database__type_support.cpp.o[0m
[ 37%] [32mBuilding CXX object CMakeFiles/dave_interfaces__rosidl_typesupport_c.dir/rosidl_typesupport_c/dave_interfaces/msg/stratified_current_velocity__type_support.cpp.o[0m
[ 37%] [32mBuilding CXX object CMakeFiles/dave_interfaces__rosidl_typesupport_c.dir/rosidl_typesupport_c/dave_interfaces/srv/set_origin_spherical_coord__type_support.cpp.o[0m
[ 38%] [32mBuilding CXX object CMakeFiles/dave_interfaces__rosidl_typesupport_c.dir/rosidl_typesupport_c/dave_interfaces/srv/get_origin_spherical_coord__type_support.cpp.o[0m
[ 38%] [32mBuilding CXX object CMakeFiles/dave_interfaces__rosidl_typesupport_c.dir/rosidl_typesupport_c/dave_interfaces/srv/transform_to_spherical_coord__type_support.cpp.o[0m
[ 39%] [32mBuilding CXX object CMakeFiles/dave_interfaces__rosidl_typesupport_c.dir/rosidl_typesupport_c/dave_interfaces/srv/transform_from_spherical_coord__type_support.cpp.o[0m
[ 39%] [32mBuilding CXX object CMakeFiles/dave_interfaces__rosidl_typesupport_c.dir/rosidl_typesupport_c/dave_interfaces/srv/get_current_model__type_support.cpp.o[0m
[ 39%] [32mBuilding CXX object CMakeFiles/dave_interfaces__rosidl_typesupport_c.dir/rosidl_typesupport_c/dave_interfaces/srv/set_current_direction__type_support.cpp.o[0m
[ 40%] [32mBuilding CXX object CMakeFiles/dave_interfaces__rosidl_typesupport_c.dir/rosidl_typesupport_c/dave_interfaces/srv/set_current_model__type_support.cpp.o[0m
[ 41%] [32mBuilding CXX object CMakeFiles/dave_interfaces__rosidl_typesupport_c.dir/rosidl_typesupport_c/dave_interfaces/srv/set_current_velocity__type_support.cpp.o[0m
[ 41%] [32mBuilding CXX object CMakeFiles/dave_interfaces__rosidl_typesupport_c.dir/rosidl_typesupport_c/dave_interfaces/srv/set_stratified_current_velocity__type_support.cpp.o[0m
[ 42%] [32mBuilding CXX object CMakeFiles/dave_interfaces__rosidl_typesupport_c.dir/rosidl_typesupport_c/dave_interfaces/srv/set_stratified_current_direction__type_support.cpp.o[0m
[ 43%] [32mBuilding CXX object CMakeFiles/dave_interfaces__rosidl_typesupport_cpp.dir/rosidl_typesupport_cpp/dave_interfaces/msg/usbl_response__type_support.cpp.o[0m
[ 44%] [32mBuilding CXX object CMakeFiles/dave_interfaces__rosidl_typesupport_cpp.dir/rosidl_typesupport_cpp/dave_interfaces/msg/dvl_target__type_support.cpp.o[0m
[ 44%] [32mBuilding CXX object CMakeFiles/dave_interfaces__rosidl_typesupport_cpp.dir/rosidl_typesupport_cpp/dave_interfaces/msg/location__type_support.cpp.o[0m
[ 44%] [32mBuilding CXX object CMakeFiles/dave_interfaces__rosidl_typesupport_cpp.dir/rosidl_typesupport_cpp/dave_interfaces/msg/stratified_current_velocity__type_support.cpp.o[0m
[ 44%] [32mBuilding CXX object CMakeFiles/dave_interfaces__rosidl_typesupport_cpp.dir/rosidl_typesupport_cpp/dave_interfaces/msg/usbl_command__type_support.cpp.o[0m
[ 44%] [32mBuilding CXX object CMakeFiles/dave_interfaces__rosidl_typesupport_cpp.dir/rosidl_typesupport_cpp/dave_interfaces/msg/dvl_beam__type_support.cpp.o[0m
[ 45%] [32mBuilding CXX object CMakeFiles/dave_interfaces__rosidl_typesupport_cpp.dir/rosidl_typesupport_cpp/dave_interfaces/msg/dvl__type_support.cpp.o[0m
[ 46%] [32mBuilding CXX object CMakeFiles/dave_interfaces__rosidl_typesupport_cpp.dir/rosidl_typesupport_cpp/dave_interfaces/msg/stratified_current_database__type_support.cpp.o[0m
[ 46%] [32mBuilding CXX object CMakeFiles/dave_interfaces__rosidl_typesupport_cpp.dir/rosidl_typesupport_cpp/dave_interfaces/srv/set_origin_spherical_coord__type_support.cpp.o[0m
[ 47%] [32mBuilding CXX object CMakeFiles/dave_interfaces__rosidl_typesupport_cpp.dir/rosidl_typesupport_cpp/dave_interfaces/srv/get_origin_spherical_coord__type_support.cpp.o[0m
[ 47%] [32mBuilding CXX object CMakeFiles/dave_interfaces__rosidl_typesupport_cpp.dir/rosidl_typesupport_cpp/dave_interfaces/srv/transform_to_spherical_coord__type_support.cpp.o[0m
[ 47%] [32m[1mLinking CXX shared library libdave_interfaces__rosidl_typesupport_c.so[0m
[ 47%] Built target dave_interfaces__rosidl_typesupport_c
[ 48%] [32mBuilding CXX object CMakeFiles/dave_interfaces__rosidl_typesupport_cpp.dir/rosidl_typesupport_cpp/dave_interfaces/srv/transform_from_spherical_coord__type_support.cpp.o[0m
[ 48%] [32mBuilding CXX object CMakeFiles/dave_interfaces__rosidl_typesupport_cpp.dir/rosidl_typesupport_cpp/dave_interfaces/srv/get_current_model__type_support.cpp.o[0m
[ 49%] [32mBuilding CXX object CMakeFiles/dave_interfaces__rosidl_typesupport_cpp.dir/rosidl_typesupport_cpp/dave_interfaces/srv/set_current_model__type_support.cpp.o[0m
[ 49%] [32mBuilding CXX object CMakeFiles/dave_interfaces__rosidl_typesupport_cpp.dir/rosidl_typesupport_cpp/dave_interfaces/srv/set_current_direction__type_support.cpp.o[0m
[ 50%] [32mBuilding CXX object CMakeFiles/dave_interfaces__rosidl_typesupport_cpp.dir/rosidl_typesupport_cpp/dave_interfaces/srv/set_current_velocity__type_support.cpp.o[0m
[ 50%] [32mBuilding CXX object CMakeFiles/dave_interfaces__rosidl_typesupport_cpp.dir/rosidl_typesupport_cpp/dave_interfaces/srv/set_stratified_current_velocity__type_support.cpp.o[0m
[ 51%] [32mBuilding CXX object CMakeFiles/dave_interfaces__rosidl_typesupport_cpp.dir/rosidl_typesupport_cpp/dave_interfaces/srv/set_stratified_current_direction__type_support.cpp.o[0m
[ 52%] [32mBuilding CXX object CMakeFiles/dave_interfaces__rosidl_typesupport_introspection_cpp.dir/rosidl_typesupport_introspection_cpp/dave_interfaces/msg/detail/dvl__type_support.cpp.o[0m
[ 52%] [32mBuilding CXX object CMakeFiles/dave_interfaces__rosidl_typesupport_introspection_cpp.dir/rosidl_typesupport_introspection_cpp/dave_interfaces/msg/detail/location__type_support.cpp.o[0m
[ 52%] [32mBuilding CXX object CMakeFiles/dave_interfaces__rosidl_typesupport_introspection_cpp.dir/rosidl_typesupport_introspection_cpp/dave_interfaces/msg/detail/usbl_command__type_support.cpp.o[0m
[ 52%] [32mBuilding CXX object CMakeFiles/dave_interfaces__rosidl_typesupport_introspection_cpp.dir/rosidl_typesupport_introspection_cpp/dave_interfaces/msg/detail/dvl_beam__type_support.cpp.o[0m
[ 53%] [32mBuilding CXX object CMakeFiles/dave_interfaces__rosidl_typesupport_introspection_cpp.dir/rosidl_typesupport_introspection_cpp/dave_interfaces/msg/detail/usbl_response__type_support.cpp.o[0m
[ 54%] [32mBuilding CXX object CMakeFiles/dave_interfaces__rosidl_typesupport_introspection_cpp.dir/rosidl_typesupport_introspection_cpp/dave_interfaces/msg/detail/dvl_target__type_support.cpp.o[0m
[ 55%] [32mBuilding C object CMakeFiles/dave_interfaces__rosidl_typesupport_introspection_c.dir/rosidl_typesupport_introspection_c/dave_interfaces/msg/detail/usbl_command__type_support.c.o[0m
[ 55%] [32mBuilding C object CMakeFiles/dave_interfaces__rosidl_typesupport_introspection_c.dir/rosidl_typesupport_introspection_c/dave_interfaces/msg/detail/usbl_response__type_support.c.o[0m
[ 55%] [32mBuilding CXX object CMakeFiles/dave_interfaces__rosidl_typesupport_introspection_cpp.dir/rosidl_typesupport_introspection_cpp/dave_interfaces/msg/detail/stratified_current_velocity__type_support.cpp.o[0m
[ 56%] [32mBuilding C object CMakeFiles/dave_interfaces__rosidl_typesupport_introspection_c.dir/rosidl_typesupport_introspection_c/dave_interfaces/msg/detail/location__type_support.c.o[0m
[ 56%] [32mBuilding C object CMakeFiles/dave_interfaces__rosidl_typesupport_introspection_c.dir/rosidl_typesupport_introspection_c/dave_interfaces/msg/detail/dvl__type_support.c.o[0m
[ 57%] [32mBuilding CXX object CMakeFiles/dave_interfaces__rosidl_typesupport_introspection_cpp.dir/rosidl_typesupport_introspection_cpp/dave_interfaces/msg/detail/stratified_current_database__type_support.cpp.o[0m
[ 57%] [32mBuilding CXX object CMakeFiles/dave_interfaces__rosidl_typesupport_introspection_cpp.dir/rosidl_typesupport_introspection_cpp/dave_interfaces/srv/detail/set_origin_spherical_coord__type_support.cpp.o[0m
[ 58%] [32mBuilding CXX object CMakeFiles/dave_interfaces__rosidl_typesupport_introspection_cpp.dir/rosidl_typesupport_introspection_cpp/dave_interfaces/srv/detail/get_origin_spherical_coord__type_support.cpp.o[0m
[ 58%] [32m[1mLinking CXX shared library libdave_interfaces__rosidl_typesupport_cpp.so[0m
[ 59%] [32mBuilding C object CMakeFiles/dave_interfaces__rosidl_typesupport_introspection_c.dir/rosidl_typesupport_introspection_c/dave_interfaces/msg/detail/dvl_target__type_support.c.o[0m
[ 59%] [32mBuilding C object CMakeFiles/dave_interfaces__rosidl_typesupport_introspection_c.dir/rosidl_typesupport_introspection_c/dave_interfaces/msg/detail/dvl_beam__type_support.c.o[0m
[ 59%] [32mBuilding CXX object CMakeFiles/dave_interfaces__rosidl_typesupport_introspection_cpp.dir/rosidl_typesupport_introspection_cpp/dave_interfaces/srv/detail/transform_to_spherical_coord__type_support.cpp.o[0m
[ 60%] [32mBuilding CXX object CMakeFiles/dave_interfaces__rosidl_typesupport_introspection_cpp.dir/rosidl_typesupport_introspection_cpp/dave_interfaces/srv/detail/transform_from_spherical_coord__type_support.cpp.o[0m
[ 61%] [32mBuilding C object CMakeFiles/dave_interfaces__rosidl_typesupport_introspection_c.dir/rosidl_typesupport_introspection_c/dave_interfaces/msg/detail/stratified_current_database__type_support.c.o[0m
[ 61%] [32mBuilding C object CMakeFiles/dave_interfaces__rosidl_typesupport_introspection_c.dir/rosidl_typesupport_introspection_c/dave_interfaces/msg/detail/stratified_current_velocity__type_support.c.o[0m
[ 61%] [32mBuilding C object CMakeFiles/dave_interfaces__rosidl_typesupport_introspection_c.dir/rosidl_typesupport_introspection_c/dave_interfaces/srv/detail/set_origin_spherical_coord__type_support.c.o[0m
[ 61%] [32mBuilding CXX object CMakeFiles/dave_interfaces__rosidl_typesupport_introspection_cpp.dir/rosidl_typesupport_introspection_cpp/dave_interfaces/srv/detail/get_current_model__type_support.cpp.o[0m
[ 62%] [32mBuilding CXX object CMakeFiles/dave_interfaces__rosidl_typesupport_introspection_cpp.dir/rosidl_typesupport_introspection_cpp/dave_interfaces/srv/detail/set_current_model__type_support.cpp.o[0m
[ 63%] [32mBuilding C object CMakeFiles/dave_interfaces__rosidl_typesupport_introspection_c.dir/rosidl_typesupport_introspection_c/dave_interfaces/srv/detail/get_origin_spherical_coord__type_support.c.o[0m
[ 63%] [32mBuilding CXX object CMakeFiles/dave_interfaces__rosidl_typesupport_introspection_cpp.dir/rosidl_typesupport_introspection_cpp/dave_interfaces/srv/detail/set_current_direction__type_support.cpp.o[0m
[ 63%] [32mBuilding C object CMakeFiles/dave_interfaces__rosidl_typesupport_introspection_c.dir/rosidl_typesupport_introspection_c/dave_interfaces/srv/detail/transform_to_spherical_coord__type_support.c.o[0m
[ 64%] [32mBuilding C object CMakeFiles/dave_interfaces__rosidl_typesupport_introspection_c.dir/rosidl_typesupport_introspection_c/dave_interfaces/srv/detail/transform_from_spherical_coord__type_support.c.o[0m
[ 65%] [32mBuilding CXX object CMakeFiles/dave_interfaces__rosidl_typesupport_introspection_cpp.dir/rosidl_typesupport_introspection_cpp/dave_interfaces/srv/detail/set_current_velocity__type_support.cpp.o[0m
[ 65%] Built target dave_interfaces__rosidl_typesupport_cpp
[ 65%] [32mBuilding CXX object CMakeFiles/dave_interfaces__rosidl_typesupport_introspection_cpp.dir/rosidl_typesupport_introspection_cpp/dave_interfaces/srv/detail/set_stratified_current_velocity__type_support.cpp.o[0m
[ 65%] [32mBuilding C object CMakeFiles/dave_interfaces__rosidl_typesupport_introspection_c.dir/rosidl_typesupport_introspection_c/dave_interfaces/srv/detail/get_current_model__type_support.c.o[0m
[ 66%] [32mBuilding C object CMakeFiles/dave_interfaces__rosidl_typesupport_introspection_c.dir/rosidl_typesupport_introspection_c/dave_interfaces/srv/detail/set_current_model__type_support.c.o[0m
[ 67%] [32mBuilding CXX object CMakeFiles/dave_interfaces__rosidl_typesupport_introspection_cpp.dir/rosidl_typesupport_introspection_cpp/dave_interfaces/srv/detail/set_stratified_current_direction__type_support.cpp.o[0m
[ 67%] [32mBuilding C object CMakeFiles/dave_interfaces__rosidl_typesupport_introspection_c.dir/rosidl_typesupport_introspection_c/dave_interfaces/srv/detail/set_current_direction__type_support.c.o[0m
[ 67%] [32mBuilding C object CMakeFiles/dave_interfaces__rosidl_typesupport_introspection_c.dir/rosidl_typesupport_introspection_c/dave_interfaces/srv/detail/set_stratified_current_velocity__type_support.c.o[0m
[ 68%] [32mBuilding C object CMakeFiles/dave_interfaces__rosidl_typesupport_introspection_c.dir/rosidl_typesupport_introspection_c/dave_interfaces/srv/detail/set_current_velocity__type_support.c.o[0m
[ 69%] [32mBuilding CXX object CMakeFiles/dave_interfaces__rosidl_typesupport_fastrtps_cpp.dir/rosidl_typesupport_fastrtps_cpp/dave_interfaces/msg/detail/dds_fastrtps/usbl_command__type_support.cpp.o[0m
[ 69%] [32mBuilding CXX object CMakeFiles/dave_interfaces__rosidl_typesupport_fastrtps_cpp.dir/rosidl_typesupport_fastrtps_cpp/dave_interfaces/msg/detail/dds_fastrtps/usbl_response__type_support.cpp.o[0m
[ 70%] [32mBuilding CXX object CMakeFiles/dave_interfaces__rosidl_typesupport_fastrtps_cpp.dir/rosidl_typesupport_fastrtps_cpp/dave_interfaces/msg/detail/dds_fastrtps/location__type_support.cpp.o[0m
[ 71%] [32mBuilding C object CMakeFiles/dave_interfaces__rosidl_typesupport_introspection_c.dir/rosidl_typesupport_introspection_c/dave_interfaces/srv/detail/set_stratified_current_direction__type_support.c.o[0m
[ 71%] [32mBuilding CXX object CMakeFiles/dave_interfaces__rosidl_typesupport_fastrtps_cpp.dir/rosidl_typesupport_fastrtps_cpp/dave_interfaces/msg/detail/dds_fastrtps/dvl__type_support.cpp.o[0m
[ 72%] [32mBuilding CXX object CMakeFiles/dave_interfaces__rosidl_typesupport_fastrtps_cpp.dir/rosidl_typesupport_fastrtps_cpp/dave_interfaces/msg/detail/dds_fastrtps/dvl_beam__type_support.cpp.o[0m
[ 73%] [32mBuilding CXX object CMakeFiles/dave_interfaces__rosidl_typesupport_fastrtps_cpp.dir/rosidl_typesupport_fastrtps_cpp/dave_interfaces/msg/detail/dds_fastrtps/stratified_current_velocity__type_support.cpp.o[0m
[ 73%] [32mBuilding CXX object CMakeFiles/dave_interfaces__rosidl_typesupport_fastrtps_cpp.dir/rosidl_typesupport_fastrtps_cpp/dave_interfaces/msg/detail/dds_fastrtps/dvl_target__type_support.cpp.o[0m
[ 73%] [32m[1mLinking C shared library libdave_interfaces__rosidl_typesupport_introspection_c.so[0m
[ 73%] [32mBuilding CXX object CMakeFiles/dave_interfaces__rosidl_typesupport_fastrtps_cpp.dir/rosidl_typesupport_fastrtps_cpp/dave_interfaces/msg/detail/dds_fastrtps/stratified_current_database__type_support.cpp.o[0m
[ 75%] [32mBuilding CXX object CMakeFiles/dave_interfaces__rosidl_typesupport_fastrtps_c.dir/rosidl_typesupport_fastrtps_c/dave_interfaces/msg/detail/usbl_command__type_support_c.cpp.o[0m
[ 75%] [32mBuilding CXX object CMakeFiles/dave_interfaces__rosidl_typesupport_fastrtps_cpp.dir/rosidl_typesupport_fastrtps_cpp/dave_interfaces/srv/detail/dds_fastrtps/set_origin_spherical_coord__type_support.cpp.o[0m
[ 75%] [32mBuilding CXX object CMakeFiles/dave_interfaces__rosidl_typesupport_fastrtps_c.dir/rosidl_typesupport_fastrtps_c/dave_interfaces/msg/detail/usbl_response__type_support_c.cpp.o[0m
[ 75%] Built target dave_interfaces__rosidl_typesupport_introspection_c
[ 75%] [32mBuilding CXX object CMakeFiles/dave_interfaces__rosidl_typesupport_fastrtps_c.dir/rosidl_typesupport_fastrtps_c/dave_interfaces/msg/detail/location__type_support_c.cpp.o[0m
[ 76%] [32mBuilding CXX object CMakeFiles/dave_interfaces__rosidl_typesupport_fastrtps_c.dir/rosidl_typesupport_fastrtps_c/dave_interfaces/msg/detail/dvl__type_support_c.cpp.o[0m
[ 76%] [32mBuilding CXX object CMakeFiles/dave_interfaces__rosidl_typesupport_fastrtps_cpp.dir/rosidl_typesupport_fastrtps_cpp/dave_interfaces/srv/detail/dds_fastrtps/get_origin_spherical_coord__type_support.cpp.o[0m
[ 76%] [32mBuilding CXX object CMakeFiles/dave_interfaces__rosidl_typesupport_fastrtps_c.dir/rosidl_typesupport_fastrtps_c/dave_interfaces/msg/detail/dvl_beam__type_support_c.cpp.o[0m
[ 76%] [32m[1mLinking CXX shared library libdave_interfaces__rosidl_typesupport_introspection_cpp.so[0m
[ 77%] [32mBuilding CXX object CMakeFiles/dave_interfaces__rosidl_typesupport_fastrtps_cpp.dir/rosidl_typesupport_fastrtps_cpp/dave_interfaces/srv/detail/dds_fastrtps/transform_to_spherical_coord__type_support.cpp.o[0m
[ 77%] [32mBuilding CXX object CMakeFiles/dave_interfaces__rosidl_typesupport_fastrtps_cpp.dir/rosidl_typesupport_fastrtps_cpp/dave_interfaces/srv/detail/dds_fastrtps/transform_from_spherical_coord__type_support.cpp.o[0m
[ 77%] [32mBuilding CXX object CMakeFiles/dave_interfaces__rosidl_typesupport_fastrtps_c.dir/rosidl_typesupport_fastrtps_c/dave_interfaces/msg/detail/dvl_target__type_support_c.cpp.o[0m
[ 78%] [32mBuilding CXX object CMakeFiles/dave_interfaces__rosidl_typesupport_fastrtps_c.dir/rosidl_typesupport_fastrtps_c/dave_interfaces/msg/detail/stratified_current_velocity__type_support_c.cpp.o[0m
[ 78%] [32mBuilding CXX object CMakeFiles/dave_interfaces__rosidl_typesupport_fastrtps_c.dir/rosidl_typesupport_fastrtps_c/dave_interfaces/msg/detail/stratified_current_database__type_support_c.cpp.o[0m
[ 78%] Built target dave_interfaces__rosidl_typesupport_introspection_cpp
[ 79%] [32mBuilding CXX object CMakeFiles/dave_interfaces__rosidl_typesupport_fastrtps_c.dir/rosidl_typesupport_fastrtps_c/dave_interfaces/srv/detail/set_origin_spherical_coord__type_support_c.cpp.o[0m
[ 80%] [32mBuilding CXX object CMakeFiles/dave_interfaces__rosidl_typesupport_fastrtps_cpp.dir/rosidl_typesupport_fastrtps_cpp/dave_interfaces/srv/detail/dds_fastrtps/get_current_model__type_support.cpp.o[0m
[ 81%] [32mBuilding CXX object CMakeFiles/dave_interfaces__rosidl_typesupport_fastrtps_c.dir/rosidl_typesupport_fastrtps_c/dave_interfaces/srv/detail/transform_to_spherical_coord__type_support_c.cpp.o[0m
[ 81%] [32mBuilding CXX object CMakeFiles/dave_interfaces__rosidl_typesupport_fastrtps_c.dir/rosidl_typesupport_fastrtps_c/dave_interfaces/srv/detail/get_origin_spherical_coord__type_support_c.cpp.o[0m
[ 81%] [32mBuilding CXX object CMakeFiles/dave_interfaces__rosidl_typesupport_fastrtps_cpp.dir/rosidl_typesupport_fastrtps_cpp/dave_interfaces/srv/detail/dds_fastrtps/set_current_model__type_support.cpp.o[0m
[ 81%] [32mBuilding CXX object CMakeFiles/dave_interfaces__rosidl_typesupport_fastrtps_c.dir/rosidl_typesupport_fastrtps_c/dave_interfaces/srv/detail/transform_from_spherical_coord__type_support_c.cpp.o[0m
[ 82%] [32mBuilding CXX object CMakeFiles/dave_interfaces__rosidl_typesupport_fastrtps_cpp.dir/rosidl_typesupport_fastrtps_cpp/dave_interfaces/srv/detail/dds_fastrtps/set_current_direction__type_support.cpp.o[0m
[ 82%] [32mBuilding CXX object CMakeFiles/dave_interfaces__rosidl_typesupport_fastrtps_cpp.dir/rosidl_typesupport_fastrtps_cpp/dave_interfaces/srv/detail/dds_fastrtps/set_current_velocity__type_support.cpp.o[0m
[ 83%] [32mBuilding CXX object CMakeFiles/dave_interfaces__rosidl_typesupport_fastrtps_cpp.dir/rosidl_typesupport_fastrtps_cpp/dave_interfaces/srv/detail/dds_fastrtps/set_stratified_current_velocity__type_support.cpp.o[0m
[ 84%] [32mBuilding CXX object CMakeFiles/dave_interfaces__rosidl_typesupport_fastrtps_c.dir/rosidl_typesupport_fastrtps_c/dave_interfaces/srv/detail/get_current_model__type_support_c.cpp.o[0m
[ 84%] [32mBuilding CXX object CMakeFiles/dave_interfaces__rosidl_typesupport_fastrtps_c.dir/rosidl_typesupport_fastrtps_c/dave_interfaces/srv/detail/set_current_model__type_support_c.cpp.o[0m
[ 85%] [32mBuilding CXX object CMakeFiles/dave_interfaces__rosidl_typesupport_fastrtps_c.dir/rosidl_typesupport_fastrtps_c/dave_interfaces/srv/detail/set_current_direction__type_support_c.cpp.o[0m
[ 85%] [32mBuilding CXX object CMakeFiles/dave_interfaces__rosidl_typesupport_fastrtps_cpp.dir/rosidl_typesupport_fastrtps_cpp/dave_interfaces/srv/detail/dds_fastrtps/set_stratified_current_direction__type_support.cpp.o[0m
[ 85%] [32mBuilding CXX object CMakeFiles/dave_interfaces__rosidl_typesupport_fastrtps_c.dir/rosidl_typesupport_fastrtps_c/dave_interfaces/srv/detail/set_current_velocity__type_support_c.cpp.o[0m
[ 85%] [32mBuilding CXX object CMakeFiles/dave_interfaces__rosidl_typesupport_fastrtps_c.dir/rosidl_typesupport_fastrtps_c/dave_interfaces/srv/detail/set_stratified_current_direction__type_support_c.cpp.o[0m
[ 86%] [32mBuilding CXX object CMakeFiles/dave_interfaces__rosidl_typesupport_fastrtps_c.dir/rosidl_typesupport_fastrtps_c/dave_interfaces/srv/detail/set_stratified_current_velocity__type_support_c.cpp.o[0m
[ 87%] [32m[1mLinking CXX shared library libdave_interfaces__rosidl_typesupport_fastrtps_cpp.so[0m
[ 88%] [32m[1mLinking CXX shared library libdave_interfaces__rosidl_typesupport_fastrtps_c.so[0m
[ 88%] Built target dave_interfaces__rosidl_typesupport_fastrtps_cpp
[ 88%] Built target dave_interfaces__rosidl_typesupport_fastrtps_c
[ 88%] Built target dave_interfaces
[ 88%] [34m[1mGenerating Python code for ROS interfaces[0m
[ 88%] Built target dave_interfaces__py
[ 89%] [32mBuilding C object CMakeFiles/dave_interfaces__rosidl_generator_py.dir/rosidl_generator_py/dave_interfaces/msg/_dvl_beam_s.c.o[0m
[ 89%] [32mBuilding C object CMakeFiles/dave_interfaces__rosidl_generator_py.dir/rosidl_generator_py/dave_interfaces/msg/_usbl_command_s.c.o[0m
[ 89%] [32mBuilding C object CMakeFiles/dave_interfaces__rosidl_generator_py.dir/rosidl_generator_py/dave_interfaces/msg/_stratified_current_velocity_s.c.o[0m
[ 90%] [32mBuilding C object CMakeFiles/dave_interfaces__rosidl_generator_py.dir/rosidl_generator_py/dave_interfaces/msg/_stratified_current_database_s.c.o[0m
[ 90%] [32mBuilding C object CMakeFiles/dave_interfaces__rosidl_generator_py.dir/rosidl_generator_py/dave_interfaces/msg/_location_s.c.o[0m
[ 89%] [32mBuilding C object CMakeFiles/dave_interfaces__rosidl_generator_py.dir/rosidl_generator_py/dave_interfaces/msg/_dvl_s.c.o[0m
[ 92%] [32mBuilding C object CMakeFiles/dave_interfaces__rosidl_generator_py.dir/rosidl_generator_py/dave_interfaces/msg/_dvl_target_s.c.o[0m
[ 92%] [32mBuilding C object CMakeFiles/dave_interfaces__rosidl_generator_py.dir/rosidl_generator_py/dave_interfaces/msg/_usbl_response_s.c.o[0m
[ 92%] [32mBuilding C object CMakeFiles/dave_interfaces__rosidl_generator_py.dir/rosidl_generator_py/dave_interfaces/srv/_set_origin_spherical_coord_s.c.o[0m
[ 93%] [32mBuilding C object CMakeFiles/dave_interfaces__rosidl_generator_py.dir/rosidl_generator_py/dave_interfaces/srv/_transform_from_spherical_coord_s.c.o[0m
[ 94%] [32mBuilding C object CMakeFiles/dave_interfaces__rosidl_generator_py.dir/rosidl_generator_py/dave_interfaces/srv/_get_current_model_s.c.o[0m
[ 94%] [32mBuilding C object CMakeFiles/dave_interfaces__rosidl_generator_py.dir/rosidl_generator_py/dave_interfaces/srv/_get_origin_spherical_coord_s.c.o[0m
[ 95%] [32mBuilding C object CMakeFiles/dave_interfaces__rosidl_generator_py.dir/rosidl_generator_py/dave_interfaces/srv/_set_current_model_s.c.o[0m
[ 95%] [32mBuilding C object CMakeFiles/dave_interfaces__rosidl_generator_py.dir/rosidl_generator_py/dave_interfaces/srv/_transform_to_spherical_coord_s.c.o[0m
[ 95%] [32mBuilding C object CMakeFiles/dave_interfaces__rosidl_generator_py.dir/rosidl_generator_py/dave_interfaces/srv/_set_current_direction_s.c.o[0m
[ 96%] [32mBuilding C object CMakeFiles/dave_interfaces__rosidl_generator_py.dir/rosidl_generator_py/dave_interfaces/srv/_set_current_velocity_s.c.o[0m
[ 97%] [32mBuilding C object CMakeFiles/dave_interfaces__rosidl_generator_py.dir/rosidl_generator_py/dave_interfaces/srv/_set_stratified_current_direction_s.c.o[0m
[ 97%] [32mBuilding C object CMakeFiles/dave_interfaces__rosidl_generator_py.dir/rosidl_generator_py/dave_interfaces/srv/_set_stratified_current_velocity_s.c.o[0m
[ 97%] [32m[1mLinking C shared library libdave_interfaces__rosidl_generator_py.so[0m
[ 97%] Built target dave_interfaces__rosidl_generator_py
[ 97%] [32mBuilding C object CMakeFiles/dave_interfaces_s__rosidl_typesupport_c.dir/rosidl_generator_py/dave_interfaces/_dave_interfaces_s.ep.rosidl_typesupport_c.c.o[0m
[ 97%] [32mBuilding C object CMakeFiles/dave_interfaces_s__rosidl_typesupport_fastrtps_c.dir/rosidl_generator_py/dave_interfaces/_dave_interfaces_s.ep.rosidl_typesupport_fastrtps_c.c.o[0m
[ 97%] [32mBuilding C object CMakeFiles/dave_interfaces_s__rosidl_typesupport_introspection_c.dir/rosidl_generator_py/dave_interfaces/_dave_interfaces_s.ep.rosidl_typesupport_introspection_c.c.o[0m
[ 98%] [32m[1mLinking C shared module rosidl_generator_py/dave_interfaces/dave_interfaces_s__rosidl_typesupport_c.so[0m
[ 99%] [32m[1mLinking C shared module rosidl_generator_py/dave_interfaces/dave_interfaces_s__rosidl_typesupport_fastrtps_c.so[0m
[100%] [32m[1mLinking C shared module rosidl_generator_py/dave_interfaces/dave_interfaces_s__rosidl_typesupport_introspection_c.so[0m
[100%] Built target dave_interfaces_s__rosidl_typesupport_c
[100%] Built target dave_interfaces_s__rosidl_typesupport_fastrtps_c
[100%] Built target dave_interfaces_s__rosidl_typesupport_introspection_c
-- Install configuration: ""
-- Execute custom install script
-- Symlinking: /home/namtruong/uuv_sim_home/install/dave_interfaces/share/ament_index/resource_index/rosidl_interfaces/dave_interfaces
-- Symlinking: /home/namtruong/uuv_sim_home/install/dave_interfaces/share/dave_interfaces/msg/UsblCommand.json
-- Symlinking: /home/namtruong/uuv_sim_home/install/dave_interfaces/share/dave_interfaces/msg/UsblResponse.json
-- Symlinking: /home/namtruong/uuv_sim_home/install/dave_interfaces/share/dave_interfaces/msg/Location.json
-- Symlinking: /home/namtruong/uuv_sim_home/install/dave_interfaces/share/dave_interfaces/msg/DVL.json
-- Symlinking: /home/namtruong/uuv_sim_home/install/dave_interfaces/share/dave_interfaces/msg/DVLBeam.json
-- Symlinking: /home/namtruong/uuv_sim_home/install/dave_interfaces/share/dave_interfaces/msg/DVLTarget.json
-- Symlinking: /home/namtruong/uuv_sim_home/install/dave_interfaces/share/dave_interfaces/msg/StratifiedCurrentVelocity.json
-- Symlinking: /home/namtruong/uuv_sim_home/install/dave_interfaces/share/dave_interfaces/msg/StratifiedCurrentDatabase.json
-- Symlinking: /home/namtruong/uuv_sim_home/install/dave_interfaces/share/dave_interfaces/srv/SetOriginSphericalCoord.json
-- Symlinking: /home/namtruong/uuv_sim_home/install/dave_interfaces/share/dave_interfaces/srv/GetOriginSphericalCoord.json
-- Symlinking: /home/namtruong/uuv_sim_home/install/dave_interfaces/share/dave_interfaces/srv/TransformToSphericalCoord.json
-- Symlinking: /home/namtruong/uuv_sim_home/install/dave_interfaces/share/dave_interfaces/srv/TransformFromSphericalCoord.json
-- Symlinking: /home/namtruong/uuv_sim_home/install/dave_interfaces/share/dave_interfaces/srv/GetCurrentModel.json
-- Symlinking: /home/namtruong/uuv_sim_home/install/dave_interfaces/share/dave_interfaces/srv/SetCurrentModel.json
-- Symlinking: /home/namtruong/uuv_sim_home/install/dave_interfaces/share/dave_interfaces/srv/SetCurrentDirection.json
-- Symlinking: /home/namtruong/uuv_sim_home/install/dave_interfaces/share/dave_interfaces/srv/SetCurrentVelocity.json
-- Symlinking: /home/namtruong/uuv_sim_home/install/dave_interfaces/share/dave_interfaces/srv/SetStratifiedCurrentVelocity.json
-- Symlinking: /home/namtruong/uuv_sim_home/install/dave_interfaces/share/dave_interfaces/srv/SetStratifiedCurrentDirection.json
-- Symlinking: /home/namtruong/uuv_sim_home/install/dave_interfaces/include/dave_interfaces/dave_interfaces/msg/detail/dvl__functions.h
-- Symlinking: /home/namtruong/uuv_sim_home/install/dave_interfaces/include/dave_interfaces/dave_interfaces/msg/detail/dvl__struct.h
-- Symlinking: /home/namtruong/uuv_sim_home/install/dave_interfaces/include/dave_interfaces/dave_interfaces/msg/detail/dvl__type_support.h
-- Symlinking: /home/namtruong/uuv_sim_home/install/dave_interfaces/include/dave_interfaces/dave_interfaces/msg/detail/dvl_beam__functions.h
-- Symlinking: /home/namtruong/uuv_sim_home/install/dave_interfaces/include/dave_interfaces/dave_interfaces/msg/detail/dvl_beam__struct.h
-- Symlinking: /home/namtruong/uuv_sim_home/install/dave_interfaces/include/dave_interfaces/dave_interfaces/msg/detail/dvl_beam__type_support.h
-- Symlinking: /home/namtruong/uuv_sim_home/install/dave_interfaces/include/dave_interfaces/dave_interfaces/msg/detail/dvl_target__functions.h
-- Symlinking: /home/namtruong/uuv_sim_home/install/dave_interfaces/include/dave_interfaces/dave_interfaces/msg/detail/dvl_target__struct.h
-- Symlinking: /home/namtruong/uuv_sim_home/install/dave_interfaces/include/dave_interfaces/dave_interfaces/msg/detail/dvl_target__type_support.h
-- Symlinking: /home/namtruong/uuv_sim_home/install/dave_interfaces/include/dave_interfaces/dave_interfaces/msg/detail/location__functions.h
-- Symlinking: /home/namtruong/uuv_sim_home/install/dave_interfaces/include/dave_interfaces/dave_interfaces/msg/detail/location__struct.h
-- Symlinking: /home/namtruong/uuv_sim_home/install/dave_interfaces/include/dave_interfaces/dave_interfaces/msg/detail/location__type_support.h
-- Symlinking: /home/namtruong/uuv_sim_home/install/dave_interfaces/include/dave_interfaces/dave_interfaces/msg/detail/stratified_current_database__functions.h
-- Symlinking: /home/namtruong/uuv_sim_home/install/dave_interfaces/include/dave_interfaces/dave_interfaces/msg/detail/stratified_current_database__struct.h
-- Symlinking: /home/namtruong/uuv_sim_home/install/dave_interfaces/include/dave_interfaces/dave_interfaces/msg/detail/stratified_current_database__type_support.h
-- Symlinking: /home/namtruong/uuv_sim_home/install/dave_interfaces/include/dave_interfaces/dave_interfaces/msg/detail/stratified_current_velocity__functions.h
-- Symlinking: /home/namtruong/uuv_sim_home/install/dave_interfaces/include/dave_interfaces/dave_interfaces/msg/detail/stratified_current_velocity__struct.h
-- Symlinking: /home/namtruong/uuv_sim_home/install/dave_interfaces/include/dave_interfaces/dave_interfaces/msg/detail/stratified_current_velocity__type_support.h
-- Symlinking: /home/namtruong/uuv_sim_home/install/dave_interfaces/include/dave_interfaces/dave_interfaces/msg/detail/usbl_command__functions.h
-- Symlinking: /home/namtruong/uuv_sim_home/install/dave_interfaces/include/dave_interfaces/dave_interfaces/msg/detail/usbl_command__struct.h
-- Symlinking: /home/namtruong/uuv_sim_home/install/dave_interfaces/include/dave_interfaces/dave_interfaces/msg/detail/usbl_command__type_support.h
-- Symlinking: /home/namtruong/uuv_sim_home/install/dave_interfaces/include/dave_interfaces/dave_interfaces/msg/detail/usbl_response__functions.h
-- Symlinking: /home/namtruong/uuv_sim_home/install/dave_interfaces/include/dave_interfaces/dave_interfaces/msg/detail/usbl_response__struct.h
-- Symlinking: /home/namtruong/uuv_sim_home/install/dave_interfaces/include/dave_interfaces/dave_interfaces/msg/detail/usbl_response__type_support.h
-- Symlinking: /home/namtruong/uuv_sim_home/install/dave_interfaces/include/dave_interfaces/dave_interfaces/msg/dvl.h
-- Symlinking: /home/namtruong/uuv_sim_home/install/dave_interfaces/include/dave_interfaces/dave_interfaces/msg/dvl_beam.h
-- Symlinking: /home/namtruong/uuv_sim_home/install/dave_interfaces/include/dave_interfaces/dave_interfaces/msg/dvl_target.h
-- Symlinking: /home/namtruong/uuv_sim_home/install/dave_interfaces/include/dave_interfaces/dave_interfaces/msg/location.h
-- Symlinking: /home/namtruong/uuv_sim_home/install/dave_interfaces/include/dave_interfaces/dave_interfaces/msg/rosidl_generator_c__visibility_control.h
-- Symlinking: /home/namtruong/uuv_sim_home/install/dave_interfaces/include/dave_interfaces/dave_interfaces/msg/stratified_current_database.h
-- Symlinking: /home/namtruong/uuv_sim_home/install/dave_interfaces/include/dave_interfaces/dave_interfaces/msg/stratified_current_velocity.h
-- Symlinking: /home/namtruong/uuv_sim_home/install/dave_interfaces/include/dave_interfaces/dave_interfaces/msg/usbl_command.h
-- Symlinking: /home/namtruong/uuv_sim_home/install/dave_interfaces/include/dave_interfaces/dave_interfaces/msg/usbl_response.h
-- Symlinking: /home/namtruong/uuv_sim_home/install/dave_interfaces/include/dave_interfaces/dave_interfaces/srv/detail/get_current_model__functions.h
-- Symlinking: /home/namtruong/uuv_sim_home/install/dave_interfaces/include/dave_interfaces/dave_interfaces/srv/detail/get_current_model__struct.h
-- Symlinking: /home/namtruong/uuv_sim_home/install/dave_interfaces/include/dave_interfaces/dave_interfaces/srv/detail/get_current_model__type_support.h
-- Symlinking: /home/namtruong/uuv_sim_home/install/dave_interfaces/include/dave_interfaces/dave_interfaces/srv/detail/get_origin_spherical_coord__functions.h
-- Symlinking: /home/namtruong/uuv_sim_home/install/dave_interfaces/include/dave_interfaces/dave_interfaces/srv/detail/get_origin_spherical_coord__struct.h
-- Symlinking: /home/namtruong/uuv_sim_home/install/dave_interfaces/include/dave_interfaces/dave_interfaces/srv/detail/get_origin_spherical_coord__type_support.h
-- Symlinking: /home/namtruong/uuv_sim_home/install/dave_interfaces/include/dave_interfaces/dave_interfaces/srv/detail/set_current_direction__functions.h
-- Symlinking: /home/namtruong/uuv_sim_home/install/dave_interfaces/include/dave_interfaces/dave_interfaces/srv/detail/set_current_direction__struct.h
-- Symlinking: /home/namtruong/uuv_sim_home/install/dave_interfaces/include/dave_interfaces/dave_interfaces/srv/detail/set_current_direction__type_support.h
-- Symlinking: /home/namtruong/uuv_sim_home/install/dave_interfaces/include/dave_interfaces/dave_interfaces/srv/detail/set_current_model__functions.h
-- Symlinking: /home/namtruong/uuv_sim_home/install/dave_interfaces/include/dave_interfaces/dave_interfaces/srv/detail/set_current_model__struct.h
-- Symlinking: /home/namtruong/uuv_sim_home/install/dave_interfaces/include/dave_interfaces/dave_interfaces/srv/detail/set_current_model__type_support.h
-- Symlinking: /home/namtruong/uuv_sim_home/install/dave_interfaces/include/dave_interfaces/dave_interfaces/srv/detail/set_current_velocity__functions.h
-- Symlinking: /home/namtruong/uuv_sim_home/install/dave_interfaces/include/dave_interfaces/dave_interfaces/srv/detail/set_current_velocity__struct.h
-- Symlinking: /home/namtruong/uuv_sim_home/install/dave_interfaces/include/dave_interfaces/dave_interfaces/srv/detail/set_current_velocity__type_support.h
-- Symlinking: /home/namtruong/uuv_sim_home/install/dave_interfaces/include/dave_interfaces/dave_interfaces/srv/detail/set_origin_spherical_coord__functions.h
-- Symlinking: /home/namtruong/uuv_sim_home/install/dave_interfaces/include/dave_interfaces/dave_interfaces/srv/detail/set_origin_spherical_coord__struct.h
-- Symlinking: /home/namtruong/uuv_sim_home/install/dave_interfaces/include/dave_interfaces/dave_interfaces/srv/detail/set_origin_spherical_coord__type_support.h
-- Symlinking: /home/namtruong/uuv_sim_home/install/dave_interfaces/include/dave_interfaces/dave_interfaces/srv/detail/set_stratified_current_direction__functions.h
-- Symlinking: /home/namtruong/uuv_sim_home/install/dave_interfaces/include/dave_interfaces/dave_interfaces/srv/detail/set_stratified_current_direction__struct.h
-- Symlinking: /home/namtruong/uuv_sim_home/install/dave_interfaces/include/dave_interfaces/dave_interfaces/srv/detail/set_stratified_current_direction__type_support.h
-- Symlinking: /home/namtruong/uuv_sim_home/install/dave_interfaces/include/dave_interfaces/dave_interfaces/srv/detail/set_stratified_current_velocity__functions.h
-- Symlinking: /home/namtruong/uuv_sim_home/install/dave_interfaces/include/dave_interfaces/dave_interfaces/srv/detail/set_stratified_current_velocity__struct.h
-- Symlinking: /home/namtruong/uuv_sim_home/install/dave_interfaces/include/dave_interfaces/dave_interfaces/srv/detail/set_stratified_current_velocity__type_support.h
-- Symlinking: /home/namtruong/uuv_sim_home/install/dave_interfaces/include/dave_interfaces/dave_interfaces/srv/detail/transform_from_spherical_coord__functions.h
-- Symlinking: /home/namtruong/uuv_sim_home/install/dave_interfaces/include/dave_interfaces/dave_interfaces/srv/detail/transform_from_spherical_coord__struct.h
-- Symlinking: /home/namtruong/uuv_sim_home/install/dave_interfaces/include/dave_interfaces/dave_interfaces/srv/detail/transform_from_spherical_coord__type_support.h
-- Symlinking: /home/namtruong/uuv_sim_home/install/dave_interfaces/include/dave_interfaces/dave_interfaces/srv/detail/transform_to_spherical_coord__functions.h
-- Symlinking: /home/namtruong/uuv_sim_home/install/dave_interfaces/include/dave_interfaces/dave_interfaces/srv/detail/transform_to_spherical_coord__struct.h
-- Symlinking: /home/namtruong/uuv_sim_home/install/dave_interfaces/include/dave_interfaces/dave_interfaces/srv/detail/transform_to_spherical_coord__type_support.h
-- Symlinking: /home/namtruong/uuv_sim_home/install/dave_interfaces/include/dave_interfaces/dave_interfaces/srv/get_current_model.h
-- Symlinking: /home/namtruong/uuv_sim_home/install/dave_interfaces/include/dave_interfaces/dave_interfaces/srv/get_origin_spherical_coord.h
-- Symlinking: /home/namtruong/uuv_sim_home/install/dave_interfaces/include/dave_interfaces/dave_interfaces/srv/set_current_direction.h
-- Symlinking: /home/namtruong/uuv_sim_home/install/dave_interfaces/include/dave_interfaces/dave_interfaces/srv/set_current_model.h
-- Symlinking: /home/namtruong/uuv_sim_home/install/dave_interfaces/include/dave_interfaces/dave_interfaces/srv/set_current_velocity.h
-- Symlinking: /home/namtruong/uuv_sim_home/install/dave_interfaces/include/dave_interfaces/dave_interfaces/srv/set_origin_spherical_coord.h
-- Symlinking: /home/namtruong/uuv_sim_home/install/dave_interfaces/include/dave_interfaces/dave_interfaces/srv/set_stratified_current_direction.h
-- Symlinking: /home/namtruong/uuv_sim_home/install/dave_interfaces/include/dave_interfaces/dave_interfaces/srv/set_stratified_current_velocity.h
-- Symlinking: /home/namtruong/uuv_sim_home/install/dave_interfaces/include/dave_interfaces/dave_interfaces/srv/transform_from_spherical_coord.h
-- Symlinking: /home/namtruong/uuv_sim_home/install/dave_interfaces/include/dave_interfaces/dave_interfaces/srv/transform_to_spherical_coord.h
-- Symlinking: /home/namtruong/uuv_sim_home/install/dave_interfaces/share/dave_interfaces/environment/library_path.sh
-- Symlinking: /home/namtruong/uuv_sim_home/install/dave_interfaces/share/dave_interfaces/environment/library_path.dsv
-- Symlinking: /home/namtruong/uuv_sim_home/install/dave_interfaces/include/dave_interfaces/dave_interfaces/msg/detail/dvl__rosidl_typesupport_fastrtps_c.h
-- Symlinking: /home/namtruong/uuv_sim_home/install/dave_interfaces/include/dave_interfaces/dave_interfaces/msg/detail/dvl_beam__rosidl_typesupport_fastrtps_c.h
-- Symlinking: /home/namtruong/uuv_sim_home/install/dave_interfaces/include/dave_interfaces/dave_interfaces/msg/detail/dvl_target__rosidl_typesupport_fastrtps_c.h
-- Symlinking: /home/namtruong/uuv_sim_home/install/dave_interfaces/include/dave_interfaces/dave_interfaces/msg/detail/location__rosidl_typesupport_fastrtps_c.h
-- Symlinking: /home/namtruong/uuv_sim_home/install/dave_interfaces/include/dave_interfaces/dave_interfaces/msg/detail/stratified_current_database__rosidl_typesupport_fastrtps_c.h
-- Symlinking: /home/namtruong/uuv_sim_home/install/dave_interfaces/include/dave_interfaces/dave_interfaces/msg/detail/stratified_current_velocity__rosidl_typesupport_fastrtps_c.h
-- Symlinking: /home/namtruong/uuv_sim_home/install/dave_interfaces/include/dave_interfaces/dave_interfaces/msg/detail/usbl_command__rosidl_typesupport_fastrtps_c.h
-- Symlinking: /home/namtruong/uuv_sim_home/install/dave_interfaces/include/dave_interfaces/dave_interfaces/msg/detail/usbl_response__rosidl_typesupport_fastrtps_c.h
-- Symlinking: /home/namtruong/uuv_sim_home/install/dave_interfaces/include/dave_interfaces/dave_interfaces/msg/rosidl_typesupport_fastrtps_c__visibility_control.h
-- Symlinking: /home/namtruong/uuv_sim_home/install/dave_interfaces/include/dave_interfaces/dave_interfaces/srv/detail/get_current_model__rosidl_typesupport_fastrtps_c.h
-- Symlinking: /home/namtruong/uuv_sim_home/install/dave_interfaces/include/dave_interfaces/dave_interfaces/srv/detail/get_origin_spherical_coord__rosidl_typesupport_fastrtps_c.h
-- Symlinking: /home/namtruong/uuv_sim_home/install/dave_interfaces/include/dave_interfaces/dave_interfaces/srv/detail/set_current_direction__rosidl_typesupport_fastrtps_c.h
-- Symlinking: /home/namtruong/uuv_sim_home/install/dave_interfaces/include/dave_interfaces/dave_interfaces/srv/detail/set_current_model__rosidl_typesupport_fastrtps_c.h
-- Symlinking: /home/namtruong/uuv_sim_home/install/dave_interfaces/include/dave_interfaces/dave_interfaces/srv/detail/set_current_velocity__rosidl_typesupport_fastrtps_c.h
-- Symlinking: /home/namtruong/uuv_sim_home/install/dave_interfaces/include/dave_interfaces/dave_interfaces/srv/detail/set_origin_spherical_coord__rosidl_typesupport_fastrtps_c.h
-- Symlinking: /home/namtruong/uuv_sim_home/install/dave_interfaces/include/dave_interfaces/dave_interfaces/srv/detail/set_stratified_current_direction__rosidl_typesupport_fastrtps_c.h
-- Symlinking: /home/namtruong/uuv_sim_home/install/dave_interfaces/include/dave_interfaces/dave_interfaces/srv/detail/set_stratified_current_velocity__rosidl_typesupport_fastrtps_c.h
-- Symlinking: /home/namtruong/uuv_sim_home/install/dave_interfaces/include/dave_interfaces/dave_interfaces/srv/detail/transform_from_spherical_coord__rosidl_typesupport_fastrtps_c.h
-- Symlinking: /home/namtruong/uuv_sim_home/install/dave_interfaces/include/dave_interfaces/dave_interfaces/srv/detail/transform_to_spherical_coord__rosidl_typesupport_fastrtps_c.h
-- Symlinking: /home/namtruong/uuv_sim_home/install/dave_interfaces/include/dave_interfaces/dave_interfaces/msg/detail/dvl__builder.hpp
-- Symlinking: /home/namtruong/uuv_sim_home/install/dave_interfaces/include/dave_interfaces/dave_interfaces/msg/detail/dvl__struct.hpp
-- Symlinking: /home/namtruong/uuv_sim_home/install/dave_interfaces/include/dave_interfaces/dave_interfaces/msg/detail/dvl__traits.hpp
-- Symlinking: /home/namtruong/uuv_sim_home/install/dave_interfaces/include/dave_interfaces/dave_interfaces/msg/detail/dvl__type_support.hpp
-- Symlinking: /home/namtruong/uuv_sim_home/install/dave_interfaces/include/dave_interfaces/dave_interfaces/msg/detail/dvl_beam__builder.hpp
-- Symlinking: /home/namtruong/uuv_sim_home/install/dave_interfaces/include/dave_interfaces/dave_interfaces/msg/detail/dvl_beam__struct.hpp
-- Symlinking: /home/namtruong/uuv_sim_home/install/dave_interfaces/include/dave_interfaces/dave_interfaces/msg/detail/dvl_beam__traits.hpp
-- Symlinking: /home/namtruong/uuv_sim_home/install/dave_interfaces/include/dave_interfaces/dave_interfaces/msg/detail/dvl_beam__type_support.hpp
-- Symlinking: /home/namtruong/uuv_sim_home/install/dave_interfaces/include/dave_interfaces/dave_interfaces/msg/detail/dvl_target__builder.hpp
-- Symlinking: /home/namtruong/uuv_sim_home/install/dave_interfaces/include/dave_interfaces/dave_interfaces/msg/detail/dvl_target__struct.hpp
-- Symlinking: /home/namtruong/uuv_sim_home/install/dave_interfaces/include/dave_interfaces/dave_interfaces/msg/detail/dvl_target__traits.hpp
-- Symlinking: /home/namtruong/uuv_sim_home/install/dave_interfaces/include/dave_interfaces/dave_interfaces/msg/detail/dvl_target__type_support.hpp
-- Symlinking: /home/namtruong/uuv_sim_home/install/dave_interfaces/include/dave_interfaces/dave_interfaces/msg/detail/location__builder.hpp
-- Symlinking: /home/namtruong/uuv_sim_home/install/dave_interfaces/include/dave_interfaces/dave_interfaces/msg/detail/location__struct.hpp
-- Symlinking: /home/namtruong/uuv_sim_home/install/dave_interfaces/include/dave_interfaces/dave_interfaces/msg/detail/location__traits.hpp
-- Symlinking: /home/namtruong/uuv_sim_home/install/dave_interfaces/include/dave_interfaces/dave_interfaces/msg/detail/location__type_support.hpp
-- Symlinking: /home/namtruong/uuv_sim_home/install/dave_interfaces/include/dave_interfaces/dave_interfaces/msg/detail/stratified_current_database__builder.hpp
-- Symlinking: /home/namtruong/uuv_sim_home/install/dave_interfaces/include/dave_interfaces/dave_interfaces/msg/detail/stratified_current_database__struct.hpp
-- Symlinking: /home/namtruong/uuv_sim_home/install/dave_interfaces/include/dave_interfaces/dave_interfaces/msg/detail/stratified_current_database__traits.hpp
-- Symlinking: /home/namtruong/uuv_sim_home/install/dave_interfaces/include/dave_interfaces/dave_interfaces/msg/detail/stratified_current_database__type_support.hpp
-- Symlinking: /home/namtruong/uuv_sim_home/install/dave_interfaces/include/dave_interfaces/dave_interfaces/msg/detail/stratified_current_velocity__builder.hpp
-- Symlinking: /home/namtruong/uuv_sim_home/install/dave_interfaces/include/dave_interfaces/dave_interfaces/msg/detail/stratified_current_velocity__struct.hpp
-- Symlinking: /home/namtruong/uuv_sim_home/install/dave_interfaces/include/dave_interfaces/dave_interfaces/msg/detail/stratified_current_velocity__traits.hpp
-- Symlinking: /home/namtruong/uuv_sim_home/install/dave_interfaces/include/dave_interfaces/dave_interfaces/msg/detail/stratified_current_velocity__type_support.hpp
-- Symlinking: /home/namtruong/uuv_sim_home/install/dave_interfaces/include/dave_interfaces/dave_interfaces/msg/detail/usbl_command__builder.hpp
-- Symlinking: /home/namtruong/uuv_sim_home/install/dave_interfaces/include/dave_interfaces/dave_interfaces/msg/detail/usbl_command__struct.hpp
-- Symlinking: /home/namtruong/uuv_sim_home/install/dave_interfaces/include/dave_interfaces/dave_interfaces/msg/detail/usbl_command__traits.hpp
-- Symlinking: /home/namtruong/uuv_sim_home/install/dave_interfaces/include/dave_interfaces/dave_interfaces/msg/detail/usbl_command__type_support.hpp
-- Symlinking: /home/namtruong/uuv_sim_home/install/dave_interfaces/include/dave_interfaces/dave_interfaces/msg/detail/usbl_response__builder.hpp
-- Symlinking: /home/namtruong/uuv_sim_home/install/dave_interfaces/include/dave_interfaces/dave_interfaces/msg/detail/usbl_response__struct.hpp
-- Symlinking: /home/namtruong/uuv_sim_home/install/dave_interfaces/include/dave_interfaces/dave_interfaces/msg/detail/usbl_response__traits.hpp
-- Symlinking: /home/namtruong/uuv_sim_home/install/dave_interfaces/include/dave_interfaces/dave_interfaces/msg/detail/usbl_response__type_support.hpp
-- Symlinking: /home/namtruong/uuv_sim_home/install/dave_interfaces/include/dave_interfaces/dave_interfaces/msg/dvl.hpp
-- Symlinking: /home/namtruong/uuv_sim_home/install/dave_interfaces/include/dave_interfaces/dave_interfaces/msg/dvl_beam.hpp
-- Symlinking: /home/namtruong/uuv_sim_home/install/dave_interfaces/include/dave_interfaces/dave_interfaces/msg/dvl_target.hpp
-- Symlinking: /home/namtruong/uuv_sim_home/install/dave_interfaces/include/dave_interfaces/dave_interfaces/msg/location.hpp
-- Symlinking: /home/namtruong/uuv_sim_home/install/dave_interfaces/include/dave_interfaces/dave_interfaces/msg/rosidl_generator_cpp__visibility_control.hpp
-- Symlinking: /home/namtruong/uuv_sim_home/install/dave_interfaces/include/dave_interfaces/dave_interfaces/msg/stratified_current_database.hpp
-- Symlinking: /home/namtruong/uuv_sim_home/install/dave_interfaces/include/dave_interfaces/dave_interfaces/msg/stratified_current_velocity.hpp
-- Symlinking: /home/namtruong/uuv_sim_home/install/dave_interfaces/include/dave_interfaces/dave_interfaces/msg/usbl_command.hpp
-- Symlinking: /home/namtruong/uuv_sim_home/install/dave_interfaces/include/dave_interfaces/dave_interfaces/msg/usbl_response.hpp
-- Symlinking: /home/namtruong/uuv_sim_home/install/dave_interfaces/include/dave_interfaces/dave_interfaces/srv/detail/get_current_model__builder.hpp
-- Symlinking: /home/namtruong/uuv_sim_home/install/dave_interfaces/include/dave_interfaces/dave_interfaces/srv/detail/get_current_model__struct.hpp
-- Symlinking: /home/namtruong/uuv_sim_home/install/dave_interfaces/include/dave_interfaces/dave_interfaces/srv/detail/get_current_model__traits.hpp
-- Symlinking: /home/namtruong/uuv_sim_home/install/dave_interfaces/include/dave_interfaces/dave_interfaces/srv/detail/get_current_model__type_support.hpp
-- Symlinking: /home/namtruong/uuv_sim_home/install/dave_interfaces/include/dave_interfaces/dave_interfaces/srv/detail/get_origin_spherical_coord__builder.hpp
-- Symlinking: /home/namtruong/uuv_sim_home/install/dave_interfaces/include/dave_interfaces/dave_interfaces/srv/detail/get_origin_spherical_coord__struct.hpp
-- Symlinking: /home/namtruong/uuv_sim_home/install/dave_interfaces/include/dave_interfaces/dave_interfaces/srv/detail/get_origin_spherical_coord__traits.hpp
-- Symlinking: /home/namtruong/uuv_sim_home/install/dave_interfaces/include/dave_interfaces/dave_interfaces/srv/detail/get_origin_spherical_coord__type_support.hpp
-- Symlinking: /home/namtruong/uuv_sim_home/install/dave_interfaces/include/dave_interfaces/dave_interfaces/srv/detail/set_current_direction__builder.hpp
-- Symlinking: /home/namtruong/uuv_sim_home/install/dave_interfaces/include/dave_interfaces/dave_interfaces/srv/detail/set_current_direction__struct.hpp
-- Symlinking: /home/namtruong/uuv_sim_home/install/dave_interfaces/include/dave_interfaces/dave_interfaces/srv/detail/set_current_direction__traits.hpp
-- Symlinking: /home/namtruong/uuv_sim_home/install/dave_interfaces/include/dave_interfaces/dave_interfaces/srv/detail/set_current_direction__type_support.hpp
-- Symlinking: /home/namtruong/uuv_sim_home/install/dave_interfaces/include/dave_interfaces/dave_interfaces/srv/detail/set_current_model__builder.hpp
-- Symlinking: /home/namtruong/uuv_sim_home/install/dave_interfaces/include/dave_interfaces/dave_interfaces/srv/detail/set_current_model__struct.hpp
-- Symlinking: /home/namtruong/uuv_sim_home/install/dave_interfaces/include/dave_interfaces/dave_interfaces/srv/detail/set_current_model__traits.hpp
-- Symlinking: /home/namtruong/uuv_sim_home/install/dave_interfaces/include/dave_interfaces/dave_interfaces/srv/detail/set_current_model__type_support.hpp
-- Symlinking: /home/namtruong/uuv_sim_home/install/dave_interfaces/include/dave_interfaces/dave_interfaces/srv/detail/set_current_velocity__builder.hpp
-- Symlinking: /home/namtruong/uuv_sim_home/install/dave_interfaces/include/dave_interfaces/dave_interfaces/srv/detail/set_current_velocity__struct.hpp
-- Symlinking: /home/namtruong/uuv_sim_home/install/dave_interfaces/include/dave_interfaces/dave_interfaces/srv/detail/set_current_velocity__traits.hpp
-- Symlinking: /home/namtruong/uuv_sim_home/install/dave_interfaces/include/dave_interfaces/dave_interfaces/srv/detail/set_current_velocity__type_support.hpp
-- Symlinking: /home/namtruong/uuv_sim_home/install/dave_interfaces/include/dave_interfaces/dave_interfaces/srv/detail/set_origin_spherical_coord__builder.hpp
-- Symlinking: /home/namtruong/uuv_sim_home/install/dave_interfaces/include/dave_interfaces/dave_interfaces/srv/detail/set_origin_spherical_coord__struct.hpp
-- Symlinking: /home/namtruong/uuv_sim_home/install/dave_interfaces/include/dave_interfaces/dave_interfaces/srv/detail/set_origin_spherical_coord__traits.hpp
-- Symlinking: /home/namtruong/uuv_sim_home/install/dave_interfaces/include/dave_interfaces/dave_interfaces/srv/detail/set_origin_spherical_coord__type_support.hpp
-- Symlinking: /home/namtruong/uuv_sim_home/install/dave_interfaces/include/dave_interfaces/dave_interfaces/srv/detail/set_stratified_current_direction__builder.hpp
-- Symlinking: /home/namtruong/uuv_sim_home/install/dave_interfaces/include/dave_interfaces/dave_interfaces/srv/detail/set_stratified_current_direction__struct.hpp
-- Symlinking: /home/namtruong/uuv_sim_home/install/dave_interfaces/include/dave_interfaces/dave_interfaces/srv/detail/set_stratified_current_direction__traits.hpp
-- Symlinking: /home/namtruong/uuv_sim_home/install/dave_interfaces/include/dave_interfaces/dave_interfaces/srv/detail/set_stratified_current_direction__type_support.hpp
-- Symlinking: /home/namtruong/uuv_sim_home/install/dave_interfaces/include/dave_interfaces/dave_interfaces/srv/detail/set_stratified_current_velocity__builder.hpp
-- Symlinking: /home/namtruong/uuv_sim_home/install/dave_interfaces/include/dave_interfaces/dave_interfaces/srv/detail/set_stratified_current_velocity__struct.hpp
-- Symlinking: /home/namtruong/uuv_sim_home/install/dave_interfaces/include/dave_interfaces/dave_interfaces/srv/detail/set_stratified_current_velocity__traits.hpp
-- Symlinking: /home/namtruong/uuv_sim_home/install/dave_interfaces/include/dave_interfaces/dave_interfaces/srv/detail/set_stratified_current_velocity__type_support.hpp
-- Symlinking: /home/namtruong/uuv_sim_home/install/dave_interfaces/include/dave_interfaces/dave_interfaces/srv/detail/transform_from_spherical_coord__builder.hpp
-- Symlinking: /home/namtruong/uuv_sim_home/install/dave_interfaces/include/dave_interfaces/dave_interfaces/srv/detail/transform_from_spherical_coord__struct.hpp
-- Symlinking: /home/namtruong/uuv_sim_home/install/dave_interfaces/include/dave_interfaces/dave_interfaces/srv/detail/transform_from_spherical_coord__traits.hpp
-- Symlinking: /home/namtruong/uuv_sim_home/install/dave_interfaces/include/dave_interfaces/dave_interfaces/srv/detail/transform_from_spherical_coord__type_support.hpp
-- Symlinking: /home/namtruong/uuv_sim_home/install/dave_interfaces/include/dave_interfaces/dave_interfaces/srv/detail/transform_to_spherical_coord__builder.hpp
-- Symlinking: /home/namtruong/uuv_sim_home/install/dave_interfaces/include/dave_interfaces/dave_interfaces/srv/detail/transform_to_spherical_coord__struct.hpp
-- Symlinking: /home/namtruong/uuv_sim_home/install/dave_interfaces/include/dave_interfaces/dave_interfaces/srv/detail/transform_to_spherical_coord__traits.hpp
-- Symlinking: /home/namtruong/uuv_sim_home/install/dave_interfaces/include/dave_interfaces/dave_interfaces/srv/detail/transform_to_spherical_coord__type_support.hpp
-- Symlinking: /home/namtruong/uuv_sim_home/install/dave_interfaces/include/dave_interfaces/dave_interfaces/srv/get_current_model.hpp
-- Symlinking: /home/namtruong/uuv_sim_home/install/dave_interfaces/include/dave_interfaces/dave_interfaces/srv/get_origin_spherical_coord.hpp
-- Symlinking: /home/namtruong/uuv_sim_home/install/dave_interfaces/include/dave_interfaces/dave_interfaces/srv/set_current_direction.hpp
-- Symlinking: /home/namtruong/uuv_sim_home/install/dave_interfaces/include/dave_interfaces/dave_interfaces/srv/set_current_model.hpp
-- Symlinking: /home/namtruong/uuv_sim_home/install/dave_interfaces/include/dave_interfaces/dave_interfaces/srv/set_current_velocity.hpp
-- Symlinking: /home/namtruong/uuv_sim_home/install/dave_interfaces/include/dave_interfaces/dave_interfaces/srv/set_origin_spherical_coord.hpp
-- Symlinking: /home/namtruong/uuv_sim_home/install/dave_interfaces/include/dave_interfaces/dave_interfaces/srv/set_stratified_current_direction.hpp
-- Symlinking: /home/namtruong/uuv_sim_home/install/dave_interfaces/include/dave_interfaces/dave_interfaces/srv/set_stratified_current_velocity.hpp
-- Symlinking: /home/namtruong/uuv_sim_home/install/dave_interfaces/include/dave_interfaces/dave_interfaces/srv/transform_from_spherical_coord.hpp
-- Symlinking: /home/namtruong/uuv_sim_home/install/dave_interfaces/include/dave_interfaces/dave_interfaces/srv/transform_to_spherical_coord.hpp
-- Symlinking: /home/namtruong/uuv_sim_home/install/dave_interfaces/include/dave_interfaces/dave_interfaces/msg/detail/dvl__rosidl_typesupport_fastrtps_cpp.hpp
-- Symlinking: /home/namtruong/uuv_sim_home/install/dave_interfaces/include/dave_interfaces/dave_interfaces/msg/detail/dvl_beam__rosidl_typesupport_fastrtps_cpp.hpp
-- Symlinking: /home/namtruong/uuv_sim_home/install/dave_interfaces/include/dave_interfaces/dave_interfaces/msg/detail/dvl_target__rosidl_typesupport_fastrtps_cpp.hpp
-- Symlinking: /home/namtruong/uuv_sim_home/install/dave_interfaces/include/dave_interfaces/dave_interfaces/msg/detail/location__rosidl_typesupport_fastrtps_cpp.hpp
-- Symlinking: /home/namtruong/uuv_sim_home/install/dave_interfaces/include/dave_interfaces/dave_interfaces/msg/detail/stratified_current_database__rosidl_typesupport_fastrtps_cpp.hpp
-- Symlinking: /home/namtruong/uuv_sim_home/install/dave_interfaces/include/dave_interfaces/dave_interfaces/msg/detail/stratified_current_velocity__rosidl_typesupport_fastrtps_cpp.hpp
-- Symlinking: /home/namtruong/uuv_sim_home/install/dave_interfaces/include/dave_interfaces/dave_interfaces/msg/detail/usbl_command__rosidl_typesupport_fastrtps_cpp.hpp
-- Symlinking: /home/namtruong/uuv_sim_home/install/dave_interfaces/include/dave_interfaces/dave_interfaces/msg/detail/usbl_response__rosidl_typesupport_fastrtps_cpp.hpp
-- Symlinking: /home/namtruong/uuv_sim_home/install/dave_interfaces/include/dave_interfaces/dave_interfaces/msg/rosidl_typesupport_fastrtps_cpp__visibility_control.h
-- Symlinking: /home/namtruong/uuv_sim_home/install/dave_interfaces/include/dave_interfaces/dave_interfaces/srv/detail/get_current_model__rosidl_typesupport_fastrtps_cpp.hpp
-- Symlinking: /home/namtruong/uuv_sim_home/install/dave_interfaces/include/dave_interfaces/dave_interfaces/srv/detail/get_origin_spherical_coord__rosidl_typesupport_fastrtps_cpp.hpp
-- Symlinking: /home/namtruong/uuv_sim_home/install/dave_interfaces/include/dave_interfaces/dave_interfaces/srv/detail/set_current_direction__rosidl_typesupport_fastrtps_cpp.hpp
-- Symlinking: /home/namtruong/uuv_sim_home/install/dave_interfaces/include/dave_interfaces/dave_interfaces/srv/detail/set_current_model__rosidl_typesupport_fastrtps_cpp.hpp
-- Symlinking: /home/namtruong/uuv_sim_home/install/dave_interfaces/include/dave_interfaces/dave_interfaces/srv/detail/set_current_velocity__rosidl_typesupport_fastrtps_cpp.hpp
-- Symlinking: /home/namtruong/uuv_sim_home/install/dave_interfaces/include/dave_interfaces/dave_interfaces/srv/detail/set_origin_spherical_coord__rosidl_typesupport_fastrtps_cpp.hpp
-- Symlinking: /home/namtruong/uuv_sim_home/install/dave_interfaces/include/dave_interfaces/dave_interfaces/srv/detail/set_stratified_current_direction__rosidl_typesupport_fastrtps_cpp.hpp
-- Symlinking: /home/namtruong/uuv_sim_home/install/dave_interfaces/include/dave_interfaces/dave_interfaces/srv/detail/set_stratified_current_velocity__rosidl_typesupport_fastrtps_cpp.hpp
-- Symlinking: /home/namtruong/uuv_sim_home/install/dave_interfaces/include/dave_interfaces/dave_interfaces/srv/detail/transform_from_spherical_coord__rosidl_typesupport_fastrtps_cpp.hpp
-- Symlinking: /home/namtruong/uuv_sim_home/install/dave_interfaces/include/dave_interfaces/dave_interfaces/srv/detail/transform_to_spherical_coord__rosidl_typesupport_fastrtps_cpp.hpp
-- Symlinking: /home/namtruong/uuv_sim_home/install/dave_interfaces/include/dave_interfaces/dave_interfaces/msg/detail/dvl__rosidl_typesupport_introspection_c.h
-- Symlinking: /home/namtruong/uuv_sim_home/install/dave_interfaces/include/dave_interfaces/dave_interfaces/msg/detail/dvl_beam__rosidl_typesupport_introspection_c.h
-- Symlinking: /home/namtruong/uuv_sim_home/install/dave_interfaces/include/dave_interfaces/dave_interfaces/msg/detail/dvl_target__rosidl_typesupport_introspection_c.h
-- Symlinking: /home/namtruong/uuv_sim_home/install/dave_interfaces/include/dave_interfaces/dave_interfaces/msg/detail/location__rosidl_typesupport_introspection_c.h
-- Symlinking: /home/namtruong/uuv_sim_home/install/dave_interfaces/include/dave_interfaces/dave_interfaces/msg/detail/stratified_current_database__rosidl_typesupport_introspection_c.h
-- Symlinking: /home/namtruong/uuv_sim_home/install/dave_interfaces/include/dave_interfaces/dave_interfaces/msg/detail/stratified_current_velocity__rosidl_typesupport_introspection_c.h
-- Symlinking: /home/namtruong/uuv_sim_home/install/dave_interfaces/include/dave_interfaces/dave_interfaces/msg/detail/usbl_command__rosidl_typesupport_introspection_c.h
-- Symlinking: /home/namtruong/uuv_sim_home/install/dave_interfaces/include/dave_interfaces/dave_interfaces/msg/detail/usbl_response__rosidl_typesupport_introspection_c.h
-- Symlinking: /home/namtruong/uuv_sim_home/install/dave_interfaces/include/dave_interfaces/dave_interfaces/msg/rosidl_typesupport_introspection_c__visibility_control.h
-- Symlinking: /home/namtruong/uuv_sim_home/install/dave_interfaces/include/dave_interfaces/dave_interfaces/srv/detail/get_current_model__rosidl_typesupport_introspection_c.h
-- Symlinking: /home/namtruong/uuv_sim_home/install/dave_interfaces/include/dave_interfaces/dave_interfaces/srv/detail/get_origin_spherical_coord__rosidl_typesupport_introspection_c.h
-- Symlinking: /home/namtruong/uuv_sim_home/install/dave_interfaces/include/dave_interfaces/dave_interfaces/srv/detail/set_current_direction__rosidl_typesupport_introspection_c.h
-- Symlinking: /home/namtruong/uuv_sim_home/install/dave_interfaces/include/dave_interfaces/dave_interfaces/srv/detail/set_current_model__rosidl_typesupport_introspection_c.h
-- Symlinking: /home/namtruong/uuv_sim_home/install/dave_interfaces/include/dave_interfaces/dave_interfaces/srv/detail/set_current_velocity__rosidl_typesupport_introspection_c.h
-- Symlinking: /home/namtruong/uuv_sim_home/install/dave_interfaces/include/dave_interfaces/dave_interfaces/srv/detail/set_origin_spherical_coord__rosidl_typesupport_introspection_c.h
-- Symlinking: /home/namtruong/uuv_sim_home/install/dave_interfaces/include/dave_interfaces/dave_interfaces/srv/detail/set_stratified_current_direction__rosidl_typesupport_introspection_c.h
-- Symlinking: /home/namtruong/uuv_sim_home/install/dave_interfaces/include/dave_interfaces/dave_interfaces/srv/detail/set_stratified_current_velocity__rosidl_typesupport_introspection_c.h
-- Symlinking: /home/namtruong/uuv_sim_home/install/dave_interfaces/include/dave_interfaces/dave_interfaces/srv/detail/transform_from_spherical_coord__rosidl_typesupport_introspection_c.h
-- Symlinking: /home/namtruong/uuv_sim_home/install/dave_interfaces/include/dave_interfaces/dave_interfaces/srv/detail/transform_to_spherical_coord__rosidl_typesupport_introspection_c.h
-- Symlinking: /home/namtruong/uuv_sim_home/install/dave_interfaces/include/dave_interfaces/dave_interfaces/msg/detail/dvl__rosidl_typesupport_introspection_cpp.hpp
-- Symlinking: /home/namtruong/uuv_sim_home/install/dave_interfaces/include/dave_interfaces/dave_interfaces/msg/detail/dvl_beam__rosidl_typesupport_introspection_cpp.hpp
-- Symlinking: /home/namtruong/uuv_sim_home/install/dave_interfaces/include/dave_interfaces/dave_interfaces/msg/detail/dvl_target__rosidl_typesupport_introspection_cpp.hpp
-- Symlinking: /home/namtruong/uuv_sim_home/install/dave_interfaces/include/dave_interfaces/dave_interfaces/msg/detail/location__rosidl_typesupport_introspection_cpp.hpp
-- Symlinking: /home/namtruong/uuv_sim_home/install/dave_interfaces/include/dave_interfaces/dave_interfaces/msg/detail/stratified_current_database__rosidl_typesupport_introspection_cpp.hpp
-- Symlinking: /home/namtruong/uuv_sim_home/install/dave_interfaces/include/dave_interfaces/dave_interfaces/msg/detail/stratified_current_velocity__rosidl_typesupport_introspection_cpp.hpp
-- Symlinking: /home/namtruong/uuv_sim_home/install/dave_interfaces/include/dave_interfaces/dave_interfaces/msg/detail/usbl_command__rosidl_typesupport_introspection_cpp.hpp
-- Symlinking: /home/namtruong/uuv_sim_home/install/dave_interfaces/include/dave_interfaces/dave_interfaces/msg/detail/usbl_response__rosidl_typesupport_introspection_cpp.hpp
-- Symlinking: /home/namtruong/uuv_sim_home/install/dave_interfaces/include/dave_interfaces/dave_interfaces/srv/detail/get_current_model__rosidl_typesupport_introspection_cpp.hpp
-- Symlinking: /home/namtruong/uuv_sim_home/install/dave_interfaces/include/dave_interfaces/dave_interfaces/srv/detail/get_origin_spherical_coord__rosidl_typesupport_introspection_cpp.hpp
-- Symlinking: /home/namtruong/uuv_sim_home/install/dave_interfaces/include/dave_interfaces/dave_interfaces/srv/detail/set_current_direction__rosidl_typesupport_introspection_cpp.hpp
-- Symlinking: /home/namtruong/uuv_sim_home/install/dave_interfaces/include/dave_interfaces/dave_interfaces/srv/detail/set_current_model__rosidl_typesupport_introspection_cpp.hpp
-- Symlinking: /home/namtruong/uuv_sim_home/install/dave_interfaces/include/dave_interfaces/dave_interfaces/srv/detail/set_current_velocity__rosidl_typesupport_introspection_cpp.hpp
-- Symlinking: /home/namtruong/uuv_sim_home/install/dave_interfaces/include/dave_interfaces/dave_interfaces/srv/detail/set_origin_spherical_coord__rosidl_typesupport_introspection_cpp.hpp
-- Symlinking: /home/namtruong/uuv_sim_home/install/dave_interfaces/include/dave_interfaces/dave_interfaces/srv/detail/set_stratified_current_direction__rosidl_typesupport_introspection_cpp.hpp
-- Symlinking: /home/namtruong/uuv_sim_home/install/dave_interfaces/include/dave_interfaces/dave_interfaces/srv/detail/set_stratified_current_velocity__rosidl_typesupport_introspection_cpp.hpp
-- Symlinking: /home/namtruong/uuv_sim_home/install/dave_interfaces/include/dave_interfaces/dave_interfaces/srv/detail/transform_from_spherical_coord__rosidl_typesupport_introspection_cpp.hpp
-- Symlinking: /home/namtruong/uuv_sim_home/install/dave_interfaces/include/dave_interfaces/dave_interfaces/srv/detail/transform_to_spherical_coord__rosidl_typesupport_introspection_cpp.hpp
-- Symlinking: /home/namtruong/uuv_sim_home/install/dave_interfaces/share/dave_interfaces/environment/pythonpath.sh
-- Symlinking: /home/namtruong/uuv_sim_home/install/dave_interfaces/share/dave_interfaces/environment/pythonpath.dsv
-- Symlinking: /home/namtruong/uuv_sim_home/install/dave_interfaces/lib/python3.12/site-packages/dave_interfaces-0.0.0-py3.12.egg-info/PKG-INFO
-- Symlinking: /home/namtruong/uuv_sim_home/install/dave_interfaces/lib/python3.12/site-packages/dave_interfaces-0.0.0-py3.12.egg-info/SOURCES.txt
-- Symlinking: /home/namtruong/uuv_sim_home/install/dave_interfaces/lib/python3.12/site-packages/dave_interfaces-0.0.0-py3.12.egg-info/dependency_links.txt
-- Symlinking: /home/namtruong/uuv_sim_home/install/dave_interfaces/lib/python3.12/site-packages/dave_interfaces-0.0.0-py3.12.egg-info/top_level.txt
-- Symlinking: /home/namtruong/uuv_sim_home/install/dave_interfaces/lib/python3.12/site-packages/dave_interfaces/__init__.py
-- Symlinking: /home/namtruong/uuv_sim_home/install/dave_interfaces/lib/python3.12/site-packages/dave_interfaces/_dave_interfaces_s.ep.rosidl_typesupport_c.c
-- Symlinking: /home/namtruong/uuv_sim_home/install/dave_interfaces/lib/python3.12/site-packages/dave_interfaces/_dave_interfaces_s.ep.rosidl_typesupport_fastrtps_c.c
-- Symlinking: /home/namtruong/uuv_sim_home/install/dave_interfaces/lib/python3.12/site-packages/dave_interfaces/_dave_interfaces_s.ep.rosidl_typesupport_introspection_c.c
-- Symlinking: /home/namtruong/uuv_sim_home/install/dave_interfaces/lib/python3.12/site-packages/dave_interfaces/dave_interfaces_s__rosidl_typesupport_c.so
-- Symlinking: /home/namtruong/uuv_sim_home/install/dave_interfaces/lib/python3.12/site-packages/dave_interfaces/dave_interfaces_s__rosidl_typesupport_fastrtps_c.so
-- Symlinking: /home/namtruong/uuv_sim_home/install/dave_interfaces/lib/python3.12/site-packages/dave_interfaces/dave_interfaces_s__rosidl_typesupport_introspection_c.so
-- Symlinking: /home/namtruong/uuv_sim_home/install/dave_interfaces/lib/python3.12/site-packages/dave_interfaces/msg/__init__.py
-- Symlinking: /home/namtruong/uuv_sim_home/install/dave_interfaces/lib/python3.12/site-packages/dave_interfaces/msg/_dvl.py
-- Symlinking: /home/namtruong/uuv_sim_home/install/dave_interfaces/lib/python3.12/site-packages/dave_interfaces/msg/_dvl_beam.py
-- Symlinking: /home/namtruong/uuv_sim_home/install/dave_interfaces/lib/python3.12/site-packages/dave_interfaces/msg/_dvl_beam_s.c
-- Symlinking: /home/namtruong/uuv_sim_home/install/dave_interfaces/lib/python3.12/site-packages/dave_interfaces/msg/_dvl_s.c
-- Symlinking: /home/namtruong/uuv_sim_home/install/dave_interfaces/lib/python3.12/site-packages/dave_interfaces/msg/_dvl_target.py
-- Symlinking: /home/namtruong/uuv_sim_home/install/dave_interfaces/lib/python3.12/site-packages/dave_interfaces/msg/_dvl_target_s.c
-- Symlinking: /home/namtruong/uuv_sim_home/install/dave_interfaces/lib/python3.12/site-packages/dave_interfaces/msg/_location.py
-- Symlinking: /home/namtruong/uuv_sim_home/install/dave_interfaces/lib/python3.12/site-packages/dave_interfaces/msg/_location_s.c
-- Symlinking: /home/namtruong/uuv_sim_home/install/dave_interfaces/lib/python3.12/site-packages/dave_interfaces/msg/_stratified_current_database.py
-- Symlinking: /home/namtruong/uuv_sim_home/install/dave_interfaces/lib/python3.12/site-packages/dave_interfaces/msg/_stratified_current_database_s.c
-- Symlinking: /home/namtruong/uuv_sim_home/install/dave_interfaces/lib/python3.12/site-packages/dave_interfaces/msg/_stratified_current_velocity.py
-- Symlinking: /home/namtruong/uuv_sim_home/install/dave_interfaces/lib/python3.12/site-packages/dave_interfaces/msg/_stratified_current_velocity_s.c
-- Symlinking: /home/namtruong/uuv_sim_home/install/dave_interfaces/lib/python3.12/site-packages/dave_interfaces/msg/_usbl_command.py
-- Symlinking: /home/namtruong/uuv_sim_home/install/dave_interfaces/lib/python3.12/site-packages/dave_interfaces/msg/_usbl_command_s.c
-- Symlinking: /home/namtruong/uuv_sim_home/install/dave_interfaces/lib/python3.12/site-packages/dave_interfaces/msg/_usbl_response.py
-- Symlinking: /home/namtruong/uuv_sim_home/install/dave_interfaces/lib/python3.12/site-packages/dave_interfaces/msg/_usbl_response_s.c
-- Symlinking: /home/namtruong/uuv_sim_home/install/dave_interfaces/lib/python3.12/site-packages/dave_interfaces/srv/__init__.py
-- Symlinking: /home/namtruong/uuv_sim_home/install/dave_interfaces/lib/python3.12/site-packages/dave_interfaces/srv/_get_current_model.py
-- Symlinking: /home/namtruong/uuv_sim_home/install/dave_interfaces/lib/python3.12/site-packages/dave_interfaces/srv/_get_current_model_s.c
-- Symlinking: /home/namtruong/uuv_sim_home/install/dave_interfaces/lib/python3.12/site-packages/dave_interfaces/srv/_get_origin_spherical_coord.py
-- Symlinking: /home/namtruong/uuv_sim_home/install/dave_interfaces/lib/python3.12/site-packages/dave_interfaces/srv/_get_origin_spherical_coord_s.c
-- Symlinking: /home/namtruong/uuv_sim_home/install/dave_interfaces/lib/python3.12/site-packages/dave_interfaces/srv/_set_current_direction.py
-- Symlinking: /home/namtruong/uuv_sim_home/install/dave_interfaces/lib/python3.12/site-packages/dave_interfaces/srv/_set_current_direction_s.c
-- Symlinking: /home/namtruong/uuv_sim_home/install/dave_interfaces/lib/python3.12/site-packages/dave_interfaces/srv/_set_current_model.py
-- Symlinking: /home/namtruong/uuv_sim_home/install/dave_interfaces/lib/python3.12/site-packages/dave_interfaces/srv/_set_current_model_s.c
-- Symlinking: /home/namtruong/uuv_sim_home/install/dave_interfaces/lib/python3.12/site-packages/dave_interfaces/srv/_set_current_velocity.py
-- Symlinking: /home/namtruong/uuv_sim_home/install/dave_interfaces/lib/python3.12/site-packages/dave_interfaces/srv/_set_current_velocity_s.c
-- Symlinking: /home/namtruong/uuv_sim_home/install/dave_interfaces/lib/python3.12/site-packages/dave_interfaces/srv/_set_origin_spherical_coord.py
-- Symlinking: /home/namtruong/uuv_sim_home/install/dave_interfaces/lib/python3.12/site-packages/dave_interfaces/srv/_set_origin_spherical_coord_s.c
-- Symlinking: /home/namtruong/uuv_sim_home/install/dave_interfaces/lib/python3.12/site-packages/dave_interfaces/srv/_set_stratified_current_direction.py
-- Symlinking: /home/namtruong/uuv_sim_home/install/dave_interfaces/lib/python3.12/site-packages/dave_interfaces/srv/_set_stratified_current_direction_s.c
-- Symlinking: /home/namtruong/uuv_sim_home/install/dave_interfaces/lib/python3.12/site-packages/dave_interfaces/srv/_set_stratified_current_velocity.py
-- Symlinking: /home/namtruong/uuv_sim_home/install/dave_interfaces/lib/python3.12/site-packages/dave_interfaces/srv/_set_stratified_current_velocity_s.c
-- Symlinking: /home/namtruong/uuv_sim_home/install/dave_interfaces/lib/python3.12/site-packages/dave_interfaces/srv/_transform_from_spherical_coord.py
-- Symlinking: /home/namtruong/uuv_sim_home/install/dave_interfaces/lib/python3.12/site-packages/dave_interfaces/srv/_transform_from_spherical_coord_s.c
-- Symlinking: /home/namtruong/uuv_sim_home/install/dave_interfaces/lib/python3.12/site-packages/dave_interfaces/srv/_transform_to_spherical_coord.py
-- Symlinking: /home/namtruong/uuv_sim_home/install/dave_interfaces/lib/python3.12/site-packages/dave_interfaces/srv/_transform_to_spherical_coord_s.c
-- Up-to-date symlink: /home/namtruong/uuv_sim_home/install/dave_interfaces/lib/python3.12/site-packages/dave_interfaces/dave_interfaces_s__rosidl_typesupport_fastrtps_c.so
-- Up-to-date symlink: /home/namtruong/uuv_sim_home/install/dave_interfaces/lib/python3.12/site-packages/dave_interfaces/dave_interfaces_s__rosidl_typesupport_introspection_c.so
-- Up-to-date symlink: /home/namtruong/uuv_sim_home/install/dave_interfaces/lib/python3.12/site-packages/dave_interfaces/dave_interfaces_s__rosidl_typesupport_c.so
-- Symlinking: /home/namtruong/uuv_sim_home/install/dave_interfaces/share/ament_index/resource_index/rust_packages/dave_interfaces
-- Symlinking: /home/namtruong/uuv_sim_home/install/dave_interfaces/share/dave_interfaces/rust/Cargo.toml
-- Symlinking: /home/namtruong/uuv_sim_home/install/dave_interfaces/share/dave_interfaces/rust/build.rs
-- Symlinking: /home/namtruong/uuv_sim_home/install/dave_interfaces/share/dave_interfaces/rust/src/lib.rs
-- Symlinking: /home/namtruong/uuv_sim_home/install/dave_interfaces/share/dave_interfaces/rust/src/msg.rs
-- Symlinking: /home/namtruong/uuv_sim_home/install/dave_interfaces/share/dave_interfaces/rust/src/msg/rmw.rs
-- Symlinking: /home/namtruong/uuv_sim_home/install/dave_interfaces/share/dave_interfaces/rust/src/srv.rs
-- Symlinking: /home/namtruong/uuv_sim_home/install/dave_interfaces/share/dave_interfaces/rust/src/srv/rmw.rs
-- Symlinking: /home/namtruong/uuv_sim_home/install/dave_interfaces/share/dave_interfaces/msg/UsblCommand.idl
-- Symlinking: /home/namtruong/uuv_sim_home/install/dave_interfaces/share/dave_interfaces/msg/UsblResponse.idl
-- Symlinking: /home/namtruong/uuv_sim_home/install/dave_interfaces/share/dave_interfaces/msg/Location.idl
-- Symlinking: /home/namtruong/uuv_sim_home/install/dave_interfaces/share/dave_interfaces/msg/DVL.idl
-- Symlinking: /home/namtruong/uuv_sim_home/install/dave_interfaces/share/dave_interfaces/msg/DVLBeam.idl
-- Symlinking: /home/namtruong/uuv_sim_home/install/dave_interfaces/share/dave_interfaces/msg/DVLTarget.idl
-- Symlinking: /home/namtruong/uuv_sim_home/install/dave_interfaces/share/dave_interfaces/msg/StratifiedCurrentVelocity.idl
-- Symlinking: /home/namtruong/uuv_sim_home/install/dave_interfaces/share/dave_interfaces/msg/StratifiedCurrentDatabase.idl
-- Symlinking: /home/namtruong/uuv_sim_home/install/dave_interfaces/share/dave_interfaces/srv/SetOriginSphericalCoord.idl
-- Symlinking: /home/namtruong/uuv_sim_home/install/dave_interfaces/share/dave_interfaces/srv/GetOriginSphericalCoord.idl
-- Symlinking: /home/namtruong/uuv_sim_home/install/dave_interfaces/share/dave_interfaces/srv/TransformToSphericalCoord.idl
-- Symlinking: /home/namtruong/uuv_sim_home/install/dave_interfaces/share/dave_interfaces/srv/TransformFromSphericalCoord.idl
-- Symlinking: /home/namtruong/uuv_sim_home/install/dave_interfaces/share/dave_interfaces/srv/GetCurrentModel.idl
-- Symlinking: /home/namtruong/uuv_sim_home/install/dave_interfaces/share/dave_interfaces/srv/SetCurrentModel.idl
-- Symlinking: /home/namtruong/uuv_sim_home/install/dave_interfaces/share/dave_interfaces/srv/SetCurrentDirection.idl
-- Symlinking: /home/namtruong/uuv_sim_home/install/dave_interfaces/share/dave_interfaces/srv/SetCurrentVelocity.idl
-- Symlinking: /home/namtruong/uuv_sim_home/install/dave_interfaces/share/dave_interfaces/srv/SetStratifiedCurrentVelocity.idl
-- Symlinking: /home/namtruong/uuv_sim_home/install/dave_interfaces/share/dave_interfaces/srv/SetStratifiedCurrentDirection.idl
-- Symlinking: /home/namtruong/uuv_sim_home/install/dave_interfaces/share/dave_interfaces/msg/UsblCommand.msg
-- Symlinking: /home/namtruong/uuv_sim_home/install/dave_interfaces/share/dave_interfaces/msg/UsblResponse.msg
-- Symlinking: /home/namtruong/uuv_sim_home/install/dave_interfaces/share/dave_interfaces/msg/Location.msg
-- Symlinking: /home/namtruong/uuv_sim_home/install/dave_interfaces/share/dave_interfaces/msg/DVL.msg
-- Symlinking: /home/namtruong/uuv_sim_home/install/dave_interfaces/share/dave_interfaces/msg/DVLBeam.msg
-- Symlinking: /home/namtruong/uuv_sim_home/install/dave_interfaces/share/dave_interfaces/msg/DVLTarget.msg
-- Symlinking: /home/namtruong/uuv_sim_home/install/dave_interfaces/share/dave_interfaces/msg/StratifiedCurrentVelocity.msg
-- Symlinking: /home/namtruong/uuv_sim_home/install/dave_interfaces/share/dave_interfaces/msg/StratifiedCurrentDatabase.msg
-- Symlinking: /home/namtruong/uuv_sim_home/install/dave_interfaces/share/dave_interfaces/srv/SetOriginSphericalCoord.srv
-- Symlinking: /home/namtruong/uuv_sim_home/install/dave_interfaces/share/dave_interfaces/srv/GetOriginSphericalCoord.srv
-- Symlinking: /home/namtruong/uuv_sim_home/install/dave_interfaces/share/dave_interfaces/srv/TransformToSphericalCoord.srv
-- Symlinking: /home/namtruong/uuv_sim_home/install/dave_interfaces/share/dave_interfaces/srv/TransformFromSphericalCoord.srv
-- Symlinking: /home/namtruong/uuv_sim_home/install/dave_interfaces/share/dave_interfaces/srv/GetCurrentModel.srv
-- Symlinking: /home/namtruong/uuv_sim_home/install/dave_interfaces/share/dave_interfaces/srv/SetCurrentModel.srv
-- Symlinking: /home/namtruong/uuv_sim_home/install/dave_interfaces/share/dave_interfaces/srv/SetCurrentDirection.srv
-- Symlinking: /home/namtruong/uuv_sim_home/install/dave_interfaces/share/dave_interfaces/srv/SetCurrentVelocity.srv
-- Symlinking: /home/namtruong/uuv_sim_home/install/dave_interfaces/share/dave_interfaces/srv/SetStratifiedCurrentVelocity.srv
-- Symlinking: /home/namtruong/uuv_sim_home/install/dave_interfaces/share/dave_interfaces/srv/SetStratifiedCurrentDirection.srv
-- Symlinking: /home/namtruong/uuv_sim_home/install/dave_interfaces/share/dave_interfaces/package.xml
-- Symlinking: /home/namtruong/uuv_sim_home/install/dave_interfaces/share/ament_index/resource_index/package_run_dependencies/dave_interfaces
-- Symlinking: /home/namtruong/uuv_sim_home/install/dave_interfaces/share/ament_index/resource_index/parent_prefix_path/dave_interfaces
-- Symlinking: /home/namtruong/uuv_sim_home/install/dave_interfaces/share/dave_interfaces/environment/ament_prefix_path.sh
-- Symlinking: /home/namtruong/uuv_sim_home/install/dave_interfaces/share/dave_interfaces/environment/ament_prefix_path.dsv
-- Symlinking: /home/namtruong/uuv_sim_home/install/dave_interfaces/share/dave_interfaces/environment/path.sh
-- Symlinking: /home/namtruong/uuv_sim_home/install/dave_interfaces/share/dave_interfaces/environment/path.dsv
-- Symlinking: /home/namtruong/uuv_sim_home/install/dave_interfaces/share/dave_interfaces/local_setup.bash
-- Symlinking: /home/namtruong/uuv_sim_home/install/dave_interfaces/share/dave_interfaces/local_setup.sh
-- Symlinking: /home/namtruong/uuv_sim_home/install/dave_interfaces/share/dave_interfaces/local_setup.zsh
-- Symlinking: /home/namtruong/uuv_sim_home/install/dave_interfaces/share/dave_interfaces/local_setup.dsv
-- Symlinking: /home/namtruong/uuv_sim_home/install/dave_interfaces/share/dave_interfaces/package.dsv
-- Symlinking: /home/namtruong/uuv_sim_home/install/dave_interfaces/share/ament_index/resource_index/packages/dave_interfaces
-- Symlinking: /home/namtruong/uuv_sim_home/install/dave_interfaces/share/dave_interfaces/cmake/rosidl_cmake-extras.cmake
-- Symlinking: /home/namtruong/uuv_sim_home/install/dave_interfaces/share/dave_interfaces/cmake/ament_cmake_export_dependencies-extras.cmake
-- Symlinking: /home/namtruong/uuv_sim_home/install/dave_interfaces/share/dave_interfaces/cmake/ament_cmake_export_include_directories-extras.cmake
-- Symlinking: /home/namtruong/uuv_sim_home/install/dave_interfaces/share/dave_interfaces/cmake/ament_cmake_export_libraries-extras.cmake
-- Symlinking: /home/namtruong/uuv_sim_home/install/dave_interfaces/share/dave_interfaces/cmake/ament_cmake_export_targets-extras.cmake
-- Symlinking: /home/namtruong/uuv_sim_home/install/dave_interfaces/share/dave_interfaces/cmake/rosidl_cmake_export_typesupport_targets-extras.cmake
-- Symlinking: /home/namtruong/uuv_sim_home/install/dave_interfaces/share/dave_interfaces/cmake/rosidl_cmake_export_typesupport_libraries-extras.cmake
-- Symlinking: /home/namtruong/uuv_sim_home/install/dave_interfaces/share/dave_interfaces/cmake/rosidl_cmake_aggregate_target-extras.cmake
-- Symlinking: /home/namtruong/uuv_sim_home/install/dave_interfaces/share/dave_interfaces/cmake/dave_interfacesConfig.cmake
-- Symlinking: /home/namtruong/uuv_sim_home/install/dave_interfaces/share/dave_interfaces/cmake/dave_interfacesConfig-version.cmake
-- Up-to-date symlink: /home/namtruong/uuv_sim_home/install/dave_interfaces/share/dave_interfaces/package.xml
-- Installing: /home/namtruong/uuv_sim_home/install/dave_interfaces/lib/libdave_interfaces__rosidl_generator_c.so
-- Set non-toolchain portion of runtime path of "/home/namtruong/uuv_sim_home/install/dave_interfaces/lib/libdave_interfaces__rosidl_generator_c.so" to ""
-- Installing: /home/namtruong/uuv_sim_home/install/dave_interfaces/lib/libdave_interfaces__rosidl_typesupport_fastrtps_c.so
-- Set non-toolchain portion of runtime path of "/home/namtruong/uuv_sim_home/install/dave_interfaces/lib/libdave_interfaces__rosidl_typesupport_fastrtps_c.so" to ""
-- Installing: /home/namtruong/uuv_sim_home/install/dave_interfaces/lib/libdave_interfaces__rosidl_typesupport_fastrtps_cpp.so
-- Set non-toolchain portion of runtime path of "/home/namtruong/uuv_sim_home/install/dave_interfaces/lib/libdave_interfaces__rosidl_typesupport_fastrtps_cpp.so" to ""
-- Installing: /home/namtruong/uuv_sim_home/install/dave_interfaces/lib/libdave_interfaces__rosidl_typesupport_introspection_c.so
-- Set non-toolchain portion of runtime path of "/home/namtruong/uuv_sim_home/install/dave_interfaces/lib/libdave_interfaces__rosidl_typesupport_introspection_c.so" to ""
-- Installing: /home/namtruong/uuv_sim_home/install/dave_interfaces/lib/libdave_interfaces__rosidl_typesupport_c.so
-- Set non-toolchain portion of runtime path of "/home/namtruong/uuv_sim_home/install/dave_interfaces/lib/libdave_interfaces__rosidl_typesupport_c.so" to ""
-- Installing: /home/namtruong/uuv_sim_home/install/dave_interfaces/lib/libdave_interfaces__rosidl_typesupport_introspection_cpp.so
-- Set non-toolchain portion of runtime path of "/home/namtruong/uuv_sim_home/install/dave_interfaces/lib/libdave_interfaces__rosidl_typesupport_introspection_cpp.so" to ""
-- Installing: /home/namtruong/uuv_sim_home/install/dave_interfaces/lib/libdave_interfaces__rosidl_typesupport_cpp.so
-- Set non-toolchain portion of runtime path of "/home/namtruong/uuv_sim_home/install/dave_interfaces/lib/libdave_interfaces__rosidl_typesupport_cpp.so" to ""
Listing '/home/namtruong/uuv_sim_home/install/dave_interfaces/lib/python3.12/site-packages/dave_interfaces'...
Compiling '/home/namtruong/uuv_sim_home/install/dave_interfaces/lib/python3.12/site-packages/dave_interfaces/__init__.py'...
Listing '/home/namtruong/uuv_sim_home/install/dave_interfaces/lib/python3.12/site-packages/dave_interfaces/msg'...
Compiling '/home/namtruong/uuv_sim_home/install/dave_interfaces/lib/python3.12/site-packages/dave_interfaces/msg/__init__.py'...
Compiling '/home/namtruong/uuv_sim_home/install/dave_interfaces/lib/python3.12/site-packages/dave_interfaces/msg/_dvl.py'...
Compiling '/home/namtruong/uuv_sim_home/install/dave_interfaces/lib/python3.12/site-packages/dave_interfaces/msg/_dvl_beam.py'...
Compiling '/home/namtruong/uuv_sim_home/install/dave_interfaces/lib/python3.12/site-packages/dave_interfaces/msg/_dvl_target.py'...
Compiling '/home/namtruong/uuv_sim_home/install/dave_interfaces/lib/python3.12/site-packages/dave_interfaces/msg/_location.py'...
Compiling '/home/namtruong/uuv_sim_home/install/dave_interfaces/lib/python3.12/site-packages/dave_interfaces/msg/_stratified_current_database.py'...
Compiling '/home/namtruong/uuv_sim_home/install/dave_interfaces/lib/python3.12/site-packages/dave_interfaces/msg/_stratified_current_velocity.py'...
Compiling '/home/namtruong/uuv_sim_home/install/dave_interfaces/lib/python3.12/site-packages/dave_interfaces/msg/_usbl_command.py'...
Compiling '/home/namtruong/uuv_sim_home/install/dave_interfaces/lib/python3.12/site-packages/dave_interfaces/msg/_usbl_response.py'...
Listing '/home/namtruong/uuv_sim_home/install/dave_interfaces/lib/python3.12/site-packages/dave_interfaces/srv'...
Compiling '/home/namtruong/uuv_sim_home/install/dave_interfaces/lib/python3.12/site-packages/dave_interfaces/srv/__init__.py'...
Compiling '/home/namtruong/uuv_sim_home/install/dave_interfaces/lib/python3.12/site-packages/dave_interfaces/srv/_get_current_model.py'...
Compiling '/home/namtruong/uuv_sim_home/install/dave_interfaces/lib/python3.12/site-packages/dave_interfaces/srv/_get_origin_spherical_coord.py'...
Compiling '/home/namtruong/uuv_sim_home/install/dave_interfaces/lib/python3.12/site-packages/dave_interfaces/srv/_set_current_direction.py'...
Compiling '/home/namtruong/uuv_sim_home/install/dave_interfaces/lib/python3.12/site-packages/dave_interfaces/srv/_set_current_model.py'...
Compiling '/home/namtruong/uuv_sim_home/install/dave_interfaces/lib/python3.12/site-packages/dave_interfaces/srv/_set_current_velocity.py'...
Compiling '/home/namtruong/uuv_sim_home/install/dave_interfaces/lib/python3.12/site-packages/dave_interfaces/srv/_set_origin_spherical_coord.py'...
Compiling '/home/namtruong/uuv_sim_home/install/dave_interfaces/lib/python3.12/site-packages/dave_interfaces/srv/_set_stratified_current_direction.py'...
Compiling '/home/namtruong/uuv_sim_home/install/dave_interfaces/lib/python3.12/site-packages/dave_interfaces/srv/_set_stratified_current_velocity.py'...
Compiling '/home/namtruong/uuv_sim_home/install/dave_interfaces/lib/python3.12/site-packages/dave_interfaces/srv/_transform_from_spherical_coord.py'...
Compiling '/home/namtruong/uuv_sim_home/install/dave_interfaces/lib/python3.12/site-packages/dave_interfaces/srv/_transform_to_spherical_coord.py'...
-- Installing: /home/namtruong/uuv_sim_home/install/dave_interfaces/lib/libdave_interfaces__rosidl_generator_py.so
-- Set non-toolchain portion of runtime path of "/home/namtruong/uuv_sim_home/install/dave_interfaces/lib/libdave_interfaces__rosidl_generator_py.so" to ""
-- Installing: /home/namtruong/uuv_sim_home/install/dave_interfaces/share/dave_interfaces/cmake/export_dave_interfaces__rosidl_generator_cExport.cmake
-- Installing: /home/namtruong/uuv_sim_home/install/dave_interfaces/share/dave_interfaces/cmake/export_dave_interfaces__rosidl_generator_cExport-noconfig.cmake
-- Installing: /home/namtruong/uuv_sim_home/install/dave_interfaces/share/dave_interfaces/cmake/export_dave_interfaces__rosidl_typesupport_fastrtps_cExport.cmake
-- Installing: /home/namtruong/uuv_sim_home/install/dave_interfaces/share/dave_interfaces/cmake/export_dave_interfaces__rosidl_typesupport_fastrtps_cExport-noconfig.cmake
-- Installing: /home/namtruong/uuv_sim_home/install/dave_interfaces/share/dave_interfaces/cmake/export_dave_interfaces__rosidl_generator_cppExport.cmake
-- Installing: /home/namtruong/uuv_sim_home/install/dave_interfaces/share/dave_interfaces/cmake/export_dave_interfaces__rosidl_typesupport_fastrtps_cppExport.cmake
-- Installing: /home/namtruong/uuv_sim_home/install/dave_interfaces/share/dave_interfaces/cmake/export_dave_interfaces__rosidl_typesupport_fastrtps_cppExport-noconfig.cmake
-- Installing: /home/namtruong/uuv_sim_home/install/dave_interfaces/share/dave_interfaces/cmake/dave_interfaces__rosidl_typesupport_introspection_cExport.cmake
-- Installing: /home/namtruong/uuv_sim_home/install/dave_interfaces/share/dave_interfaces/cmake/dave_interfaces__rosidl_typesupport_introspection_cExport-noconfig.cmake
-- Installing: /home/namtruong/uuv_sim_home/install/dave_interfaces/share/dave_interfaces/cmake/dave_interfaces__rosidl_typesupport_cExport.cmake
-- Installing: /home/namtruong/uuv_sim_home/install/dave_interfaces/share/dave_interfaces/cmake/dave_interfaces__rosidl_typesupport_cExport-noconfig.cmake
-- Installing: /home/namtruong/uuv_sim_home/install/dave_interfaces/share/dave_interfaces/cmake/dave_interfaces__rosidl_typesupport_introspection_cppExport.cmake
-- Installing: /home/namtruong/uuv_sim_home/install/dave_interfaces/share/dave_interfaces/cmake/dave_interfaces__rosidl_typesupport_introspection_cppExport-noconfig.cmake
-- Installing: /home/namtruong/uuv_sim_home/install/dave_interfaces/share/dave_interfaces/cmake/dave_interfaces__rosidl_typesupport_cppExport.cmake
-- Installing: /home/namtruong/uuv_sim_home/install/dave_interfaces/share/dave_interfaces/cmake/dave_interfaces__rosidl_typesupport_cppExport-noconfig.cmake
-- Installing: /home/namtruong/uuv_sim_home/install/dave_interfaces/share/dave_interfaces/cmake/export_dave_interfaces__rosidl_generator_pyExport.cmake
-- Installing: /home/namtruong/uuv_sim_home/install/dave_interfaces/share/dave_interfaces/cmake/export_dave_interfaces__rosidl_generator_pyExport-noconfig.cmake
