[0.115s] DEBUG:colcon:Command line arguments: ['/usr/bin/colcon', 'build', '--packages-select', 'multibeam_sonar', 'multibeam_sonar_system', 'dave_gz_sensor_plugins', 'dave_worlds', 'uuv_simu', '--cmake-args', '-DBUILD_TESTING=OFF']
[0.115s] DEBUG:colcon:Parsed command line arguments: Namespace(log_base=None, log_level=None, verb_name='build', build_base='build', install_base='install', merge_install=False, symlink_install=False, test_result_base=None, continue_on_error=False, executor='parallel', parallel_workers=16, event_handlers=None, ignore_user_meta=False, metas=['./colcon.meta'], base_paths=['.'], packages_ignore=None, packages_ignore_regex=None, paths=None, packages_up_to=None, packages_up_to_regex=None, packages_above=None, packages_above_and_dependencies=None, packages_above_depth=None, packages_select_by_dep=None, packages_skip_by_dep=None, packages_skip_up_to=None, packages_select_build_failed=False, packages_skip_build_finished=False, packages_select_test_failures=False, packages_skip_test_passed=False, packages_select=['multibeam_sonar', 'multibeam_sonar_system', 'dave_gz_sensor_plugins', 'dave_worlds', 'uuv_simu'], packages_skip=None, packages_select_regex=None, packages_skip_regex=None, packages_start=None, packages_end=None, allow_overriding=[], cmake_args=['-DBUILD_TESTING=OFF'], cmake_target=None, cmake_target_skip_unavailable=False, cmake_clean_cache=False, cmake_clean_first=False, cmake_force_configure=False, ament_cmake_args=None, catkin_cmake_args=None, catkin_skip_building_tests=False, verb_parser=<colcon_defaults.argument_parser.defaults.DefaultArgumentsDecorator object at 0x7eb3fbc8a360>, verb_extension=<colcon_core.verb.build.BuildVerb object at 0x7eb3fbdb3020>, main=<bound method BuildVerb.main of <colcon_core.verb.build.BuildVerb object at 0x7eb3fbdb3020>>)
[0.165s] Level 1:colcon.colcon_core.package_discovery:discover_packages(colcon_meta) check parameters
[0.165s] Level 1:colcon.colcon_core.package_discovery:discover_packages(recursive) check parameters
[0.165s] Level 1:colcon.colcon_core.package_discovery:discover_packages(ignore) check parameters
[0.165s] Level 1:colcon.colcon_core.package_discovery:discover_packages(path) check parameters
[0.165s] Level 1:colcon.colcon_core.package_discovery:discover_packages(colcon_meta) discover
[0.166s] Level 1:colcon.colcon_core.package_discovery:discover_packages(recursive) discover
[0.166s] INFO:colcon.colcon_core.package_discovery:Crawling recursively for packages in '/home/namtruong/uuv_sim_home'
[0.166s] Level 1:colcon.colcon_core.package_identification:_identify(.) by extensions ['ignore', 'ignore_ament_install']
[0.166s] Level 1:colcon.colcon_core.package_identification:_identify(.) by extension 'ignore'
[0.166s] Level 1:colcon.colcon_core.package_identification:_identify(.) by extension 'ignore_ament_install'
[0.166s] Level 1:colcon.colcon_core.package_identification:_identify(.) by extensions ['colcon_pkg']
[0.166s] Level 1:colcon.colcon_core.package_identification:_identify(.) by extension 'colcon_pkg'
[0.166s] Level 1:colcon.colcon_core.package_identification:_identify(.) by extensions ['colcon_meta']
[0.166s] Level 1:colcon.colcon_core.package_identification:_identify(.) by extension 'colcon_meta'
[0.166s] Level 1:colcon.colcon_core.package_identification:_identify(.) by extensions ['ros']
[0.166s] Level 1:colcon.colcon_core.package_identification:_identify(.) by extension 'ros'
[0.188s] Level 1:colcon.colcon_core.package_identification:_identify(.) by extensions ['cmake', 'python']
[0.188s] Level 1:colcon.colcon_core.package_identification:_identify(.) by extension 'cmake'
[0.188s] Level 1:colcon.colcon_core.package_identification:_identify(.) by extension 'python'
[0.189s] Level 1:colcon.colcon_core.package_identification:_identify(.) by extensions ['python_setup_py']
[0.189s] Level 1:colcon.colcon_core.package_identification:_identify(.) by extension 'python_setup_py'
[0.189s] Level 1:colcon.colcon_core.package_identification:_identify(build) by extensions ['ignore', 'ignore_ament_install']
[0.189s] Level 1:colcon.colcon_core.package_identification:_identify(build) by extension 'ignore'
[0.189s] Level 1:colcon.colcon_core.package_identification:_identify(build) ignored
[0.189s] Level 1:colcon.colcon_core.package_identification:_identify(install) by extensions ['ignore', 'ignore_ament_install']
[0.189s] Level 1:colcon.colcon_core.package_identification:_identify(install) by extension 'ignore'
[0.189s] Level 1:colcon.colcon_core.package_identification:_identify(install) ignored
[0.189s] Level 1:colcon.colcon_core.package_identification:_identify(log) by extensions ['ignore', 'ignore_ament_install']
[0.189s] Level 1:colcon.colcon_core.package_identification:_identify(log) by extension 'ignore'
[0.189s] Level 1:colcon.colcon_core.package_identification:_identify(log) ignored
[0.189s] Level 1:colcon.colcon_core.package_identification:_identify(src) by extensions ['ignore', 'ignore_ament_install']
[0.189s] Level 1:colcon.colcon_core.package_identification:_identify(src) by extension 'ignore'
[0.189s] Level 1:colcon.colcon_core.package_identification:_identify(src) by extension 'ignore_ament_install'
[0.190s] Level 1:colcon.colcon_core.package_identification:_identify(src) by extensions ['colcon_pkg']
[0.190s] Level 1:colcon.colcon_core.package_identification:_identify(src) by extension 'colcon_pkg'
[0.190s] Level 1:colcon.colcon_core.package_identification:_identify(src) by extensions ['colcon_meta']
[0.190s] Level 1:colcon.colcon_core.package_identification:_identify(src) by extension 'colcon_meta'
[0.190s] Level 1:colcon.colcon_core.package_identification:_identify(src) by extensions ['ros']
[0.190s] Level 1:colcon.colcon_core.package_identification:_identify(src) by extension 'ros'
[0.190s] Level 1:colcon.colcon_core.package_identification:_identify(src) by extensions ['cmake', 'python']
[0.190s] Level 1:colcon.colcon_core.package_identification:_identify(src) by extension 'cmake'
[0.190s] Level 1:colcon.colcon_core.package_identification:_identify(src) by extension 'python'
[0.190s] Level 1:colcon.colcon_core.package_identification:_identify(src) by extensions ['python_setup_py']
[0.190s] Level 1:colcon.colcon_core.package_identification:_identify(src) by extension 'python_setup_py'
[0.190s] Level 1:colcon.colcon_core.package_identification:_identify(src/dave_gz_model_plugins) by extensions ['ignore', 'ignore_ament_install']
[0.190s] Level 1:colcon.colcon_core.package_identification:_identify(src/dave_gz_model_plugins) by extension 'ignore'
[0.190s] Level 1:colcon.colcon_core.package_identification:_identify(src/dave_gz_model_plugins) by extension 'ignore_ament_install'
[0.190s] Level 1:colcon.colcon_core.package_identification:_identify(src/dave_gz_model_plugins) by extensions ['colcon_pkg']
[0.190s] Level 1:colcon.colcon_core.package_identification:_identify(src/dave_gz_model_plugins) by extension 'colcon_pkg'
[0.190s] Level 1:colcon.colcon_core.package_identification:_identify(src/dave_gz_model_plugins) by extensions ['colcon_meta']
[0.190s] Level 1:colcon.colcon_core.package_identification:_identify(src/dave_gz_model_plugins) by extension 'colcon_meta'
[0.190s] Level 1:colcon.colcon_core.package_identification:_identify(src/dave_gz_model_plugins) by extensions ['ros']
[0.190s] Level 1:colcon.colcon_core.package_identification:_identify(src/dave_gz_model_plugins) by extension 'ros'
[0.193s] DEBUG:colcon.colcon_core.package_identification:Package 'src/dave_gz_model_plugins' with type 'ros.ament_cmake' and name 'dave_gz_model_plugins'
[0.193s] Level 1:colcon.colcon_core.package_identification:_identify(src/dave_gz_sensor_plugins) by extensions ['ignore', 'ignore_ament_install']
[0.193s] Level 1:colcon.colcon_core.package_identification:_identify(src/dave_gz_sensor_plugins) by extension 'ignore'
[0.193s] Level 1:colcon.colcon_core.package_identification:_identify(src/dave_gz_sensor_plugins) by extension 'ignore_ament_install'
[0.193s] Level 1:colcon.colcon_core.package_identification:_identify(src/dave_gz_sensor_plugins) by extensions ['colcon_pkg']
[0.193s] Level 1:colcon.colcon_core.package_identification:_identify(src/dave_gz_sensor_plugins) by extension 'colcon_pkg'
[0.193s] Level 1:colcon.colcon_core.package_identification:_identify(src/dave_gz_sensor_plugins) by extensions ['colcon_meta']
[0.193s] Level 1:colcon.colcon_core.package_identification:_identify(src/dave_gz_sensor_plugins) by extension 'colcon_meta'
[0.193s] Level 1:colcon.colcon_core.package_identification:_identify(src/dave_gz_sensor_plugins) by extensions ['ros']
[0.194s] Level 1:colcon.colcon_core.package_identification:_identify(src/dave_gz_sensor_plugins) by extension 'ros'
[0.194s] DEBUG:colcon.colcon_core.package_identification:Package 'src/dave_gz_sensor_plugins' with type 'ros.ament_cmake' and name 'dave_gz_sensor_plugins'
[0.194s] Level 1:colcon.colcon_core.package_identification:_identify(src/dave_gz_world_plugins) by extensions ['ignore', 'ignore_ament_install']
[0.194s] Level 1:colcon.colcon_core.package_identification:_identify(src/dave_gz_world_plugins) by extension 'ignore'
[0.194s] Level 1:colcon.colcon_core.package_identification:_identify(src/dave_gz_world_plugins) by extension 'ignore_ament_install'
[0.194s] Level 1:colcon.colcon_core.package_identification:_identify(src/dave_gz_world_plugins) by extensions ['colcon_pkg']
[0.194s] Level 1:colcon.colcon_core.package_identification:_identify(src/dave_gz_world_plugins) by extension 'colcon_pkg'
[0.194s] Level 1:colcon.colcon_core.package_identification:_identify(src/dave_gz_world_plugins) by extensions ['colcon_meta']
[0.194s] Level 1:colcon.colcon_core.package_identification:_identify(src/dave_gz_world_plugins) by extension 'colcon_meta'
[0.195s] Level 1:colcon.colcon_core.package_identification:_identify(src/dave_gz_world_plugins) by extensions ['ros']
[0.195s] Level 1:colcon.colcon_core.package_identification:_identify(src/dave_gz_world_plugins) by extension 'ros'
[0.196s] DEBUG:colcon.colcon_core.package_identification:Package 'src/dave_gz_world_plugins' with type 'ros.ament_cmake' and name 'dave_gz_world_plugins'
[0.196s] Level 1:colcon.colcon_core.package_identification:_identify(src/dave_interfaces) by extensions ['ignore', 'ignore_ament_install']
[0.197s] Level 1:colcon.colcon_core.package_identification:_identify(src/dave_interfaces) by extension 'ignore'
[0.197s] Level 1:colcon.colcon_core.package_identification:_identify(src/dave_interfaces) by extension 'ignore_ament_install'
[0.197s] Level 1:colcon.colcon_core.package_identification:_identify(src/dave_interfaces) by extensions ['colcon_pkg']
[0.197s] Level 1:colcon.colcon_core.package_identification:_identify(src/dave_interfaces) by extension 'colcon_pkg'
[0.197s] Level 1:colcon.colcon_core.package_identification:_identify(src/dave_interfaces) by extensions ['colcon_meta']
[0.197s] Level 1:colcon.colcon_core.package_identification:_identify(src/dave_interfaces) by extension 'colcon_meta'
[0.197s] Level 1:colcon.colcon_core.package_identification:_identify(src/dave_interfaces) by extensions ['ros']
[0.197s] Level 1:colcon.colcon_core.package_identification:_identify(src/dave_interfaces) by extension 'ros'
[0.197s] DEBUG:colcon.colcon_core.package_identification:Package 'src/dave_interfaces' with type 'ros.ament_cmake' and name 'dave_interfaces'
[0.197s] Level 1:colcon.colcon_core.package_identification:_identify(src/dave_object_models) by extensions ['ignore', 'ignore_ament_install']
[0.198s] Level 1:colcon.colcon_core.package_identification:_identify(src/dave_object_models) by extension 'ignore'
[0.198s] Level 1:colcon.colcon_core.package_identification:_identify(src/dave_object_models) by extension 'ignore_ament_install'
[0.198s] Level 1:colcon.colcon_core.package_identification:_identify(src/dave_object_models) by extensions ['colcon_pkg']
[0.198s] Level 1:colcon.colcon_core.package_identification:_identify(src/dave_object_models) by extension 'colcon_pkg'
[0.198s] Level 1:colcon.colcon_core.package_identification:_identify(src/dave_object_models) by extensions ['colcon_meta']
[0.198s] Level 1:colcon.colcon_core.package_identification:_identify(src/dave_object_models) by extension 'colcon_meta'
[0.198s] Level 1:colcon.colcon_core.package_identification:_identify(src/dave_object_models) by extensions ['ros']
[0.198s] Level 1:colcon.colcon_core.package_identification:_identify(src/dave_object_models) by extension 'ros'
[0.198s] DEBUG:colcon.colcon_core.package_identification:Package 'src/dave_object_models' with type 'ros.ament_cmake' and name 'dave_object_models'
[0.198s] Level 1:colcon.colcon_core.package_identification:_identify(src/dave_robot_models) by extensions ['ignore', 'ignore_ament_install']
[0.198s] Level 1:colcon.colcon_core.package_identification:_identify(src/dave_robot_models) by extension 'ignore'
[0.198s] Level 1:colcon.colcon_core.package_identification:_identify(src/dave_robot_models) by extension 'ignore_ament_install'
[0.198s] Level 1:colcon.colcon_core.package_identification:_identify(src/dave_robot_models) by extensions ['colcon_pkg']
[0.199s] Level 1:colcon.colcon_core.package_identification:_identify(src/dave_robot_models) by extension 'colcon_pkg'
[0.199s] Level 1:colcon.colcon_core.package_identification:_identify(src/dave_robot_models) by extensions ['colcon_meta']
[0.199s] Level 1:colcon.colcon_core.package_identification:_identify(src/dave_robot_models) by extension 'colcon_meta'
[0.199s] Level 1:colcon.colcon_core.package_identification:_identify(src/dave_robot_models) by extensions ['ros']
[0.199s] Level 1:colcon.colcon_core.package_identification:_identify(src/dave_robot_models) by extension 'ros'
[0.199s] DEBUG:colcon.colcon_core.package_identification:Package 'src/dave_robot_models' with type 'ros.ament_cmake' and name 'dave_robot_models'
[0.199s] Level 1:colcon.colcon_core.package_identification:_identify(src/dave_ros_gz_plugins) by extensions ['ignore', 'ignore_ament_install']
[0.199s] Level 1:colcon.colcon_core.package_identification:_identify(src/dave_ros_gz_plugins) by extension 'ignore'
[0.199s] Level 1:colcon.colcon_core.package_identification:_identify(src/dave_ros_gz_plugins) by extension 'ignore_ament_install'
[0.199s] Level 1:colcon.colcon_core.package_identification:_identify(src/dave_ros_gz_plugins) by extensions ['colcon_pkg']
[0.199s] Level 1:colcon.colcon_core.package_identification:_identify(src/dave_ros_gz_plugins) by extension 'colcon_pkg'
[0.199s] Level 1:colcon.colcon_core.package_identification:_identify(src/dave_ros_gz_plugins) by extensions ['colcon_meta']
[0.199s] Level 1:colcon.colcon_core.package_identification:_identify(src/dave_ros_gz_plugins) by extension 'colcon_meta'
[0.199s] Level 1:colcon.colcon_core.package_identification:_identify(src/dave_ros_gz_plugins) by extensions ['ros']
[0.199s] Level 1:colcon.colcon_core.package_identification:_identify(src/dave_ros_gz_plugins) by extension 'ros'
[0.200s] DEBUG:colcon.colcon_core.package_identification:Package 'src/dave_ros_gz_plugins' with type 'ros.ament_cmake' and name 'dave_ros_gz_plugins'
[0.200s] Level 1:colcon.colcon_core.package_identification:_identify(src/dave_worlds) by extensions ['ignore', 'ignore_ament_install']
[0.200s] Level 1:colcon.colcon_core.package_identification:_identify(src/dave_worlds) by extension 'ignore'
[0.200s] Level 1:colcon.colcon_core.package_identification:_identify(src/dave_worlds) by extension 'ignore_ament_install'
[0.200s] Level 1:colcon.colcon_core.package_identification:_identify(src/dave_worlds) by extensions ['colcon_pkg']
[0.200s] Level 1:colcon.colcon_core.package_identification:_identify(src/dave_worlds) by extension 'colcon_pkg'
[0.200s] Level 1:colcon.colcon_core.package_identification:_identify(src/dave_worlds) by extensions ['colcon_meta']
[0.200s] Level 1:colcon.colcon_core.package_identification:_identify(src/dave_worlds) by extension 'colcon_meta'
[0.200s] Level 1:colcon.colcon_core.package_identification:_identify(src/dave_worlds) by extensions ['ros']
[0.200s] Level 1:colcon.colcon_core.package_identification:_identify(src/dave_worlds) by extension 'ros'
[0.201s] DEBUG:colcon.colcon_core.package_identification:Package 'src/dave_worlds' with type 'ros.ament_cmake' and name 'dave_worlds'
[0.201s] Level 1:colcon.colcon_core.package_identification:_identify(src/multibeam_sonar) by extensions ['ignore', 'ignore_ament_install']
[0.201s] Level 1:colcon.colcon_core.package_identification:_identify(src/multibeam_sonar) by extension 'ignore'
[0.201s] Level 1:colcon.colcon_core.package_identification:_identify(src/multibeam_sonar) by extension 'ignore_ament_install'
[0.201s] Level 1:colcon.colcon_core.package_identification:_identify(src/multibeam_sonar) by extensions ['colcon_pkg']
[0.201s] Level 1:colcon.colcon_core.package_identification:_identify(src/multibeam_sonar) by extension 'colcon_pkg'
[0.201s] Level 1:colcon.colcon_core.package_identification:_identify(src/multibeam_sonar) by extensions ['colcon_meta']
[0.201s] Level 1:colcon.colcon_core.package_identification:_identify(src/multibeam_sonar) by extension 'colcon_meta'
[0.201s] Level 1:colcon.colcon_core.package_identification:_identify(src/multibeam_sonar) by extensions ['ros']
[0.201s] Level 1:colcon.colcon_core.package_identification:_identify(src/multibeam_sonar) by extension 'ros'
[0.202s] DEBUG:colcon.colcon_core.package_identification:Package 'src/multibeam_sonar' with type 'ros.ament_cmake' and name 'multibeam_sonar'
[0.202s] Level 1:colcon.colcon_core.package_identification:_identify(src/multibeam_sonar_demo) by extensions ['ignore', 'ignore_ament_install']
[0.202s] Level 1:colcon.colcon_core.package_identification:_identify(src/multibeam_sonar_demo) by extension 'ignore'
[0.202s] Level 1:colcon.colcon_core.package_identification:_identify(src/multibeam_sonar_demo) by extension 'ignore_ament_install'
[0.202s] Level 1:colcon.colcon_core.package_identification:_identify(src/multibeam_sonar_demo) by extensions ['colcon_pkg']
[0.202s] Level 1:colcon.colcon_core.package_identification:_identify(src/multibeam_sonar_demo) by extension 'colcon_pkg'
[0.202s] Level 1:colcon.colcon_core.package_identification:_identify(src/multibeam_sonar_demo) by extensions ['colcon_meta']
[0.202s] Level 1:colcon.colcon_core.package_identification:_identify(src/multibeam_sonar_demo) by extension 'colcon_meta'
[0.202s] Level 1:colcon.colcon_core.package_identification:_identify(src/multibeam_sonar_demo) by extensions ['ros']
[0.202s] Level 1:colcon.colcon_core.package_identification:_identify(src/multibeam_sonar_demo) by extension 'ros'
[0.203s] DEBUG:colcon.colcon_core.package_identification:Package 'src/multibeam_sonar_demo' with type 'ros.ament_cmake' and name 'dave_multibeam_sonar_demo'
[0.203s] Level 1:colcon.colcon_core.package_identification:_identify(src/multibeam_sonar_system) by extensions ['ignore', 'ignore_ament_install']
[0.203s] Level 1:colcon.colcon_core.package_identification:_identify(src/multibeam_sonar_system) by extension 'ignore'
[0.203s] Level 1:colcon.colcon_core.package_identification:_identify(src/multibeam_sonar_system) by extension 'ignore_ament_install'
[0.203s] Level 1:colcon.colcon_core.package_identification:_identify(src/multibeam_sonar_system) by extensions ['colcon_pkg']
[0.203s] Level 1:colcon.colcon_core.package_identification:_identify(src/multibeam_sonar_system) by extension 'colcon_pkg'
[0.203s] Level 1:colcon.colcon_core.package_identification:_identify(src/multibeam_sonar_system) by extensions ['colcon_meta']
[0.203s] Level 1:colcon.colcon_core.package_identification:_identify(src/multibeam_sonar_system) by extension 'colcon_meta'
[0.203s] Level 1:colcon.colcon_core.package_identification:_identify(src/multibeam_sonar_system) by extensions ['ros']
[0.203s] Level 1:colcon.colcon_core.package_identification:_identify(src/multibeam_sonar_system) by extension 'ros'
[0.204s] DEBUG:colcon.colcon_core.package_identification:Package 'src/multibeam_sonar_system' with type 'ros.ament_cmake' and name 'multibeam_sonar_system'
[0.204s] Level 1:colcon.colcon_core.package_identification:_identify(src/uuv_simu) by extensions ['ignore', 'ignore_ament_install']
[0.204s] Level 1:colcon.colcon_core.package_identification:_identify(src/uuv_simu) by extension 'ignore'
[0.204s] Level 1:colcon.colcon_core.package_identification:_identify(src/uuv_simu) by extension 'ignore_ament_install'
[0.204s] Level 1:colcon.colcon_core.package_identification:_identify(src/uuv_simu) by extensions ['colcon_pkg']
[0.204s] Level 1:colcon.colcon_core.package_identification:_identify(src/uuv_simu) by extension 'colcon_pkg'
[0.204s] Level 1:colcon.colcon_core.package_identification:_identify(src/uuv_simu) by extensions ['colcon_meta']
[0.204s] Level 1:colcon.colcon_core.package_identification:_identify(src/uuv_simu) by extension 'colcon_meta'
[0.204s] Level 1:colcon.colcon_core.package_identification:_identify(src/uuv_simu) by extensions ['ros']
[0.204s] Level 1:colcon.colcon_core.package_identification:_identify(src/uuv_simu) by extension 'ros'
[0.205s] DEBUG:colcon.colcon_core.package_identification:Package 'src/uuv_simu' with type 'ros.ament_python' and name 'uuv_simu'
[0.205s] Level 1:colcon.colcon_core.package_discovery:discover_packages(recursive) using defaults
[0.205s] Level 1:colcon.colcon_core.package_discovery:discover_packages(ignore) discover
[0.205s] Level 1:colcon.colcon_core.package_discovery:discover_packages(ignore) using defaults
[0.205s] Level 1:colcon.colcon_core.package_discovery:discover_packages(path) discover
[0.205s] Level 1:colcon.colcon_core.package_discovery:discover_packages(path) using defaults
[0.227s] INFO:colcon.colcon_core.package_selection:Skipping not selected package 'dave_interfaces' in 'src/dave_interfaces'
[0.227s] INFO:colcon.colcon_core.package_selection:Skipping not selected package 'dave_multibeam_sonar_demo' in 'src/multibeam_sonar_demo'
[0.227s] INFO:colcon.colcon_core.package_selection:Skipping not selected package 'dave_object_models' in 'src/dave_object_models'
[0.227s] INFO:colcon.colcon_core.package_selection:Skipping not selected package 'dave_robot_models' in 'src/dave_robot_models'
[0.227s] INFO:colcon.colcon_core.package_selection:Skipping not selected package 'dave_gz_world_plugins' in 'src/dave_gz_world_plugins'
[0.227s] INFO:colcon.colcon_core.package_selection:Skipping not selected package 'dave_ros_gz_plugins' in 'src/dave_ros_gz_plugins'
[0.227s] INFO:colcon.colcon_core.package_selection:Skipping not selected package 'dave_gz_model_plugins' in 'src/dave_gz_model_plugins'
[0.228s] Level 1:colcon.colcon_core.package_discovery:discover_packages(prefix_path) check parameters
[0.228s] Level 1:colcon.colcon_core.package_discovery:discover_packages(prefix_path) discover
[0.231s] DEBUG:colcon.colcon_installed_package_information.package_discovery:Found 12 installed packages in /home/namtruong/uuv_sim_home/install
[0.233s] DEBUG:colcon.colcon_installed_package_information.package_discovery:Found 325 installed packages in /opt/ros/jazzy
[0.234s] Level 1:colcon.colcon_core.package_discovery:discover_packages(prefix_path) using defaults
[0.279s] Level 5:colcon.colcon_core.verb:set package 'dave_worlds' build argument 'cmake_args' from command line to '['-DBUILD_TESTING=OFF']'
[0.279s] Level 5:colcon.colcon_core.verb:set package 'dave_worlds' build argument 'cmake_target' from command line to 'None'
[0.279s] Level 5:colcon.colcon_core.verb:set package 'dave_worlds' build argument 'cmake_target_skip_unavailable' from command line to 'False'
[0.279s] Level 5:colcon.colcon_core.verb:set package 'dave_worlds' build argument 'cmake_clean_cache' from command line to 'False'
[0.279s] Level 5:colcon.colcon_core.verb:set package 'dave_worlds' build argument 'cmake_clean_first' from command line to 'False'
[0.279s] Level 5:colcon.colcon_core.verb:set package 'dave_worlds' build argument 'cmake_force_configure' from command line to 'False'
[0.279s] Level 5:colcon.colcon_core.verb:set package 'dave_worlds' build argument 'ament_cmake_args' from command line to 'None'
[0.279s] Level 5:colcon.colcon_core.verb:set package 'dave_worlds' build argument 'catkin_cmake_args' from command line to 'None'
[0.279s] Level 5:colcon.colcon_core.verb:set package 'dave_worlds' build argument 'catkin_skip_building_tests' from command line to 'False'
[0.279s] DEBUG:colcon.colcon_core.verb:Building package 'dave_worlds' with the following arguments: {'ament_cmake_args': None, 'build_base': '/home/namtruong/uuv_sim_home/build/dave_worlds', 'catkin_cmake_args': None, 'catkin_skip_building_tests': False, 'cmake_args': ['-DBUILD_TESTING=OFF'], 'cmake_clean_cache': False, 'cmake_clean_first': False, 'cmake_force_configure': False, 'cmake_target': None, 'cmake_target_skip_unavailable': False, 'install_base': '/home/namtruong/uuv_sim_home/install/dave_worlds', 'merge_install': False, 'path': '/home/namtruong/uuv_sim_home/src/dave_worlds', 'symlink_install': False, 'test_result_base': None}
[0.279s] Level 5:colcon.colcon_core.verb:set package 'multibeam_sonar_system' build argument 'cmake_args' from command line to '['-DBUILD_TESTING=OFF']'
[0.279s] Level 5:colcon.colcon_core.verb:set package 'multibeam_sonar_system' build argument 'cmake_target' from command line to 'None'
[0.279s] Level 5:colcon.colcon_core.verb:set package 'multibeam_sonar_system' build argument 'cmake_target_skip_unavailable' from command line to 'False'
[0.279s] Level 5:colcon.colcon_core.verb:set package 'multibeam_sonar_system' build argument 'cmake_clean_cache' from command line to 'False'
[0.279s] Level 5:colcon.colcon_core.verb:set package 'multibeam_sonar_system' build argument 'cmake_clean_first' from command line to 'False'
[0.279s] Level 5:colcon.colcon_core.verb:set package 'multibeam_sonar_system' build argument 'cmake_force_configure' from command line to 'False'
[0.279s] Level 5:colcon.colcon_core.verb:set package 'multibeam_sonar_system' build argument 'ament_cmake_args' from command line to 'None'
[0.279s] Level 5:colcon.colcon_core.verb:set package 'multibeam_sonar_system' build argument 'catkin_cmake_args' from command line to 'None'
[0.279s] Level 5:colcon.colcon_core.verb:set package 'multibeam_sonar_system' build argument 'catkin_skip_building_tests' from command line to 'False'
[0.279s] DEBUG:colcon.colcon_core.verb:Building package 'multibeam_sonar_system' with the following arguments: {'ament_cmake_args': None, 'build_base': '/home/namtruong/uuv_sim_home/build/multibeam_sonar_system', 'catkin_cmake_args': None, 'catkin_skip_building_tests': False, 'cmake_args': ['-DBUILD_TESTING=OFF'], 'cmake_clean_cache': False, 'cmake_clean_first': False, 'cmake_force_configure': False, 'cmake_target': None, 'cmake_target_skip_unavailable': False, 'install_base': '/home/namtruong/uuv_sim_home/install/multibeam_sonar_system', 'merge_install': False, 'path': '/home/namtruong/uuv_sim_home/src/multibeam_sonar_system', 'symlink_install': False, 'test_result_base': None}
[0.280s] Level 5:colcon.colcon_core.verb:set package 'dave_gz_sensor_plugins' build argument 'cmake_args' from command line to '['-DBUILD_TESTING=OFF']'
[0.280s] Level 5:colcon.colcon_core.verb:set package 'dave_gz_sensor_plugins' build argument 'cmake_target' from command line to 'None'
[0.280s] Level 5:colcon.colcon_core.verb:set package 'dave_gz_sensor_plugins' build argument 'cmake_target_skip_unavailable' from command line to 'False'
[0.280s] Level 5:colcon.colcon_core.verb:set package 'dave_gz_sensor_plugins' build argument 'cmake_clean_cache' from command line to 'False'
[0.280s] Level 5:colcon.colcon_core.verb:set package 'dave_gz_sensor_plugins' build argument 'cmake_clean_first' from command line to 'False'
[0.280s] Level 5:colcon.colcon_core.verb:set package 'dave_gz_sensor_plugins' build argument 'cmake_force_configure' from command line to 'False'
[0.280s] Level 5:colcon.colcon_core.verb:set package 'dave_gz_sensor_plugins' build argument 'ament_cmake_args' from command line to 'None'
[0.280s] Level 5:colcon.colcon_core.verb:set package 'dave_gz_sensor_plugins' build argument 'catkin_cmake_args' from command line to 'None'
[0.280s] Level 5:colcon.colcon_core.verb:set package 'dave_gz_sensor_plugins' build argument 'catkin_skip_building_tests' from command line to 'False'
[0.280s] DEBUG:colcon.colcon_core.verb:Building package 'dave_gz_sensor_plugins' with the following arguments: {'ament_cmake_args': None, 'build_base': '/home/namtruong/uuv_sim_home/build/dave_gz_sensor_plugins', 'catkin_cmake_args': None, 'catkin_skip_building_tests': False, 'cmake_args': ['-DBUILD_TESTING=OFF'], 'cmake_clean_cache': False, 'cmake_clean_first': False, 'cmake_force_configure': False, 'cmake_target': None, 'cmake_target_skip_unavailable': False, 'install_base': '/home/namtruong/uuv_sim_home/install/dave_gz_sensor_plugins', 'merge_install': False, 'path': '/home/namtruong/uuv_sim_home/src/dave_gz_sensor_plugins', 'symlink_install': False, 'test_result_base': None}
[0.280s] Level 5:colcon.colcon_core.verb:set package 'multibeam_sonar' build argument 'cmake_args' from command line to '['-DBUILD_TESTING=OFF']'
[0.280s] Level 5:colcon.colcon_core.verb:set package 'multibeam_sonar' build argument 'cmake_target' from command line to 'None'
[0.280s] Level 5:colcon.colcon_core.verb:set package 'multibeam_sonar' build argument 'cmake_target_skip_unavailable' from command line to 'False'
[0.280s] Level 5:colcon.colcon_core.verb:set package 'multibeam_sonar' build argument 'cmake_clean_cache' from command line to 'False'
[0.280s] Level 5:colcon.colcon_core.verb:set package 'multibeam_sonar' build argument 'cmake_clean_first' from command line to 'False'
[0.280s] Level 5:colcon.colcon_core.verb:set package 'multibeam_sonar' build argument 'cmake_force_configure' from command line to 'False'
[0.280s] Level 5:colcon.colcon_core.verb:set package 'multibeam_sonar' build argument 'ament_cmake_args' from command line to 'None'
[0.280s] Level 5:colcon.colcon_core.verb:set package 'multibeam_sonar' build argument 'catkin_cmake_args' from command line to 'None'
[0.280s] Level 5:colcon.colcon_core.verb:set package 'multibeam_sonar' build argument 'catkin_skip_building_tests' from command line to 'False'
[0.280s] DEBUG:colcon.colcon_core.verb:Building package 'multibeam_sonar' with the following arguments: {'ament_cmake_args': None, 'build_base': '/home/namtruong/uuv_sim_home/build/multibeam_sonar', 'catkin_cmake_args': None, 'catkin_skip_building_tests': False, 'cmake_args': ['-DBUILD_TESTING=OFF'], 'cmake_clean_cache': False, 'cmake_clean_first': False, 'cmake_force_configure': False, 'cmake_target': None, 'cmake_target_skip_unavailable': False, 'install_base': '/home/namtruong/uuv_sim_home/install/multibeam_sonar', 'merge_install': False, 'path': '/home/namtruong/uuv_sim_home/src/multibeam_sonar', 'symlink_install': False, 'test_result_base': None}
[0.280s] Level 5:colcon.colcon_core.verb:set package 'uuv_simu' build argument 'cmake_args' from command line to '['-DBUILD_TESTING=OFF']'
[0.280s] Level 5:colcon.colcon_core.verb:set package 'uuv_simu' build argument 'cmake_target' from command line to 'None'
[0.280s] Level 5:colcon.colcon_core.verb:set package 'uuv_simu' build argument 'cmake_target_skip_unavailable' from command line to 'False'
[0.280s] Level 5:colcon.colcon_core.verb:set package 'uuv_simu' build argument 'cmake_clean_cache' from command line to 'False'
[0.280s] Level 5:colcon.colcon_core.verb:set package 'uuv_simu' build argument 'cmake_clean_first' from command line to 'False'
[0.280s] Level 5:colcon.colcon_core.verb:set package 'uuv_simu' build argument 'cmake_force_configure' from command line to 'False'
[0.280s] Level 5:colcon.colcon_core.verb:set package 'uuv_simu' build argument 'ament_cmake_args' from command line to 'None'
[0.280s] Level 5:colcon.colcon_core.verb:set package 'uuv_simu' build argument 'catkin_cmake_args' from command line to 'None'
[0.281s] Level 5:colcon.colcon_core.verb:set package 'uuv_simu' build argument 'catkin_skip_building_tests' from command line to 'False'
[0.281s] DEBUG:colcon.colcon_core.verb:Building package 'uuv_simu' with the following arguments: {'ament_cmake_args': None, 'build_base': '/home/namtruong/uuv_sim_home/build/uuv_simu', 'catkin_cmake_args': None, 'catkin_skip_building_tests': False, 'cmake_args': ['-DBUILD_TESTING=OFF'], 'cmake_clean_cache': False, 'cmake_clean_first': False, 'cmake_force_configure': False, 'cmake_target': None, 'cmake_target_skip_unavailable': False, 'install_base': '/home/namtruong/uuv_sim_home/install/uuv_simu', 'merge_install': False, 'path': '/home/namtruong/uuv_sim_home/src/uuv_simu', 'symlink_install': False, 'test_result_base': None}
[0.281s] INFO:colcon.colcon_core.executor:Executing jobs using 'parallel' executor
[0.281s] DEBUG:colcon.colcon_parallel_executor.executor.parallel:run_until_complete
[0.282s] INFO:colcon.colcon_ros.task.ament_cmake.build:Building ROS package in '/home/namtruong/uuv_sim_home/src/dave_worlds' with build type 'ament_cmake'
[0.282s] INFO:colcon.colcon_cmake.task.cmake.build:Building CMake package in '/home/namtruong/uuv_sim_home/src/dave_worlds'
[0.285s] INFO:colcon.colcon_core.plugin_system:Skipping extension 'colcon_core.shell.bat': Not used on non-Windows systems
[0.285s] INFO:colcon.colcon_core.shell:Skip shell extension 'powershell' for command environment: Not usable outside of PowerShell
[0.285s] DEBUG:colcon.colcon_core.shell:Skip shell extension 'dsv' for command environment
[0.289s] INFO:colcon.colcon_ros.task.ament_cmake.build:Building ROS package in '/home/namtruong/uuv_sim_home/src/multibeam_sonar_system' with build type 'ament_cmake'
[0.289s] INFO:colcon.colcon_cmake.task.cmake.build:Building CMake package in '/home/namtruong/uuv_sim_home/src/multibeam_sonar_system'
[0.290s] INFO:colcon.colcon_core.shell:Skip shell extension 'powershell' for command environment: Not usable outside of PowerShell
[0.290s] DEBUG:colcon.colcon_core.shell:Skip shell extension 'dsv' for command environment
[0.294s] INFO:colcon.colcon_ros.task.ament_cmake.build:Building ROS package in '/home/namtruong/uuv_sim_home/src/dave_gz_sensor_plugins' with build type 'ament_cmake'
[0.294s] INFO:colcon.colcon_cmake.task.cmake.build:Building CMake package in '/home/namtruong/uuv_sim_home/src/dave_gz_sensor_plugins'
[0.294s] INFO:colcon.colcon_core.shell:Skip shell extension 'powershell' for command environment: Not usable outside of PowerShell
[0.294s] DEBUG:colcon.colcon_core.shell:Skip shell extension 'dsv' for command environment
[0.298s] INFO:colcon.colcon_ros.task.ament_cmake.build:Building ROS package in '/home/namtruong/uuv_sim_home/src/multibeam_sonar' with build type 'ament_cmake'
[0.298s] INFO:colcon.colcon_cmake.task.cmake.build:Building CMake package in '/home/namtruong/uuv_sim_home/src/multibeam_sonar'
[0.298s] INFO:colcon.colcon_core.shell:Skip shell extension 'powershell' for command environment: Not usable outside of PowerShell
[0.298s] DEBUG:colcon.colcon_core.shell:Skip shell extension 'dsv' for command environment
[0.303s] INFO:colcon.colcon_ros.task.ament_python.build:Building ROS package in '/home/namtruong/uuv_sim_home/src/uuv_simu' with build type 'ament_python'
[0.303s] Level 1:colcon.colcon_core.shell:create_environment_hook('uuv_simu', 'ament_prefix_path')
[0.303s] INFO:colcon.colcon_core.shell:Creating environment hook '/home/namtruong/uuv_sim_home/install/uuv_simu/share/uuv_simu/hook/ament_prefix_path.ps1'
[0.304s] INFO:colcon.colcon_core.shell:Creating environment descriptor '/home/namtruong/uuv_sim_home/install/uuv_simu/share/uuv_simu/hook/ament_prefix_path.dsv'
[0.304s] INFO:colcon.colcon_core.shell:Creating environment hook '/home/namtruong/uuv_sim_home/install/uuv_simu/share/uuv_simu/hook/ament_prefix_path.sh'
[0.305s] INFO:colcon.colcon_core.shell:Skip shell extension 'powershell' for command environment: Not usable outside of PowerShell
[0.305s] DEBUG:colcon.colcon_core.shell:Skip shell extension 'dsv' for command environment
[0.313s] DEBUG:colcon.colcon_core.event_handler.log_command:Invoking command in '/home/namtruong/uuv_sim_home/build/dave_worlds': CMAKE_PREFIX_PATH=${CMAKE_PREFIX_PATH}:/home/namtruong/uuv_sim_home/install/uuv_simu:/opt/ros/jazzy DEBUGINFOD_URLS=https://debuginfod.ubuntu.com /usr/bin/cmake /home/namtruong/uuv_sim_home/src/dave_worlds -DBUILD_TESTING=OFF -DCMAKE_INSTALL_PREFIX=/home/namtruong/uuv_sim_home/install/dave_worlds
[0.317s] DEBUG:colcon.colcon_core.event_handler.log_command:Invoking command in '/home/namtruong/uuv_sim_home/build/multibeam_sonar_system': CMAKE_PREFIX_PATH=${CMAKE_PREFIX_PATH}:/home/namtruong/uuv_sim_home/install/uuv_simu:/opt/ros/jazzy DEBUGINFOD_URLS=https://debuginfod.ubuntu.com /usr/bin/cmake --build /home/namtruong/uuv_sim_home/build/multibeam_sonar_system -- -j16 -l16
[0.320s] DEBUG:colcon.colcon_core.event_handler.log_command:Invoking command in '/home/namtruong/uuv_sim_home/build/dave_gz_sensor_plugins': CMAKE_PREFIX_PATH=/home/namtruong/uuv_sim_home/install/dave_interfaces:/home/namtruong/uuv_sim_home/install/multibeam_sonar_system:/home/namtruong/uuv_sim_home/install/multibeam_sonar:/home/namtruong/uuv_sim_home/install/dave_worlds:/home/namtruong/uuv_sim_home/install/dave_gz_model_plugins:/home/namtruong/uuv_sim_home/install/dave_ros_gz_plugins:/home/namtruong/uuv_sim_home/install/dave_robot_models:/home/namtruong/uuv_sim_home/install/dave_object_models:/home/namtruong/uuv_sim_home/install/dave_multibeam_sonar_demo:/home/namtruong/uuv_sim_home/install/dave_gz_world_plugins:/home/namtruong/uuv_sim_home/install/dave_gz_sensor_plugins:/opt/ros/jazzy/opt/gz_sim_vendor:/opt/ros/jazzy/opt/gz_sensors_vendor:/opt/ros/jazzy/opt/gz_physics_vendor:/opt/ros/jazzy/opt/sdformat_vendor:/opt/ros/jazzy/opt/gz_gui_vendor:/opt/ros/jazzy/opt/gz_transport_vendor:/opt/ros/jazzy/opt/gz_rendering_vendor:/opt/ros/jazzy/opt/gz_plugin_vendor:/opt/ros/jazzy/opt/gz_fuel_tools_vendor:/opt/ros/jazzy/opt/gz_msgs_vendor:/opt/ros/jazzy/opt/gz_common_vendor:/opt/ros/jazzy/opt/gz_math_vendor:/opt/ros/jazzy/opt/gz_utils_vendor:/opt/ros/jazzy/opt/gz_tools_vendor:/opt/ros/jazzy/opt/gz_ogre_next_vendor:/opt/ros/jazzy/opt/gz_dartsim_vendor:/opt/ros/jazzy/opt/gz_cmake_vendor:/home/namtruong/uuv_sim_home/install/uuv_simu:/opt/ros/jazzy DEBUGINFOD_URLS=https://debuginfod.ubuntu.com LD_LIBRARY_PATH=/home/namtruong/uuv_sim_home/install/dave_interfaces/lib:/home/namtruong/uuv_sim_home/install/dave_ros_gz_plugins/lib:/home/namtruong/uuv_sim_home/install/dave_gz_world_plugins/lib:/opt/ros/jazzy/opt/gz_sim_vendor/lib:/opt/ros/jazzy/opt/gz_sensors_vendor/lib:/opt/ros/jazzy/opt/gz_physics_vendor/lib:/opt/ros/jazzy/opt/sdformat_vendor/lib:/opt/ros/jazzy/opt/rviz_ogre_vendor/lib:/opt/ros/jazzy/lib/x86_64-linux-gnu:/opt/ros/jazzy/opt/gz_gui_vendor/lib:/opt/ros/jazzy/opt/gz_transport_vendor/lib:/opt/ros/jazzy/opt/gz_rendering_vendor/lib:/opt/ros/jazzy/opt/gz_plugin_vendor/lib:/opt/ros/jazzy/opt/gz_fuel_tools_vendor/lib:/opt/ros/jazzy/opt/gz_msgs_vendor/lib:/opt/ros/jazzy/opt/gz_common_vendor/lib:/opt/ros/jazzy/opt/gz_math_vendor/lib:/opt/ros/jazzy/opt/gz_utils_vendor/lib:/opt/ros/jazzy/opt/gz_tools_vendor/lib:/opt/ros/jazzy/opt/gz_ogre_next_vendor/lib:/opt/ros/jazzy/opt/gz_dartsim_vendor/lib:/opt/ros/jazzy/opt/gz_cmake_vendor/lib:/opt/ros/jazzy/lib PYTHONPATH=/home/namtruong/uuv_sim_home/install/dave_interfaces/lib/python3.12/site-packages:/home/namtruong/uuv_sim_home/build/uuv_simu:/home/namtruong/uuv_sim_home/install/uuv_simu/lib/python3.12/site-packages:/opt/ros/jazzy/lib/python3.12/site-packages /usr/bin/cmake /home/namtruong/uuv_sim_home/src/dave_gz_sensor_plugins -DBUILD_TESTING=OFF -DCMAKE_INSTALL_PREFIX=/home/namtruong/uuv_sim_home/install/dave_gz_sensor_plugins
[0.324s] DEBUG:colcon.colcon_core.event_handler.log_command:Invoking command in '/home/namtruong/uuv_sim_home/build/multibeam_sonar': CMAKE_PREFIX_PATH=/home/namtruong/uuv_sim_home/install/dave_interfaces:/home/namtruong/uuv_sim_home/install/multibeam_sonar_system:/home/namtruong/uuv_sim_home/install/multibeam_sonar:/home/namtruong/uuv_sim_home/install/dave_worlds:/home/namtruong/uuv_sim_home/install/dave_gz_model_plugins:/home/namtruong/uuv_sim_home/install/dave_ros_gz_plugins:/home/namtruong/uuv_sim_home/install/dave_robot_models:/home/namtruong/uuv_sim_home/install/dave_object_models:/home/namtruong/uuv_sim_home/install/dave_multibeam_sonar_demo:/home/namtruong/uuv_sim_home/install/dave_gz_world_plugins:/home/namtruong/uuv_sim_home/install/dave_gz_sensor_plugins:/opt/ros/jazzy/opt/gz_sim_vendor:/opt/ros/jazzy/opt/gz_sensors_vendor:/opt/ros/jazzy/opt/gz_physics_vendor:/opt/ros/jazzy/opt/sdformat_vendor:/opt/ros/jazzy/opt/gz_gui_vendor:/opt/ros/jazzy/opt/gz_transport_vendor:/opt/ros/jazzy/opt/gz_rendering_vendor:/opt/ros/jazzy/opt/gz_plugin_vendor:/opt/ros/jazzy/opt/gz_fuel_tools_vendor:/opt/ros/jazzy/opt/gz_msgs_vendor:/opt/ros/jazzy/opt/gz_common_vendor:/opt/ros/jazzy/opt/gz_math_vendor:/opt/ros/jazzy/opt/gz_utils_vendor:/opt/ros/jazzy/opt/gz_tools_vendor:/opt/ros/jazzy/opt/gz_ogre_next_vendor:/opt/ros/jazzy/opt/gz_dartsim_vendor:/opt/ros/jazzy/opt/gz_cmake_vendor:/home/namtruong/uuv_sim_home/install/uuv_simu:/opt/ros/jazzy DEBUGINFOD_URLS=https://debuginfod.ubuntu.com LD_LIBRARY_PATH=/home/namtruong/uuv_sim_home/install/dave_interfaces/lib:/home/namtruong/uuv_sim_home/install/dave_ros_gz_plugins/lib:/home/namtruong/uuv_sim_home/install/dave_gz_world_plugins/lib:/opt/ros/jazzy/opt/gz_sim_vendor/lib:/opt/ros/jazzy/opt/gz_sensors_vendor/lib:/opt/ros/jazzy/opt/gz_physics_vendor/lib:/opt/ros/jazzy/opt/sdformat_vendor/lib:/opt/ros/jazzy/opt/rviz_ogre_vendor/lib:/opt/ros/jazzy/lib/x86_64-linux-gnu:/opt/ros/jazzy/opt/gz_gui_vendor/lib:/opt/ros/jazzy/opt/gz_transport_vendor/lib:/opt/ros/jazzy/opt/gz_rendering_vendor/lib:/opt/ros/jazzy/opt/gz_plugin_vendor/lib:/opt/ros/jazzy/opt/gz_fuel_tools_vendor/lib:/opt/ros/jazzy/opt/gz_msgs_vendor/lib:/opt/ros/jazzy/opt/gz_common_vendor/lib:/opt/ros/jazzy/opt/gz_math_vendor/lib:/opt/ros/jazzy/opt/gz_utils_vendor/lib:/opt/ros/jazzy/opt/gz_tools_vendor/lib:/opt/ros/jazzy/opt/gz_ogre_next_vendor/lib:/opt/ros/jazzy/opt/gz_dartsim_vendor/lib:/opt/ros/jazzy/opt/gz_cmake_vendor/lib:/opt/ros/jazzy/lib PYTHONPATH=/home/namtruong/uuv_sim_home/install/dave_interfaces/lib/python3.12/site-packages:/home/namtruong/uuv_sim_home/build/uuv_simu:/home/namtruong/uuv_sim_home/install/uuv_simu/lib/python3.12/site-packages:/opt/ros/jazzy/lib/python3.12/site-packages /usr/bin/cmake --build /home/namtruong/uuv_sim_home/build/multibeam_sonar -- -j16 -l16
[0.554s] INFO:colcon.colcon_core.task.python.build:Building Python package in '/home/namtruong/uuv_sim_home/src/uuv_simu'
[0.555s] INFO:colcon.colcon_core.shell:Skip shell extension 'powershell' for command environment: Not usable outside of PowerShell
[0.555s] DEBUG:colcon.colcon_core.shell:Skip shell extension 'dsv' for command environment
[0.710s] DEBUG:colcon.colcon_core.event_handler.log_command:Invoked command in '/home/namtruong/uuv_sim_home/build/dave_worlds' returned '0': CMAKE_PREFIX_PATH=${CMAKE_PREFIX_PATH}:/home/namtruong/uuv_sim_home/install/uuv_simu:/opt/ros/jazzy DEBUGINFOD_URLS=https://debuginfod.ubuntu.com /usr/bin/cmake /home/namtruong/uuv_sim_home/src/dave_worlds -DBUILD_TESTING=OFF -DCMAKE_INSTALL_PREFIX=/home/namtruong/uuv_sim_home/install/dave_worlds
[0.711s] DEBUG:colcon.colcon_core.event_handler.log_command:Invoking command in '/home/namtruong/uuv_sim_home/build/dave_worlds': CMAKE_PREFIX_PATH=${CMAKE_PREFIX_PATH}:/home/namtruong/uuv_sim_home/install/uuv_simu:/opt/ros/jazzy DEBUGINFOD_URLS=https://debuginfod.ubuntu.com /usr/bin/cmake --build /home/namtruong/uuv_sim_home/build/dave_worlds -- -j16 -l16
[0.760s] DEBUG:colcon.colcon_core.event_handler.log_command:Invoked command in '/home/namtruong/uuv_sim_home/build/dave_worlds' returned '0': CMAKE_PREFIX_PATH=${CMAKE_PREFIX_PATH}:/home/namtruong/uuv_sim_home/install/uuv_simu:/opt/ros/jazzy DEBUGINFOD_URLS=https://debuginfod.ubuntu.com /usr/bin/cmake --build /home/namtruong/uuv_sim_home/build/dave_worlds -- -j16 -l16
[0.772s] DEBUG:colcon.colcon_core.event_handler.log_command:Invoking command in '/home/namtruong/uuv_sim_home/build/dave_worlds': CMAKE_PREFIX_PATH=${CMAKE_PREFIX_PATH}:/home/namtruong/uuv_sim_home/install/uuv_simu:/opt/ros/jazzy DEBUGINFOD_URLS=https://debuginfod.ubuntu.com /usr/bin/cmake --install /home/namtruong/uuv_sim_home/build/dave_worlds
[0.801s] Level 1:colcon.colcon_core.environment:create_environment_scripts_only(dave_worlds)
[0.801s] DEBUG:colcon.colcon_core.event_handler.log_command:Invoked command in '/home/namtruong/uuv_sim_home/build/dave_worlds' returned '0': CMAKE_PREFIX_PATH=${CMAKE_PREFIX_PATH}:/home/namtruong/uuv_sim_home/install/uuv_simu:/opt/ros/jazzy DEBUGINFOD_URLS=https://debuginfod.ubuntu.com /usr/bin/cmake --install /home/namtruong/uuv_sim_home/build/dave_worlds
[0.805s] Level 1:colcon.colcon_core.environment:checking '/home/namtruong/uuv_sim_home/install/dave_worlds' for CMake module files
[0.806s] Level 1:colcon.colcon_core.environment:checking '/home/namtruong/uuv_sim_home/install/dave_worlds' for CMake config files
[0.806s] Level 1:colcon.colcon_core.shell:create_environment_hook('dave_worlds', 'cmake_prefix_path')
[0.807s] INFO:colcon.colcon_core.shell:Creating environment hook '/home/namtruong/uuv_sim_home/install/dave_worlds/share/dave_worlds/hook/cmake_prefix_path.ps1'
[0.807s] INFO:colcon.colcon_core.shell:Creating environment descriptor '/home/namtruong/uuv_sim_home/install/dave_worlds/share/dave_worlds/hook/cmake_prefix_path.dsv'
[0.807s] INFO:colcon.colcon_core.shell:Creating environment hook '/home/namtruong/uuv_sim_home/install/dave_worlds/share/dave_worlds/hook/cmake_prefix_path.sh'
[0.808s] Level 1:colcon.colcon_core.environment:checking '/home/namtruong/uuv_sim_home/install/dave_worlds/bin'
[0.808s] Level 1:colcon.colcon_core.environment:checking '/home/namtruong/uuv_sim_home/install/dave_worlds/lib/pkgconfig/dave_worlds.pc'
[0.809s] Level 1:colcon.colcon_core.environment:checking '/home/namtruong/uuv_sim_home/install/dave_worlds/lib/python3.12/site-packages'
[0.809s] Level 1:colcon.colcon_core.environment:checking '/home/namtruong/uuv_sim_home/install/dave_worlds/bin'
[0.809s] INFO:colcon.colcon_core.shell:Creating package script '/home/namtruong/uuv_sim_home/install/dave_worlds/share/dave_worlds/package.ps1'
[0.810s] INFO:colcon.colcon_core.shell:Creating package descriptor '/home/namtruong/uuv_sim_home/install/dave_worlds/share/dave_worlds/package.dsv'
[0.811s] INFO:colcon.colcon_core.shell:Creating package script '/home/namtruong/uuv_sim_home/install/dave_worlds/share/dave_worlds/package.sh'
[0.811s] INFO:colcon.colcon_core.shell:Creating package script '/home/namtruong/uuv_sim_home/install/dave_worlds/share/dave_worlds/package.bash'
[0.812s] INFO:colcon.colcon_core.shell:Creating package script '/home/namtruong/uuv_sim_home/install/dave_worlds/share/dave_worlds/package.zsh'
[0.813s] Level 1:colcon.colcon_core.environment:create_file_with_runtime_dependencies(/home/namtruong/uuv_sim_home/install/dave_worlds/share/colcon-core/packages/dave_worlds)
[0.813s] Level 1:colcon.colcon_core.environment:create_environment_scripts_only(dave_worlds)
[0.813s] Level 1:colcon.colcon_core.environment:checking '/home/namtruong/uuv_sim_home/install/dave_worlds' for CMake module files
[0.814s] Level 1:colcon.colcon_core.environment:checking '/home/namtruong/uuv_sim_home/install/dave_worlds' for CMake config files
[0.814s] Level 1:colcon.colcon_core.shell:create_environment_hook('dave_worlds', 'cmake_prefix_path')
[0.815s] INFO:colcon.colcon_core.shell:Creating environment hook '/home/namtruong/uuv_sim_home/install/dave_worlds/share/dave_worlds/hook/cmake_prefix_path.ps1'
[0.815s] INFO:colcon.colcon_core.shell:Creating environment descriptor '/home/namtruong/uuv_sim_home/install/dave_worlds/share/dave_worlds/hook/cmake_prefix_path.dsv'
[0.815s] INFO:colcon.colcon_core.shell:Creating environment hook '/home/namtruong/uuv_sim_home/install/dave_worlds/share/dave_worlds/hook/cmake_prefix_path.sh'
[0.816s] Level 1:colcon.colcon_core.environment:checking '/home/namtruong/uuv_sim_home/install/dave_worlds/bin'
[0.816s] Level 1:colcon.colcon_core.environment:checking '/home/namtruong/uuv_sim_home/install/dave_worlds/lib/pkgconfig/dave_worlds.pc'
[0.816s] Level 1:colcon.colcon_core.environment:checking '/home/namtruong/uuv_sim_home/install/dave_worlds/lib/python3.12/site-packages'
[0.816s] Level 1:colcon.colcon_core.environment:checking '/home/namtruong/uuv_sim_home/install/dave_worlds/bin'
[0.817s] INFO:colcon.colcon_core.shell:Creating package script '/home/namtruong/uuv_sim_home/install/dave_worlds/share/dave_worlds/package.ps1'
[0.817s] INFO:colcon.colcon_core.shell:Creating package descriptor '/home/namtruong/uuv_sim_home/install/dave_worlds/share/dave_worlds/package.dsv'
[0.818s] INFO:colcon.colcon_core.shell:Creating package script '/home/namtruong/uuv_sim_home/install/dave_worlds/share/dave_worlds/package.sh'
[0.818s] INFO:colcon.colcon_core.shell:Creating package script '/home/namtruong/uuv_sim_home/install/dave_worlds/share/dave_worlds/package.bash'
[0.818s] INFO:colcon.colcon_core.shell:Creating package script '/home/namtruong/uuv_sim_home/install/dave_worlds/share/dave_worlds/package.zsh'
[0.819s] Level 1:colcon.colcon_core.environment:create_file_with_runtime_dependencies(/home/namtruong/uuv_sim_home/install/dave_worlds/share/colcon-core/packages/dave_worlds)
[1.313s] DEBUG:colcon.colcon_core.task.python.build:Available setuptools commands: install_data, upload, editable_wheel, install_egg_info, check, clean, sdist, bdist, upload_docs, egg_info, update_catalog, install_headers, init_catalog, alias, build_py, compile_catalog, install, build_clib, install_scripts, bdist_rpm, rotate, dist_info, symlink_data, test, extract_messages, build, develop, build_ext, install_lib, bdist_dumb, build_scripts, bdist_egg, setopt, register, saveopts, easy_install
[1.315s] DEBUG:colcon.colcon_core.event_handler.log_command:Invoking command in '/home/namtruong/uuv_sim_home/build/uuv_simu': CMAKE_PREFIX_PATH=/home/namtruong/uuv_sim_home/install/dave_robot_models:/home/namtruong/uuv_sim_home/install/multibeam_sonar_system:/home/namtruong/uuv_sim_home/install/multibeam_sonar:/home/namtruong/uuv_sim_home/install/dave_worlds:/home/namtruong/uuv_sim_home/install/dave_gz_model_plugins:/home/namtruong/uuv_sim_home/install/dave_ros_gz_plugins:/home/namtruong/uuv_sim_home/install/dave_object_models:/home/namtruong/uuv_sim_home/install/dave_multibeam_sonar_demo:/home/namtruong/uuv_sim_home/install/dave_gz_world_plugins:/home/namtruong/uuv_sim_home/install/dave_gz_sensor_plugins:/home/namtruong/uuv_sim_home/install/dave_interfaces:/opt/ros/jazzy/opt/gz_sim_vendor:/opt/ros/jazzy/opt/gz_sensors_vendor:/opt/ros/jazzy/opt/gz_physics_vendor:/opt/ros/jazzy/opt/sdformat_vendor:/opt/ros/jazzy/opt/gz_gui_vendor:/opt/ros/jazzy/opt/gz_transport_vendor:/opt/ros/jazzy/opt/gz_rendering_vendor:/opt/ros/jazzy/opt/gz_plugin_vendor:/opt/ros/jazzy/opt/gz_fuel_tools_vendor:/opt/ros/jazzy/opt/gz_msgs_vendor:/opt/ros/jazzy/opt/gz_common_vendor:/opt/ros/jazzy/opt/gz_math_vendor:/opt/ros/jazzy/opt/gz_utils_vendor:/opt/ros/jazzy/opt/gz_tools_vendor:/opt/ros/jazzy/opt/gz_ogre_next_vendor:/opt/ros/jazzy/opt/gz_dartsim_vendor:/opt/ros/jazzy/opt/gz_cmake_vendor DEBUGINFOD_URLS=https://debuginfod.ubuntu.com PYTHONPATH=/home/namtruong/uuv_sim_home/build/uuv_simu/prefix_override:/usr/lib/python3/dist-packages/colcon_core/task/python/colcon_distutils_commands:/home/namtruong/uuv_sim_home/install/uuv_simu/lib/python3.12/site-packages:${PYTHONPATH} /usr/bin/python3 -W ignore:setup.py install is deprecated -W ignore:easy_install command is deprecated setup.py develop --uninstall --editable --build-directory /home/namtruong/uuv_sim_home/build/uuv_simu/build
[1.864s] DEBUG:colcon.colcon_core.event_handler.log_command:Invoked command in '/home/namtruong/uuv_sim_home/build/uuv_simu' returned '0': CMAKE_PREFIX_PATH=/home/namtruong/uuv_sim_home/install/dave_robot_models:/home/namtruong/uuv_sim_home/install/multibeam_sonar_system:/home/namtruong/uuv_sim_home/install/multibeam_sonar:/home/namtruong/uuv_sim_home/install/dave_worlds:/home/namtruong/uuv_sim_home/install/dave_gz_model_plugins:/home/namtruong/uuv_sim_home/install/dave_ros_gz_plugins:/home/namtruong/uuv_sim_home/install/dave_object_models:/home/namtruong/uuv_sim_home/install/dave_multibeam_sonar_demo:/home/namtruong/uuv_sim_home/install/dave_gz_world_plugins:/home/namtruong/uuv_sim_home/install/dave_gz_sensor_plugins:/home/namtruong/uuv_sim_home/install/dave_interfaces:/opt/ros/jazzy/opt/gz_sim_vendor:/opt/ros/jazzy/opt/gz_sensors_vendor:/opt/ros/jazzy/opt/gz_physics_vendor:/opt/ros/jazzy/opt/sdformat_vendor:/opt/ros/jazzy/opt/gz_gui_vendor:/opt/ros/jazzy/opt/gz_transport_vendor:/opt/ros/jazzy/opt/gz_rendering_vendor:/opt/ros/jazzy/opt/gz_plugin_vendor:/opt/ros/jazzy/opt/gz_fuel_tools_vendor:/opt/ros/jazzy/opt/gz_msgs_vendor:/opt/ros/jazzy/opt/gz_common_vendor:/opt/ros/jazzy/opt/gz_math_vendor:/opt/ros/jazzy/opt/gz_utils_vendor:/opt/ros/jazzy/opt/gz_tools_vendor:/opt/ros/jazzy/opt/gz_ogre_next_vendor:/opt/ros/jazzy/opt/gz_dartsim_vendor:/opt/ros/jazzy/opt/gz_cmake_vendor DEBUGINFOD_URLS=https://debuginfod.ubuntu.com PYTHONPATH=/home/namtruong/uuv_sim_home/build/uuv_simu/prefix_override:/usr/lib/python3/dist-packages/colcon_core/task/python/colcon_distutils_commands:/home/namtruong/uuv_sim_home/install/uuv_simu/lib/python3.12/site-packages:${PYTHONPATH} /usr/bin/python3 -W ignore:setup.py install is deprecated -W ignore:easy_install command is deprecated setup.py develop --uninstall --editable --build-directory /home/namtruong/uuv_sim_home/build/uuv_simu/build
[1.865s] DEBUG:colcon.colcon_core.event_handler.log_command:Invoking command in '/home/namtruong/uuv_sim_home/src/uuv_simu': CMAKE_PREFIX_PATH=/home/namtruong/uuv_sim_home/install/dave_robot_models:/home/namtruong/uuv_sim_home/install/multibeam_sonar_system:/home/namtruong/uuv_sim_home/install/multibeam_sonar:/home/namtruong/uuv_sim_home/install/dave_worlds:/home/namtruong/uuv_sim_home/install/dave_gz_model_plugins:/home/namtruong/uuv_sim_home/install/dave_ros_gz_plugins:/home/namtruong/uuv_sim_home/install/dave_object_models:/home/namtruong/uuv_sim_home/install/dave_multibeam_sonar_demo:/home/namtruong/uuv_sim_home/install/dave_gz_world_plugins:/home/namtruong/uuv_sim_home/install/dave_gz_sensor_plugins:/home/namtruong/uuv_sim_home/install/dave_interfaces:/opt/ros/jazzy/opt/gz_sim_vendor:/opt/ros/jazzy/opt/gz_sensors_vendor:/opt/ros/jazzy/opt/gz_physics_vendor:/opt/ros/jazzy/opt/sdformat_vendor:/opt/ros/jazzy/opt/gz_gui_vendor:/opt/ros/jazzy/opt/gz_transport_vendor:/opt/ros/jazzy/opt/gz_rendering_vendor:/opt/ros/jazzy/opt/gz_plugin_vendor:/opt/ros/jazzy/opt/gz_fuel_tools_vendor:/opt/ros/jazzy/opt/gz_msgs_vendor:/opt/ros/jazzy/opt/gz_common_vendor:/opt/ros/jazzy/opt/gz_math_vendor:/opt/ros/jazzy/opt/gz_utils_vendor:/opt/ros/jazzy/opt/gz_tools_vendor:/opt/ros/jazzy/opt/gz_ogre_next_vendor:/opt/ros/jazzy/opt/gz_dartsim_vendor:/opt/ros/jazzy/opt/gz_cmake_vendor DEBUGINFOD_URLS=https://debuginfod.ubuntu.com PYTHONPATH=/home/namtruong/uuv_sim_home/build/uuv_simu/prefix_override:/usr/lib/python3/dist-packages/colcon_core/task/python/colcon_distutils_commands:/home/namtruong/uuv_sim_home/install/uuv_simu/lib/python3.12/site-packages:${PYTHONPATH} /usr/bin/python3 -W ignore:setup.py install is deprecated -W ignore:easy_install command is deprecated setup.py egg_info --egg-base ../../build/uuv_simu build --build-base /home/namtruong/uuv_sim_home/build/uuv_simu/build install --record /home/namtruong/uuv_sim_home/build/uuv_simu/install.log --install-scripts $base/lib/uuv_simu --single-version-externally-managed install_data --force
[2.420s] Level 1:colcon.colcon_core.environment:checking '/home/namtruong/uuv_sim_home/install/uuv_simu' for CMake module files
[2.421s] DEBUG:colcon.colcon_core.event_handler.log_command:Invoked command in '/home/namtruong/uuv_sim_home/src/uuv_simu' returned '0': CMAKE_PREFIX_PATH=/home/namtruong/uuv_sim_home/install/dave_robot_models:/home/namtruong/uuv_sim_home/install/multibeam_sonar_system:/home/namtruong/uuv_sim_home/install/multibeam_sonar:/home/namtruong/uuv_sim_home/install/dave_worlds:/home/namtruong/uuv_sim_home/install/dave_gz_model_plugins:/home/namtruong/uuv_sim_home/install/dave_ros_gz_plugins:/home/namtruong/uuv_sim_home/install/dave_object_models:/home/namtruong/uuv_sim_home/install/dave_multibeam_sonar_demo:/home/namtruong/uuv_sim_home/install/dave_gz_world_plugins:/home/namtruong/uuv_sim_home/install/dave_gz_sensor_plugins:/home/namtruong/uuv_sim_home/install/dave_interfaces:/opt/ros/jazzy/opt/gz_sim_vendor:/opt/ros/jazzy/opt/gz_sensors_vendor:/opt/ros/jazzy/opt/gz_physics_vendor:/opt/ros/jazzy/opt/sdformat_vendor:/opt/ros/jazzy/opt/gz_gui_vendor:/opt/ros/jazzy/opt/gz_transport_vendor:/opt/ros/jazzy/opt/gz_rendering_vendor:/opt/ros/jazzy/opt/gz_plugin_vendor:/opt/ros/jazzy/opt/gz_fuel_tools_vendor:/opt/ros/jazzy/opt/gz_msgs_vendor:/opt/ros/jazzy/opt/gz_common_vendor:/opt/ros/jazzy/opt/gz_math_vendor:/opt/ros/jazzy/opt/gz_utils_vendor:/opt/ros/jazzy/opt/gz_tools_vendor:/opt/ros/jazzy/opt/gz_ogre_next_vendor:/opt/ros/jazzy/opt/gz_dartsim_vendor:/opt/ros/jazzy/opt/gz_cmake_vendor DEBUGINFOD_URLS=https://debuginfod.ubuntu.com PYTHONPATH=/home/namtruong/uuv_sim_home/build/uuv_simu/prefix_override:/usr/lib/python3/dist-packages/colcon_core/task/python/colcon_distutils_commands:/home/namtruong/uuv_sim_home/install/uuv_simu/lib/python3.12/site-packages:${PYTHONPATH} /usr/bin/python3 -W ignore:setup.py install is deprecated -W ignore:easy_install command is deprecated setup.py egg_info --egg-base ../../build/uuv_simu build --build-base /home/namtruong/uuv_sim_home/build/uuv_simu/build install --record /home/namtruong/uuv_sim_home/build/uuv_simu/install.log --install-scripts $base/lib/uuv_simu --single-version-externally-managed install_data --force
[2.421s] Level 1:colcon.colcon_core.environment:checking '/home/namtruong/uuv_sim_home/install/uuv_simu' for CMake config files
[2.422s] Level 1:colcon.colcon_core.environment:checking '/home/namtruong/uuv_sim_home/install/uuv_simu/lib'
[2.422s] Level 1:colcon.colcon_core.environment:checking '/home/namtruong/uuv_sim_home/install/uuv_simu/bin'
[2.422s] Level 1:colcon.colcon_core.environment:checking '/home/namtruong/uuv_sim_home/install/uuv_simu/lib/pkgconfig/uuv_simu.pc'
[2.422s] Level 1:colcon.colcon_core.environment:checking '/home/namtruong/uuv_sim_home/install/uuv_simu/lib/python3.12/site-packages'
[2.422s] Level 1:colcon.colcon_core.shell:create_environment_hook('uuv_simu', 'pythonpath')
[2.423s] INFO:colcon.colcon_core.shell:Creating environment hook '/home/namtruong/uuv_sim_home/install/uuv_simu/share/uuv_simu/hook/pythonpath.ps1'
[2.423s] INFO:colcon.colcon_core.shell:Creating environment descriptor '/home/namtruong/uuv_sim_home/install/uuv_simu/share/uuv_simu/hook/pythonpath.dsv'
[2.424s] INFO:colcon.colcon_core.shell:Creating environment hook '/home/namtruong/uuv_sim_home/install/uuv_simu/share/uuv_simu/hook/pythonpath.sh'
[2.424s] Level 1:colcon.colcon_core.environment:checking '/home/namtruong/uuv_sim_home/install/uuv_simu/bin'
[2.424s] Level 1:colcon.colcon_core.environment:create_environment_scripts_only(uuv_simu)
[2.424s] INFO:colcon.colcon_core.shell:Creating package script '/home/namtruong/uuv_sim_home/install/uuv_simu/share/uuv_simu/package.ps1'
[2.425s] INFO:colcon.colcon_core.shell:Creating package descriptor '/home/namtruong/uuv_sim_home/install/uuv_simu/share/uuv_simu/package.dsv'
[2.425s] INFO:colcon.colcon_core.shell:Creating package script '/home/namtruong/uuv_sim_home/install/uuv_simu/share/uuv_simu/package.sh'
[2.426s] INFO:colcon.colcon_core.shell:Creating package script '/home/namtruong/uuv_sim_home/install/uuv_simu/share/uuv_simu/package.bash'
[2.426s] INFO:colcon.colcon_core.shell:Creating package script '/home/namtruong/uuv_sim_home/install/uuv_simu/share/uuv_simu/package.zsh'
[2.426s] Level 1:colcon.colcon_core.environment:create_file_with_runtime_dependencies(/home/namtruong/uuv_sim_home/install/uuv_simu/share/colcon-core/packages/uuv_simu)
[2.478s] DEBUG:colcon.colcon_core.event_handler.log_command:Invoked command in '/home/namtruong/uuv_sim_home/build/dave_gz_sensor_plugins' returned '0': CMAKE_PREFIX_PATH=/home/namtruong/uuv_sim_home/install/dave_interfaces:/home/namtruong/uuv_sim_home/install/multibeam_sonar_system:/home/namtruong/uuv_sim_home/install/multibeam_sonar:/home/namtruong/uuv_sim_home/install/dave_worlds:/home/namtruong/uuv_sim_home/install/dave_gz_model_plugins:/home/namtruong/uuv_sim_home/install/dave_ros_gz_plugins:/home/namtruong/uuv_sim_home/install/dave_robot_models:/home/namtruong/uuv_sim_home/install/dave_object_models:/home/namtruong/uuv_sim_home/install/dave_multibeam_sonar_demo:/home/namtruong/uuv_sim_home/install/dave_gz_world_plugins:/home/namtruong/uuv_sim_home/install/dave_gz_sensor_plugins:/opt/ros/jazzy/opt/gz_sim_vendor:/opt/ros/jazzy/opt/gz_sensors_vendor:/opt/ros/jazzy/opt/gz_physics_vendor:/opt/ros/jazzy/opt/sdformat_vendor:/opt/ros/jazzy/opt/gz_gui_vendor:/opt/ros/jazzy/opt/gz_transport_vendor:/opt/ros/jazzy/opt/gz_rendering_vendor:/opt/ros/jazzy/opt/gz_plugin_vendor:/opt/ros/jazzy/opt/gz_fuel_tools_vendor:/opt/ros/jazzy/opt/gz_msgs_vendor:/opt/ros/jazzy/opt/gz_common_vendor:/opt/ros/jazzy/opt/gz_math_vendor:/opt/ros/jazzy/opt/gz_utils_vendor:/opt/ros/jazzy/opt/gz_tools_vendor:/opt/ros/jazzy/opt/gz_ogre_next_vendor:/opt/ros/jazzy/opt/gz_dartsim_vendor:/opt/ros/jazzy/opt/gz_cmake_vendor:/home/namtruong/uuv_sim_home/install/uuv_simu:/opt/ros/jazzy DEBUGINFOD_URLS=https://debuginfod.ubuntu.com LD_LIBRARY_PATH=/home/namtruong/uuv_sim_home/install/dave_interfaces/lib:/home/namtruong/uuv_sim_home/install/dave_ros_gz_plugins/lib:/home/namtruong/uuv_sim_home/install/dave_gz_world_plugins/lib:/opt/ros/jazzy/opt/gz_sim_vendor/lib:/opt/ros/jazzy/opt/gz_sensors_vendor/lib:/opt/ros/jazzy/opt/gz_physics_vendor/lib:/opt/ros/jazzy/opt/sdformat_vendor/lib:/opt/ros/jazzy/opt/rviz_ogre_vendor/lib:/opt/ros/jazzy/lib/x86_64-linux-gnu:/opt/ros/jazzy/opt/gz_gui_vendor/lib:/opt/ros/jazzy/opt/gz_transport_vendor/lib:/opt/ros/jazzy/opt/gz_rendering_vendor/lib:/opt/ros/jazzy/opt/gz_plugin_vendor/lib:/opt/ros/jazzy/opt/gz_fuel_tools_vendor/lib:/opt/ros/jazzy/opt/gz_msgs_vendor/lib:/opt/ros/jazzy/opt/gz_common_vendor/lib:/opt/ros/jazzy/opt/gz_math_vendor/lib:/opt/ros/jazzy/opt/gz_utils_vendor/lib:/opt/ros/jazzy/opt/gz_tools_vendor/lib:/opt/ros/jazzy/opt/gz_ogre_next_vendor/lib:/opt/ros/jazzy/opt/gz_dartsim_vendor/lib:/opt/ros/jazzy/opt/gz_cmake_vendor/lib:/opt/ros/jazzy/lib PYTHONPATH=/home/namtruong/uuv_sim_home/install/dave_interfaces/lib/python3.12/site-packages:/home/namtruong/uuv_sim_home/build/uuv_simu:/home/namtruong/uuv_sim_home/install/uuv_simu/lib/python3.12/site-packages:/opt/ros/jazzy/lib/python3.12/site-packages /usr/bin/cmake /home/namtruong/uuv_sim_home/src/dave_gz_sensor_plugins -DBUILD_TESTING=OFF -DCMAKE_INSTALL_PREFIX=/home/namtruong/uuv_sim_home/install/dave_gz_sensor_plugins
[2.480s] DEBUG:colcon.colcon_core.event_handler.log_command:Invoking command in '/home/namtruong/uuv_sim_home/build/dave_gz_sensor_plugins': CMAKE_PREFIX_PATH=/home/namtruong/uuv_sim_home/install/dave_interfaces:/home/namtruong/uuv_sim_home/install/multibeam_sonar_system:/home/namtruong/uuv_sim_home/install/multibeam_sonar:/home/namtruong/uuv_sim_home/install/dave_worlds:/home/namtruong/uuv_sim_home/install/dave_gz_model_plugins:/home/namtruong/uuv_sim_home/install/dave_ros_gz_plugins:/home/namtruong/uuv_sim_home/install/dave_robot_models:/home/namtruong/uuv_sim_home/install/dave_object_models:/home/namtruong/uuv_sim_home/install/dave_multibeam_sonar_demo:/home/namtruong/uuv_sim_home/install/dave_gz_world_plugins:/home/namtruong/uuv_sim_home/install/dave_gz_sensor_plugins:/opt/ros/jazzy/opt/gz_sim_vendor:/opt/ros/jazzy/opt/gz_sensors_vendor:/opt/ros/jazzy/opt/gz_physics_vendor:/opt/ros/jazzy/opt/sdformat_vendor:/opt/ros/jazzy/opt/gz_gui_vendor:/opt/ros/jazzy/opt/gz_transport_vendor:/opt/ros/jazzy/opt/gz_rendering_vendor:/opt/ros/jazzy/opt/gz_plugin_vendor:/opt/ros/jazzy/opt/gz_fuel_tools_vendor:/opt/ros/jazzy/opt/gz_msgs_vendor:/opt/ros/jazzy/opt/gz_common_vendor:/opt/ros/jazzy/opt/gz_math_vendor:/opt/ros/jazzy/opt/gz_utils_vendor:/opt/ros/jazzy/opt/gz_tools_vendor:/opt/ros/jazzy/opt/gz_ogre_next_vendor:/opt/ros/jazzy/opt/gz_dartsim_vendor:/opt/ros/jazzy/opt/gz_cmake_vendor:/home/namtruong/uuv_sim_home/install/uuv_simu:/opt/ros/jazzy DEBUGINFOD_URLS=https://debuginfod.ubuntu.com LD_LIBRARY_PATH=/home/namtruong/uuv_sim_home/install/dave_interfaces/lib:/home/namtruong/uuv_sim_home/install/dave_ros_gz_plugins/lib:/home/namtruong/uuv_sim_home/install/dave_gz_world_plugins/lib:/opt/ros/jazzy/opt/gz_sim_vendor/lib:/opt/ros/jazzy/opt/gz_sensors_vendor/lib:/opt/ros/jazzy/opt/gz_physics_vendor/lib:/opt/ros/jazzy/opt/sdformat_vendor/lib:/opt/ros/jazzy/opt/rviz_ogre_vendor/lib:/opt/ros/jazzy/lib/x86_64-linux-gnu:/opt/ros/jazzy/opt/gz_gui_vendor/lib:/opt/ros/jazzy/opt/gz_transport_vendor/lib:/opt/ros/jazzy/opt/gz_rendering_vendor/lib:/opt/ros/jazzy/opt/gz_plugin_vendor/lib:/opt/ros/jazzy/opt/gz_fuel_tools_vendor/lib:/opt/ros/jazzy/opt/gz_msgs_vendor/lib:/opt/ros/jazzy/opt/gz_common_vendor/lib:/opt/ros/jazzy/opt/gz_math_vendor/lib:/opt/ros/jazzy/opt/gz_utils_vendor/lib:/opt/ros/jazzy/opt/gz_tools_vendor/lib:/opt/ros/jazzy/opt/gz_ogre_next_vendor/lib:/opt/ros/jazzy/opt/gz_dartsim_vendor/lib:/opt/ros/jazzy/opt/gz_cmake_vendor/lib:/opt/ros/jazzy/lib PYTHONPATH=/home/namtruong/uuv_sim_home/install/dave_interfaces/lib/python3.12/site-packages:/home/namtruong/uuv_sim_home/build/uuv_simu:/home/namtruong/uuv_sim_home/install/uuv_simu/lib/python3.12/site-packages:/opt/ros/jazzy/lib/python3.12/site-packages /usr/bin/cmake --build /home/namtruong/uuv_sim_home/build/dave_gz_sensor_plugins -- -j16 -l16
[2.620s] DEBUG:colcon.colcon_core.event_handler.log_command:Invoked command in '/home/namtruong/uuv_sim_home/build/dave_gz_sensor_plugins' returned '0': CMAKE_PREFIX_PATH=/home/namtruong/uuv_sim_home/install/dave_interfaces:/home/namtruong/uuv_sim_home/install/multibeam_sonar_system:/home/namtruong/uuv_sim_home/install/multibeam_sonar:/home/namtruong/uuv_sim_home/install/dave_worlds:/home/namtruong/uuv_sim_home/install/dave_gz_model_plugins:/home/namtruong/uuv_sim_home/install/dave_ros_gz_plugins:/home/namtruong/uuv_sim_home/install/dave_robot_models:/home/namtruong/uuv_sim_home/install/dave_object_models:/home/namtruong/uuv_sim_home/install/dave_multibeam_sonar_demo:/home/namtruong/uuv_sim_home/install/dave_gz_world_plugins:/home/namtruong/uuv_sim_home/install/dave_gz_sensor_plugins:/opt/ros/jazzy/opt/gz_sim_vendor:/opt/ros/jazzy/opt/gz_sensors_vendor:/opt/ros/jazzy/opt/gz_physics_vendor:/opt/ros/jazzy/opt/sdformat_vendor:/opt/ros/jazzy/opt/gz_gui_vendor:/opt/ros/jazzy/opt/gz_transport_vendor:/opt/ros/jazzy/opt/gz_rendering_vendor:/opt/ros/jazzy/opt/gz_plugin_vendor:/opt/ros/jazzy/opt/gz_fuel_tools_vendor:/opt/ros/jazzy/opt/gz_msgs_vendor:/opt/ros/jazzy/opt/gz_common_vendor:/opt/ros/jazzy/opt/gz_math_vendor:/opt/ros/jazzy/opt/gz_utils_vendor:/opt/ros/jazzy/opt/gz_tools_vendor:/opt/ros/jazzy/opt/gz_ogre_next_vendor:/opt/ros/jazzy/opt/gz_dartsim_vendor:/opt/ros/jazzy/opt/gz_cmake_vendor:/home/namtruong/uuv_sim_home/install/uuv_simu:/opt/ros/jazzy DEBUGINFOD_URLS=https://debuginfod.ubuntu.com LD_LIBRARY_PATH=/home/namtruong/uuv_sim_home/install/dave_interfaces/lib:/home/namtruong/uuv_sim_home/install/dave_ros_gz_plugins/lib:/home/namtruong/uuv_sim_home/install/dave_gz_world_plugins/lib:/opt/ros/jazzy/opt/gz_sim_vendor/lib:/opt/ros/jazzy/opt/gz_sensors_vendor/lib:/opt/ros/jazzy/opt/gz_physics_vendor/lib:/opt/ros/jazzy/opt/sdformat_vendor/lib:/opt/ros/jazzy/opt/rviz_ogre_vendor/lib:/opt/ros/jazzy/lib/x86_64-linux-gnu:/opt/ros/jazzy/opt/gz_gui_vendor/lib:/opt/ros/jazzy/opt/gz_transport_vendor/lib:/opt/ros/jazzy/opt/gz_rendering_vendor/lib:/opt/ros/jazzy/opt/gz_plugin_vendor/lib:/opt/ros/jazzy/opt/gz_fuel_tools_vendor/lib:/opt/ros/jazzy/opt/gz_msgs_vendor/lib:/opt/ros/jazzy/opt/gz_common_vendor/lib:/opt/ros/jazzy/opt/gz_math_vendor/lib:/opt/ros/jazzy/opt/gz_utils_vendor/lib:/opt/ros/jazzy/opt/gz_tools_vendor/lib:/opt/ros/jazzy/opt/gz_ogre_next_vendor/lib:/opt/ros/jazzy/opt/gz_dartsim_vendor/lib:/opt/ros/jazzy/opt/gz_cmake_vendor/lib:/opt/ros/jazzy/lib PYTHONPATH=/home/namtruong/uuv_sim_home/install/dave_interfaces/lib/python3.12/site-packages:/home/namtruong/uuv_sim_home/build/uuv_simu:/home/namtruong/uuv_sim_home/install/uuv_simu/lib/python3.12/site-packages:/opt/ros/jazzy/lib/python3.12/site-packages /usr/bin/cmake --build /home/namtruong/uuv_sim_home/build/dave_gz_sensor_plugins -- -j16 -l16
[2.622s] DEBUG:colcon.colcon_core.event_handler.log_command:Invoking command in '/home/namtruong/uuv_sim_home/build/dave_gz_sensor_plugins': CMAKE_PREFIX_PATH=/home/namtruong/uuv_sim_home/install/dave_interfaces:/home/namtruong/uuv_sim_home/install/multibeam_sonar_system:/home/namtruong/uuv_sim_home/install/multibeam_sonar:/home/namtruong/uuv_sim_home/install/dave_worlds:/home/namtruong/uuv_sim_home/install/dave_gz_model_plugins:/home/namtruong/uuv_sim_home/install/dave_ros_gz_plugins:/home/namtruong/uuv_sim_home/install/dave_robot_models:/home/namtruong/uuv_sim_home/install/dave_object_models:/home/namtruong/uuv_sim_home/install/dave_multibeam_sonar_demo:/home/namtruong/uuv_sim_home/install/dave_gz_world_plugins:/home/namtruong/uuv_sim_home/install/dave_gz_sensor_plugins:/opt/ros/jazzy/opt/gz_sim_vendor:/opt/ros/jazzy/opt/gz_sensors_vendor:/opt/ros/jazzy/opt/gz_physics_vendor:/opt/ros/jazzy/opt/sdformat_vendor:/opt/ros/jazzy/opt/gz_gui_vendor:/opt/ros/jazzy/opt/gz_transport_vendor:/opt/ros/jazzy/opt/gz_rendering_vendor:/opt/ros/jazzy/opt/gz_plugin_vendor:/opt/ros/jazzy/opt/gz_fuel_tools_vendor:/opt/ros/jazzy/opt/gz_msgs_vendor:/opt/ros/jazzy/opt/gz_common_vendor:/opt/ros/jazzy/opt/gz_math_vendor:/opt/ros/jazzy/opt/gz_utils_vendor:/opt/ros/jazzy/opt/gz_tools_vendor:/opt/ros/jazzy/opt/gz_ogre_next_vendor:/opt/ros/jazzy/opt/gz_dartsim_vendor:/opt/ros/jazzy/opt/gz_cmake_vendor:/home/namtruong/uuv_sim_home/install/uuv_simu:/opt/ros/jazzy DEBUGINFOD_URLS=https://debuginfod.ubuntu.com LD_LIBRARY_PATH=/home/namtruong/uuv_sim_home/install/dave_interfaces/lib:/home/namtruong/uuv_sim_home/install/dave_ros_gz_plugins/lib:/home/namtruong/uuv_sim_home/install/dave_gz_world_plugins/lib:/opt/ros/jazzy/opt/gz_sim_vendor/lib:/opt/ros/jazzy/opt/gz_sensors_vendor/lib:/opt/ros/jazzy/opt/gz_physics_vendor/lib:/opt/ros/jazzy/opt/sdformat_vendor/lib:/opt/ros/jazzy/opt/rviz_ogre_vendor/lib:/opt/ros/jazzy/lib/x86_64-linux-gnu:/opt/ros/jazzy/opt/gz_gui_vendor/lib:/opt/ros/jazzy/opt/gz_transport_vendor/lib:/opt/ros/jazzy/opt/gz_rendering_vendor/lib:/opt/ros/jazzy/opt/gz_plugin_vendor/lib:/opt/ros/jazzy/opt/gz_fuel_tools_vendor/lib:/opt/ros/jazzy/opt/gz_msgs_vendor/lib:/opt/ros/jazzy/opt/gz_common_vendor/lib:/opt/ros/jazzy/opt/gz_math_vendor/lib:/opt/ros/jazzy/opt/gz_utils_vendor/lib:/opt/ros/jazzy/opt/gz_tools_vendor/lib:/opt/ros/jazzy/opt/gz_ogre_next_vendor/lib:/opt/ros/jazzy/opt/gz_dartsim_vendor/lib:/opt/ros/jazzy/opt/gz_cmake_vendor/lib:/opt/ros/jazzy/lib PYTHONPATH=/home/namtruong/uuv_sim_home/install/dave_interfaces/lib/python3.12/site-packages:/home/namtruong/uuv_sim_home/build/uuv_simu:/home/namtruong/uuv_sim_home/install/uuv_simu/lib/python3.12/site-packages:/opt/ros/jazzy/lib/python3.12/site-packages /usr/bin/cmake --install /home/namtruong/uuv_sim_home/build/dave_gz_sensor_plugins
[2.651s] Level 1:colcon.colcon_core.environment:create_environment_scripts_only(dave_gz_sensor_plugins)
[2.651s] Level 1:colcon.colcon_core.environment:checking '/home/namtruong/uuv_sim_home/install/dave_gz_sensor_plugins' for CMake module files
[2.652s] DEBUG:colcon.colcon_core.event_handler.log_command:Invoked command in '/home/namtruong/uuv_sim_home/build/dave_gz_sensor_plugins' returned '0': CMAKE_PREFIX_PATH=/home/namtruong/uuv_sim_home/install/dave_interfaces:/home/namtruong/uuv_sim_home/install/multibeam_sonar_system:/home/namtruong/uuv_sim_home/install/multibeam_sonar:/home/namtruong/uuv_sim_home/install/dave_worlds:/home/namtruong/uuv_sim_home/install/dave_gz_model_plugins:/home/namtruong/uuv_sim_home/install/dave_ros_gz_plugins:/home/namtruong/uuv_sim_home/install/dave_robot_models:/home/namtruong/uuv_sim_home/install/dave_object_models:/home/namtruong/uuv_sim_home/install/dave_multibeam_sonar_demo:/home/namtruong/uuv_sim_home/install/dave_gz_world_plugins:/home/namtruong/uuv_sim_home/install/dave_gz_sensor_plugins:/opt/ros/jazzy/opt/gz_sim_vendor:/opt/ros/jazzy/opt/gz_sensors_vendor:/opt/ros/jazzy/opt/gz_physics_vendor:/opt/ros/jazzy/opt/sdformat_vendor:/opt/ros/jazzy/opt/gz_gui_vendor:/opt/ros/jazzy/opt/gz_transport_vendor:/opt/ros/jazzy/opt/gz_rendering_vendor:/opt/ros/jazzy/opt/gz_plugin_vendor:/opt/ros/jazzy/opt/gz_fuel_tools_vendor:/opt/ros/jazzy/opt/gz_msgs_vendor:/opt/ros/jazzy/opt/gz_common_vendor:/opt/ros/jazzy/opt/gz_math_vendor:/opt/ros/jazzy/opt/gz_utils_vendor:/opt/ros/jazzy/opt/gz_tools_vendor:/opt/ros/jazzy/opt/gz_ogre_next_vendor:/opt/ros/jazzy/opt/gz_dartsim_vendor:/opt/ros/jazzy/opt/gz_cmake_vendor:/home/namtruong/uuv_sim_home/install/uuv_simu:/opt/ros/jazzy DEBUGINFOD_URLS=https://debuginfod.ubuntu.com LD_LIBRARY_PATH=/home/namtruong/uuv_sim_home/install/dave_interfaces/lib:/home/namtruong/uuv_sim_home/install/dave_ros_gz_plugins/lib:/home/namtruong/uuv_sim_home/install/dave_gz_world_plugins/lib:/opt/ros/jazzy/opt/gz_sim_vendor/lib:/opt/ros/jazzy/opt/gz_sensors_vendor/lib:/opt/ros/jazzy/opt/gz_physics_vendor/lib:/opt/ros/jazzy/opt/sdformat_vendor/lib:/opt/ros/jazzy/opt/rviz_ogre_vendor/lib:/opt/ros/jazzy/lib/x86_64-linux-gnu:/opt/ros/jazzy/opt/gz_gui_vendor/lib:/opt/ros/jazzy/opt/gz_transport_vendor/lib:/opt/ros/jazzy/opt/gz_rendering_vendor/lib:/opt/ros/jazzy/opt/gz_plugin_vendor/lib:/opt/ros/jazzy/opt/gz_fuel_tools_vendor/lib:/opt/ros/jazzy/opt/gz_msgs_vendor/lib:/opt/ros/jazzy/opt/gz_common_vendor/lib:/opt/ros/jazzy/opt/gz_math_vendor/lib:/opt/ros/jazzy/opt/gz_utils_vendor/lib:/opt/ros/jazzy/opt/gz_tools_vendor/lib:/opt/ros/jazzy/opt/gz_ogre_next_vendor/lib:/opt/ros/jazzy/opt/gz_dartsim_vendor/lib:/opt/ros/jazzy/opt/gz_cmake_vendor/lib:/opt/ros/jazzy/lib PYTHONPATH=/home/namtruong/uuv_sim_home/install/dave_interfaces/lib/python3.12/site-packages:/home/namtruong/uuv_sim_home/build/uuv_simu:/home/namtruong/uuv_sim_home/install/uuv_simu/lib/python3.12/site-packages:/opt/ros/jazzy/lib/python3.12/site-packages /usr/bin/cmake --install /home/namtruong/uuv_sim_home/build/dave_gz_sensor_plugins
[2.652s] Level 1:colcon.colcon_core.environment:checking '/home/namtruong/uuv_sim_home/install/dave_gz_sensor_plugins' for CMake config files
[2.653s] Level 1:colcon.colcon_core.shell:create_environment_hook('dave_gz_sensor_plugins', 'cmake_prefix_path')
[2.653s] INFO:colcon.colcon_core.shell:Creating environment hook '/home/namtruong/uuv_sim_home/install/dave_gz_sensor_plugins/share/dave_gz_sensor_plugins/hook/cmake_prefix_path.ps1'
[2.653s] INFO:colcon.colcon_core.shell:Creating environment descriptor '/home/namtruong/uuv_sim_home/install/dave_gz_sensor_plugins/share/dave_gz_sensor_plugins/hook/cmake_prefix_path.dsv'
[2.654s] INFO:colcon.colcon_core.shell:Creating environment hook '/home/namtruong/uuv_sim_home/install/dave_gz_sensor_plugins/share/dave_gz_sensor_plugins/hook/cmake_prefix_path.sh'
[2.655s] Level 1:colcon.colcon_core.environment:checking '/home/namtruong/uuv_sim_home/install/dave_gz_sensor_plugins/lib'
[2.655s] Level 1:colcon.colcon_core.environment:checking '/home/namtruong/uuv_sim_home/install/dave_gz_sensor_plugins/bin'
[2.655s] Level 1:colcon.colcon_core.environment:checking '/home/namtruong/uuv_sim_home/install/dave_gz_sensor_plugins/lib/pkgconfig/dave_gz_sensor_plugins.pc'
[2.655s] Level 1:colcon.colcon_core.environment:checking '/home/namtruong/uuv_sim_home/install/dave_gz_sensor_plugins/lib/python3.12/site-packages'
[2.655s] Level 1:colcon.colcon_core.environment:checking '/home/namtruong/uuv_sim_home/install/dave_gz_sensor_plugins/bin'
[2.655s] INFO:colcon.colcon_core.shell:Creating package script '/home/namtruong/uuv_sim_home/install/dave_gz_sensor_plugins/share/dave_gz_sensor_plugins/package.ps1'
[2.656s] INFO:colcon.colcon_core.shell:Creating package descriptor '/home/namtruong/uuv_sim_home/install/dave_gz_sensor_plugins/share/dave_gz_sensor_plugins/package.dsv'
[2.656s] INFO:colcon.colcon_core.shell:Creating package script '/home/namtruong/uuv_sim_home/install/dave_gz_sensor_plugins/share/dave_gz_sensor_plugins/package.sh'
[2.657s] INFO:colcon.colcon_core.shell:Creating package script '/home/namtruong/uuv_sim_home/install/dave_gz_sensor_plugins/share/dave_gz_sensor_plugins/package.bash'
[2.657s] INFO:colcon.colcon_core.shell:Creating package script '/home/namtruong/uuv_sim_home/install/dave_gz_sensor_plugins/share/dave_gz_sensor_plugins/package.zsh'
[2.657s] Level 1:colcon.colcon_core.environment:create_file_with_runtime_dependencies(/home/namtruong/uuv_sim_home/install/dave_gz_sensor_plugins/share/colcon-core/packages/dave_gz_sensor_plugins)
[2.658s] Level 1:colcon.colcon_core.environment:create_environment_scripts_only(dave_gz_sensor_plugins)
[2.658s] Level 1:colcon.colcon_core.environment:checking '/home/namtruong/uuv_sim_home/install/dave_gz_sensor_plugins' for CMake module files
[2.658s] Level 1:colcon.colcon_core.environment:checking '/home/namtruong/uuv_sim_home/install/dave_gz_sensor_plugins' for CMake config files
[2.659s] Level 1:colcon.colcon_core.shell:create_environment_hook('dave_gz_sensor_plugins', 'cmake_prefix_path')
[2.659s] INFO:colcon.colcon_core.shell:Creating environment hook '/home/namtruong/uuv_sim_home/install/dave_gz_sensor_plugins/share/dave_gz_sensor_plugins/hook/cmake_prefix_path.ps1'
[2.659s] INFO:colcon.colcon_core.shell:Creating environment descriptor '/home/namtruong/uuv_sim_home/install/dave_gz_sensor_plugins/share/dave_gz_sensor_plugins/hook/cmake_prefix_path.dsv'
[2.660s] INFO:colcon.colcon_core.shell:Creating environment hook '/home/namtruong/uuv_sim_home/install/dave_gz_sensor_plugins/share/dave_gz_sensor_plugins/hook/cmake_prefix_path.sh'
[2.660s] Level 1:colcon.colcon_core.environment:checking '/home/namtruong/uuv_sim_home/install/dave_gz_sensor_plugins/lib'
[2.660s] Level 1:colcon.colcon_core.environment:checking '/home/namtruong/uuv_sim_home/install/dave_gz_sensor_plugins/bin'
[2.660s] Level 1:colcon.colcon_core.environment:checking '/home/namtruong/uuv_sim_home/install/dave_gz_sensor_plugins/lib/pkgconfig/dave_gz_sensor_plugins.pc'
[2.660s] Level 1:colcon.colcon_core.environment:checking '/home/namtruong/uuv_sim_home/install/dave_gz_sensor_plugins/lib/python3.12/site-packages'
[2.661s] Level 1:colcon.colcon_core.environment:checking '/home/namtruong/uuv_sim_home/install/dave_gz_sensor_plugins/bin'
[2.661s] INFO:colcon.colcon_core.shell:Creating package script '/home/namtruong/uuv_sim_home/install/dave_gz_sensor_plugins/share/dave_gz_sensor_plugins/package.ps1'
[2.661s] INFO:colcon.colcon_core.shell:Creating package descriptor '/home/namtruong/uuv_sim_home/install/dave_gz_sensor_plugins/share/dave_gz_sensor_plugins/package.dsv'
[2.662s] INFO:colcon.colcon_core.shell:Creating package script '/home/namtruong/uuv_sim_home/install/dave_gz_sensor_plugins/share/dave_gz_sensor_plugins/package.sh'
[2.662s] INFO:colcon.colcon_core.shell:Creating package script '/home/namtruong/uuv_sim_home/install/dave_gz_sensor_plugins/share/dave_gz_sensor_plugins/package.bash'
[2.662s] INFO:colcon.colcon_core.shell:Creating package script '/home/namtruong/uuv_sim_home/install/dave_gz_sensor_plugins/share/dave_gz_sensor_plugins/package.zsh'
[2.663s] Level 1:colcon.colcon_core.environment:create_file_with_runtime_dependencies(/home/namtruong/uuv_sim_home/install/dave_gz_sensor_plugins/share/colcon-core/packages/dave_gz_sensor_plugins)
[17.713s] DEBUG:colcon.colcon_core.event_handler.log_command:Invoked command in '/home/namtruong/uuv_sim_home/build/multibeam_sonar' returned '0': CMAKE_PREFIX_PATH=/home/namtruong/uuv_sim_home/install/dave_interfaces:/home/namtruong/uuv_sim_home/install/multibeam_sonar_system:/home/namtruong/uuv_sim_home/install/multibeam_sonar:/home/namtruong/uuv_sim_home/install/dave_worlds:/home/namtruong/uuv_sim_home/install/dave_gz_model_plugins:/home/namtruong/uuv_sim_home/install/dave_ros_gz_plugins:/home/namtruong/uuv_sim_home/install/dave_robot_models:/home/namtruong/uuv_sim_home/install/dave_object_models:/home/namtruong/uuv_sim_home/install/dave_multibeam_sonar_demo:/home/namtruong/uuv_sim_home/install/dave_gz_world_plugins:/home/namtruong/uuv_sim_home/install/dave_gz_sensor_plugins:/opt/ros/jazzy/opt/gz_sim_vendor:/opt/ros/jazzy/opt/gz_sensors_vendor:/opt/ros/jazzy/opt/gz_physics_vendor:/opt/ros/jazzy/opt/sdformat_vendor:/opt/ros/jazzy/opt/gz_gui_vendor:/opt/ros/jazzy/opt/gz_transport_vendor:/opt/ros/jazzy/opt/gz_rendering_vendor:/opt/ros/jazzy/opt/gz_plugin_vendor:/opt/ros/jazzy/opt/gz_fuel_tools_vendor:/opt/ros/jazzy/opt/gz_msgs_vendor:/opt/ros/jazzy/opt/gz_common_vendor:/opt/ros/jazzy/opt/gz_math_vendor:/opt/ros/jazzy/opt/gz_utils_vendor:/opt/ros/jazzy/opt/gz_tools_vendor:/opt/ros/jazzy/opt/gz_ogre_next_vendor:/opt/ros/jazzy/opt/gz_dartsim_vendor:/opt/ros/jazzy/opt/gz_cmake_vendor:/home/namtruong/uuv_sim_home/install/uuv_simu:/opt/ros/jazzy DEBUGINFOD_URLS=https://debuginfod.ubuntu.com LD_LIBRARY_PATH=/home/namtruong/uuv_sim_home/install/dave_interfaces/lib:/home/namtruong/uuv_sim_home/install/dave_ros_gz_plugins/lib:/home/namtruong/uuv_sim_home/install/dave_gz_world_plugins/lib:/opt/ros/jazzy/opt/gz_sim_vendor/lib:/opt/ros/jazzy/opt/gz_sensors_vendor/lib:/opt/ros/jazzy/opt/gz_physics_vendor/lib:/opt/ros/jazzy/opt/sdformat_vendor/lib:/opt/ros/jazzy/opt/rviz_ogre_vendor/lib:/opt/ros/jazzy/lib/x86_64-linux-gnu:/opt/ros/jazzy/opt/gz_gui_vendor/lib:/opt/ros/jazzy/opt/gz_transport_vendor/lib:/opt/ros/jazzy/opt/gz_rendering_vendor/lib:/opt/ros/jazzy/opt/gz_plugin_vendor/lib:/opt/ros/jazzy/opt/gz_fuel_tools_vendor/lib:/opt/ros/jazzy/opt/gz_msgs_vendor/lib:/opt/ros/jazzy/opt/gz_common_vendor/lib:/opt/ros/jazzy/opt/gz_math_vendor/lib:/opt/ros/jazzy/opt/gz_utils_vendor/lib:/opt/ros/jazzy/opt/gz_tools_vendor/lib:/opt/ros/jazzy/opt/gz_ogre_next_vendor/lib:/opt/ros/jazzy/opt/gz_dartsim_vendor/lib:/opt/ros/jazzy/opt/gz_cmake_vendor/lib:/opt/ros/jazzy/lib PYTHONPATH=/home/namtruong/uuv_sim_home/install/dave_interfaces/lib/python3.12/site-packages:/home/namtruong/uuv_sim_home/build/uuv_simu:/home/namtruong/uuv_sim_home/install/uuv_simu/lib/python3.12/site-packages:/opt/ros/jazzy/lib/python3.12/site-packages /usr/bin/cmake --build /home/namtruong/uuv_sim_home/build/multibeam_sonar -- -j16 -l16
[17.714s] DEBUG:colcon.colcon_core.event_handler.log_command:Invoking command in '/home/namtruong/uuv_sim_home/build/multibeam_sonar': CMAKE_PREFIX_PATH=/home/namtruong/uuv_sim_home/install/dave_interfaces:/home/namtruong/uuv_sim_home/install/multibeam_sonar_system:/home/namtruong/uuv_sim_home/install/multibeam_sonar:/home/namtruong/uuv_sim_home/install/dave_worlds:/home/namtruong/uuv_sim_home/install/dave_gz_model_plugins:/home/namtruong/uuv_sim_home/install/dave_ros_gz_plugins:/home/namtruong/uuv_sim_home/install/dave_robot_models:/home/namtruong/uuv_sim_home/install/dave_object_models:/home/namtruong/uuv_sim_home/install/dave_multibeam_sonar_demo:/home/namtruong/uuv_sim_home/install/dave_gz_world_plugins:/home/namtruong/uuv_sim_home/install/dave_gz_sensor_plugins:/opt/ros/jazzy/opt/gz_sim_vendor:/opt/ros/jazzy/opt/gz_sensors_vendor:/opt/ros/jazzy/opt/gz_physics_vendor:/opt/ros/jazzy/opt/sdformat_vendor:/opt/ros/jazzy/opt/gz_gui_vendor:/opt/ros/jazzy/opt/gz_transport_vendor:/opt/ros/jazzy/opt/gz_rendering_vendor:/opt/ros/jazzy/opt/gz_plugin_vendor:/opt/ros/jazzy/opt/gz_fuel_tools_vendor:/opt/ros/jazzy/opt/gz_msgs_vendor:/opt/ros/jazzy/opt/gz_common_vendor:/opt/ros/jazzy/opt/gz_math_vendor:/opt/ros/jazzy/opt/gz_utils_vendor:/opt/ros/jazzy/opt/gz_tools_vendor:/opt/ros/jazzy/opt/gz_ogre_next_vendor:/opt/ros/jazzy/opt/gz_dartsim_vendor:/opt/ros/jazzy/opt/gz_cmake_vendor:/home/namtruong/uuv_sim_home/install/uuv_simu:/opt/ros/jazzy DEBUGINFOD_URLS=https://debuginfod.ubuntu.com LD_LIBRARY_PATH=/home/namtruong/uuv_sim_home/install/dave_interfaces/lib:/home/namtruong/uuv_sim_home/install/dave_ros_gz_plugins/lib:/home/namtruong/uuv_sim_home/install/dave_gz_world_plugins/lib:/opt/ros/jazzy/opt/gz_sim_vendor/lib:/opt/ros/jazzy/opt/gz_sensors_vendor/lib:/opt/ros/jazzy/opt/gz_physics_vendor/lib:/opt/ros/jazzy/opt/sdformat_vendor/lib:/opt/ros/jazzy/opt/rviz_ogre_vendor/lib:/opt/ros/jazzy/lib/x86_64-linux-gnu:/opt/ros/jazzy/opt/gz_gui_vendor/lib:/opt/ros/jazzy/opt/gz_transport_vendor/lib:/opt/ros/jazzy/opt/gz_rendering_vendor/lib:/opt/ros/jazzy/opt/gz_plugin_vendor/lib:/opt/ros/jazzy/opt/gz_fuel_tools_vendor/lib:/opt/ros/jazzy/opt/gz_msgs_vendor/lib:/opt/ros/jazzy/opt/gz_common_vendor/lib:/opt/ros/jazzy/opt/gz_math_vendor/lib:/opt/ros/jazzy/opt/gz_utils_vendor/lib:/opt/ros/jazzy/opt/gz_tools_vendor/lib:/opt/ros/jazzy/opt/gz_ogre_next_vendor/lib:/opt/ros/jazzy/opt/gz_dartsim_vendor/lib:/opt/ros/jazzy/opt/gz_cmake_vendor/lib:/opt/ros/jazzy/lib PYTHONPATH=/home/namtruong/uuv_sim_home/install/dave_interfaces/lib/python3.12/site-packages:/home/namtruong/uuv_sim_home/build/uuv_simu:/home/namtruong/uuv_sim_home/install/uuv_simu/lib/python3.12/site-packages:/opt/ros/jazzy/lib/python3.12/site-packages /usr/bin/cmake --install /home/namtruong/uuv_sim_home/build/multibeam_sonar
[17.761s] Level 1:colcon.colcon_core.environment:create_environment_scripts_only(multibeam_sonar)
[17.762s] Level 1:colcon.colcon_core.environment:checking '/home/namtruong/uuv_sim_home/install/multibeam_sonar' for CMake module files
[17.762s] DEBUG:colcon.colcon_core.event_handler.log_command:Invoked command in '/home/namtruong/uuv_sim_home/build/multibeam_sonar' returned '0': CMAKE_PREFIX_PATH=/home/namtruong/uuv_sim_home/install/dave_interfaces:/home/namtruong/uuv_sim_home/install/multibeam_sonar_system:/home/namtruong/uuv_sim_home/install/multibeam_sonar:/home/namtruong/uuv_sim_home/install/dave_worlds:/home/namtruong/uuv_sim_home/install/dave_gz_model_plugins:/home/namtruong/uuv_sim_home/install/dave_ros_gz_plugins:/home/namtruong/uuv_sim_home/install/dave_robot_models:/home/namtruong/uuv_sim_home/install/dave_object_models:/home/namtruong/uuv_sim_home/install/dave_multibeam_sonar_demo:/home/namtruong/uuv_sim_home/install/dave_gz_world_plugins:/home/namtruong/uuv_sim_home/install/dave_gz_sensor_plugins:/opt/ros/jazzy/opt/gz_sim_vendor:/opt/ros/jazzy/opt/gz_sensors_vendor:/opt/ros/jazzy/opt/gz_physics_vendor:/opt/ros/jazzy/opt/sdformat_vendor:/opt/ros/jazzy/opt/gz_gui_vendor:/opt/ros/jazzy/opt/gz_transport_vendor:/opt/ros/jazzy/opt/gz_rendering_vendor:/opt/ros/jazzy/opt/gz_plugin_vendor:/opt/ros/jazzy/opt/gz_fuel_tools_vendor:/opt/ros/jazzy/opt/gz_msgs_vendor:/opt/ros/jazzy/opt/gz_common_vendor:/opt/ros/jazzy/opt/gz_math_vendor:/opt/ros/jazzy/opt/gz_utils_vendor:/opt/ros/jazzy/opt/gz_tools_vendor:/opt/ros/jazzy/opt/gz_ogre_next_vendor:/opt/ros/jazzy/opt/gz_dartsim_vendor:/opt/ros/jazzy/opt/gz_cmake_vendor:/home/namtruong/uuv_sim_home/install/uuv_simu:/opt/ros/jazzy DEBUGINFOD_URLS=https://debuginfod.ubuntu.com LD_LIBRARY_PATH=/home/namtruong/uuv_sim_home/install/dave_interfaces/lib:/home/namtruong/uuv_sim_home/install/dave_ros_gz_plugins/lib:/home/namtruong/uuv_sim_home/install/dave_gz_world_plugins/lib:/opt/ros/jazzy/opt/gz_sim_vendor/lib:/opt/ros/jazzy/opt/gz_sensors_vendor/lib:/opt/ros/jazzy/opt/gz_physics_vendor/lib:/opt/ros/jazzy/opt/sdformat_vendor/lib:/opt/ros/jazzy/opt/rviz_ogre_vendor/lib:/opt/ros/jazzy/lib/x86_64-linux-gnu:/opt/ros/jazzy/opt/gz_gui_vendor/lib:/opt/ros/jazzy/opt/gz_transport_vendor/lib:/opt/ros/jazzy/opt/gz_rendering_vendor/lib:/opt/ros/jazzy/opt/gz_plugin_vendor/lib:/opt/ros/jazzy/opt/gz_fuel_tools_vendor/lib:/opt/ros/jazzy/opt/gz_msgs_vendor/lib:/opt/ros/jazzy/opt/gz_common_vendor/lib:/opt/ros/jazzy/opt/gz_math_vendor/lib:/opt/ros/jazzy/opt/gz_utils_vendor/lib:/opt/ros/jazzy/opt/gz_tools_vendor/lib:/opt/ros/jazzy/opt/gz_ogre_next_vendor/lib:/opt/ros/jazzy/opt/gz_dartsim_vendor/lib:/opt/ros/jazzy/opt/gz_cmake_vendor/lib:/opt/ros/jazzy/lib PYTHONPATH=/home/namtruong/uuv_sim_home/install/dave_interfaces/lib/python3.12/site-packages:/home/namtruong/uuv_sim_home/build/uuv_simu:/home/namtruong/uuv_sim_home/install/uuv_simu/lib/python3.12/site-packages:/opt/ros/jazzy/lib/python3.12/site-packages /usr/bin/cmake --install /home/namtruong/uuv_sim_home/build/multibeam_sonar
[17.763s] Level 1:colcon.colcon_core.environment:checking '/home/namtruong/uuv_sim_home/install/multibeam_sonar' for CMake config files
[17.763s] Level 1:colcon.colcon_core.shell:create_environment_hook('multibeam_sonar', 'cmake_prefix_path')
[17.763s] INFO:colcon.colcon_core.shell:Creating environment hook '/home/namtruong/uuv_sim_home/install/multibeam_sonar/share/multibeam_sonar/hook/cmake_prefix_path.ps1'
[17.764s] INFO:colcon.colcon_core.shell:Creating environment descriptor '/home/namtruong/uuv_sim_home/install/multibeam_sonar/share/multibeam_sonar/hook/cmake_prefix_path.dsv'
[17.764s] INFO:colcon.colcon_core.shell:Creating environment hook '/home/namtruong/uuv_sim_home/install/multibeam_sonar/share/multibeam_sonar/hook/cmake_prefix_path.sh'
[17.765s] Level 1:colcon.colcon_core.environment:checking '/home/namtruong/uuv_sim_home/install/multibeam_sonar/lib'
[17.765s] Level 1:colcon.colcon_core.environment:checking '/home/namtruong/uuv_sim_home/install/multibeam_sonar/bin'
[17.765s] Level 1:colcon.colcon_core.environment:checking '/home/namtruong/uuv_sim_home/install/multibeam_sonar/lib/pkgconfig/multibeam_sonar.pc'
[17.765s] Level 1:colcon.colcon_core.environment:checking '/home/namtruong/uuv_sim_home/install/multibeam_sonar/lib/python3.12/site-packages'
[17.765s] Level 1:colcon.colcon_core.environment:checking '/home/namtruong/uuv_sim_home/install/multibeam_sonar/bin'
[17.765s] INFO:colcon.colcon_core.shell:Creating package script '/home/namtruong/uuv_sim_home/install/multibeam_sonar/share/multibeam_sonar/package.ps1'
[17.766s] INFO:colcon.colcon_core.shell:Creating package descriptor '/home/namtruong/uuv_sim_home/install/multibeam_sonar/share/multibeam_sonar/package.dsv'
[17.766s] INFO:colcon.colcon_core.shell:Creating package script '/home/namtruong/uuv_sim_home/install/multibeam_sonar/share/multibeam_sonar/package.sh'
[17.767s] INFO:colcon.colcon_core.shell:Creating package script '/home/namtruong/uuv_sim_home/install/multibeam_sonar/share/multibeam_sonar/package.bash'
[17.767s] INFO:colcon.colcon_core.shell:Creating package script '/home/namtruong/uuv_sim_home/install/multibeam_sonar/share/multibeam_sonar/package.zsh'
[17.767s] Level 1:colcon.colcon_core.environment:create_file_with_runtime_dependencies(/home/namtruong/uuv_sim_home/install/multibeam_sonar/share/colcon-core/packages/multibeam_sonar)
[17.768s] Level 1:colcon.colcon_core.environment:create_environment_scripts_only(multibeam_sonar)
[17.768s] Level 1:colcon.colcon_core.environment:checking '/home/namtruong/uuv_sim_home/install/multibeam_sonar' for CMake module files
[17.768s] Level 1:colcon.colcon_core.environment:checking '/home/namtruong/uuv_sim_home/install/multibeam_sonar' for CMake config files
[17.769s] Level 1:colcon.colcon_core.shell:create_environment_hook('multibeam_sonar', 'cmake_prefix_path')
[17.769s] INFO:colcon.colcon_core.shell:Creating environment hook '/home/namtruong/uuv_sim_home/install/multibeam_sonar/share/multibeam_sonar/hook/cmake_prefix_path.ps1'
[17.769s] INFO:colcon.colcon_core.shell:Creating environment descriptor '/home/namtruong/uuv_sim_home/install/multibeam_sonar/share/multibeam_sonar/hook/cmake_prefix_path.dsv'
[17.769s] INFO:colcon.colcon_core.shell:Creating environment hook '/home/namtruong/uuv_sim_home/install/multibeam_sonar/share/multibeam_sonar/hook/cmake_prefix_path.sh'
[17.770s] Level 1:colcon.colcon_core.environment:checking '/home/namtruong/uuv_sim_home/install/multibeam_sonar/lib'
[17.770s] Level 1:colcon.colcon_core.environment:checking '/home/namtruong/uuv_sim_home/install/multibeam_sonar/bin'
[17.770s] Level 1:colcon.colcon_core.environment:checking '/home/namtruong/uuv_sim_home/install/multibeam_sonar/lib/pkgconfig/multibeam_sonar.pc'
[17.770s] Level 1:colcon.colcon_core.environment:checking '/home/namtruong/uuv_sim_home/install/multibeam_sonar/lib/python3.12/site-packages'
[17.771s] Level 1:colcon.colcon_core.environment:checking '/home/namtruong/uuv_sim_home/install/multibeam_sonar/bin'
[17.771s] INFO:colcon.colcon_core.shell:Creating package script '/home/namtruong/uuv_sim_home/install/multibeam_sonar/share/multibeam_sonar/package.ps1'
[17.771s] INFO:colcon.colcon_core.shell:Creating package descriptor '/home/namtruong/uuv_sim_home/install/multibeam_sonar/share/multibeam_sonar/package.dsv'
[17.772s] INFO:colcon.colcon_core.shell:Creating package script '/home/namtruong/uuv_sim_home/install/multibeam_sonar/share/multibeam_sonar/package.sh'
[17.772s] INFO:colcon.colcon_core.shell:Creating package script '/home/namtruong/uuv_sim_home/install/multibeam_sonar/share/multibeam_sonar/package.bash'
[17.772s] INFO:colcon.colcon_core.shell:Creating package script '/home/namtruong/uuv_sim_home/install/multibeam_sonar/share/multibeam_sonar/package.zsh'
[17.773s] Level 1:colcon.colcon_core.environment:create_file_with_runtime_dependencies(/home/namtruong/uuv_sim_home/install/multibeam_sonar/share/colcon-core/packages/multibeam_sonar)
[28.172s] DEBUG:colcon.colcon_core.event_handler.log_command:Invoked command in '/home/namtruong/uuv_sim_home/build/multibeam_sonar_system' returned '0': CMAKE_PREFIX_PATH=${CMAKE_PREFIX_PATH}:/home/namtruong/uuv_sim_home/install/uuv_simu:/opt/ros/jazzy DEBUGINFOD_URLS=https://debuginfod.ubuntu.com /usr/bin/cmake --build /home/namtruong/uuv_sim_home/build/multibeam_sonar_system -- -j16 -l16
[28.174s] DEBUG:colcon.colcon_core.event_handler.log_command:Invoking command in '/home/namtruong/uuv_sim_home/build/multibeam_sonar_system': CMAKE_PREFIX_PATH=${CMAKE_PREFIX_PATH}:/home/namtruong/uuv_sim_home/install/uuv_simu:/opt/ros/jazzy DEBUGINFOD_URLS=https://debuginfod.ubuntu.com /usr/bin/cmake --install /home/namtruong/uuv_sim_home/build/multibeam_sonar_system
[28.414s] Level 1:colcon.colcon_core.environment:create_environment_scripts_only(multibeam_sonar_system)
[28.414s] Level 1:colcon.colcon_core.environment:checking '/home/namtruong/uuv_sim_home/install/multibeam_sonar_system' for CMake module files
[28.414s] DEBUG:colcon.colcon_core.event_handler.log_command:Invoked command in '/home/namtruong/uuv_sim_home/build/multibeam_sonar_system' returned '0': CMAKE_PREFIX_PATH=${CMAKE_PREFIX_PATH}:/home/namtruong/uuv_sim_home/install/uuv_simu:/opt/ros/jazzy DEBUGINFOD_URLS=https://debuginfod.ubuntu.com /usr/bin/cmake --install /home/namtruong/uuv_sim_home/build/multibeam_sonar_system
[28.415s] Level 1:colcon.colcon_core.environment:checking '/home/namtruong/uuv_sim_home/install/multibeam_sonar_system' for CMake config files
[28.415s] Level 1:colcon.colcon_core.shell:create_environment_hook('multibeam_sonar_system', 'cmake_prefix_path')
[28.415s] INFO:colcon.colcon_core.shell:Creating environment hook '/home/namtruong/uuv_sim_home/install/multibeam_sonar_system/share/multibeam_sonar_system/hook/cmake_prefix_path.ps1'
[28.416s] INFO:colcon.colcon_core.shell:Creating environment descriptor '/home/namtruong/uuv_sim_home/install/multibeam_sonar_system/share/multibeam_sonar_system/hook/cmake_prefix_path.dsv'
[28.416s] INFO:colcon.colcon_core.shell:Creating environment hook '/home/namtruong/uuv_sim_home/install/multibeam_sonar_system/share/multibeam_sonar_system/hook/cmake_prefix_path.sh'
[28.416s] Level 1:colcon.colcon_core.environment:checking '/home/namtruong/uuv_sim_home/install/multibeam_sonar_system/lib'
[28.416s] Level 1:colcon.colcon_core.environment:checking '/home/namtruong/uuv_sim_home/install/multibeam_sonar_system/bin'
[28.416s] Level 1:colcon.colcon_core.environment:checking '/home/namtruong/uuv_sim_home/install/multibeam_sonar_system/lib/pkgconfig/multibeam_sonar_system.pc'
[28.417s] Level 1:colcon.colcon_core.environment:checking '/home/namtruong/uuv_sim_home/install/multibeam_sonar_system/lib/python3.12/site-packages'
[28.417s] Level 1:colcon.colcon_core.environment:checking '/home/namtruong/uuv_sim_home/install/multibeam_sonar_system/bin'
[28.417s] INFO:colcon.colcon_core.shell:Creating package script '/home/namtruong/uuv_sim_home/install/multibeam_sonar_system/share/multibeam_sonar_system/package.ps1'
[28.417s] INFO:colcon.colcon_core.shell:Creating package descriptor '/home/namtruong/uuv_sim_home/install/multibeam_sonar_system/share/multibeam_sonar_system/package.dsv'
[28.418s] INFO:colcon.colcon_core.shell:Creating package script '/home/namtruong/uuv_sim_home/install/multibeam_sonar_system/share/multibeam_sonar_system/package.sh'
[28.418s] INFO:colcon.colcon_core.shell:Creating package script '/home/namtruong/uuv_sim_home/install/multibeam_sonar_system/share/multibeam_sonar_system/package.bash'
[28.418s] INFO:colcon.colcon_core.shell:Creating package script '/home/namtruong/uuv_sim_home/install/multibeam_sonar_system/share/multibeam_sonar_system/package.zsh'
[28.419s] Level 1:colcon.colcon_core.environment:create_file_with_runtime_dependencies(/home/namtruong/uuv_sim_home/install/multibeam_sonar_system/share/colcon-core/packages/multibeam_sonar_system)
[28.419s] Level 1:colcon.colcon_core.environment:create_environment_scripts_only(multibeam_sonar_system)
[28.419s] Level 1:colcon.colcon_core.environment:checking '/home/namtruong/uuv_sim_home/install/multibeam_sonar_system' for CMake module files
[28.420s] Level 1:colcon.colcon_core.environment:checking '/home/namtruong/uuv_sim_home/install/multibeam_sonar_system' for CMake config files
[28.420s] Level 1:colcon.colcon_core.shell:create_environment_hook('multibeam_sonar_system', 'cmake_prefix_path')
[28.420s] INFO:colcon.colcon_core.shell:Creating environment hook '/home/namtruong/uuv_sim_home/install/multibeam_sonar_system/share/multibeam_sonar_system/hook/cmake_prefix_path.ps1'
[28.421s] INFO:colcon.colcon_core.shell:Creating environment descriptor '/home/namtruong/uuv_sim_home/install/multibeam_sonar_system/share/multibeam_sonar_system/hook/cmake_prefix_path.dsv'
[28.421s] INFO:colcon.colcon_core.shell:Creating environment hook '/home/namtruong/uuv_sim_home/install/multibeam_sonar_system/share/multibeam_sonar_system/hook/cmake_prefix_path.sh'
[28.422s] Level 1:colcon.colcon_core.environment:checking '/home/namtruong/uuv_sim_home/install/multibeam_sonar_system/lib'
[28.422s] Level 1:colcon.colcon_core.environment:checking '/home/namtruong/uuv_sim_home/install/multibeam_sonar_system/bin'
[28.422s] Level 1:colcon.colcon_core.environment:checking '/home/namtruong/uuv_sim_home/install/multibeam_sonar_system/lib/pkgconfig/multibeam_sonar_system.pc'
[28.422s] Level 1:colcon.colcon_core.environment:checking '/home/namtruong/uuv_sim_home/install/multibeam_sonar_system/lib/python3.12/site-packages'
[28.422s] Level 1:colcon.colcon_core.environment:checking '/home/namtruong/uuv_sim_home/install/multibeam_sonar_system/bin'
[28.422s] INFO:colcon.colcon_core.shell:Creating package script '/home/namtruong/uuv_sim_home/install/multibeam_sonar_system/share/multibeam_sonar_system/package.ps1'
[28.423s] INFO:colcon.colcon_core.shell:Creating package descriptor '/home/namtruong/uuv_sim_home/install/multibeam_sonar_system/share/multibeam_sonar_system/package.dsv'
[28.423s] INFO:colcon.colcon_core.shell:Creating package script '/home/namtruong/uuv_sim_home/install/multibeam_sonar_system/share/multibeam_sonar_system/package.sh'
[28.423s] INFO:colcon.colcon_core.shell:Creating package script '/home/namtruong/uuv_sim_home/install/multibeam_sonar_system/share/multibeam_sonar_system/package.bash'
[28.424s] INFO:colcon.colcon_core.shell:Creating package script '/home/namtruong/uuv_sim_home/install/multibeam_sonar_system/share/multibeam_sonar_system/package.zsh'
[28.424s] Level 1:colcon.colcon_core.environment:create_file_with_runtime_dependencies(/home/namtruong/uuv_sim_home/install/multibeam_sonar_system/share/colcon-core/packages/multibeam_sonar_system)
[28.424s] DEBUG:colcon.colcon_parallel_executor.executor.parallel:closing loop
[28.424s] DEBUG:colcon.colcon_parallel_executor.executor.parallel:loop closed
[28.425s] DEBUG:colcon.colcon_parallel_executor.executor.parallel:run_until_complete finished with '0'
[28.425s] DEBUG:colcon.colcon_core.event_reactor:joining thread
[28.431s] INFO:colcon.colcon_core.plugin_system:Skipping extension 'colcon_notification.desktop_notification.terminal_notifier': Not used on non-Darwin systems
[28.431s] INFO:colcon.colcon_core.plugin_system:Skipping extension 'colcon_notification.desktop_notification.win32': Not used on non-Windows systems
[28.431s] INFO:colcon.colcon_notification.desktop_notification:Sending desktop notification using 'notify2'
[28.431s] DEBUG:colcon.colcon_notification.desktop_notification.notify2:Failed to initialize notify2: org.freedesktop.DBus.Error.AccessDenied: Failed to open socket: Operation not permitted
[28.431s] DEBUG:colcon.colcon_core.event_reactor:joined thread
[28.431s] INFO:colcon.colcon_core.shell:Creating prefix script '/home/namtruong/uuv_sim_home/install/local_setup.ps1'
[28.432s] INFO:colcon.colcon_core.shell:Creating prefix util module '/home/namtruong/uuv_sim_home/install/_local_setup_util_ps1.py'
[28.433s] INFO:colcon.colcon_core.shell:Creating prefix chain script '/home/namtruong/uuv_sim_home/install/setup.ps1'
[28.435s] INFO:colcon.colcon_core.shell:Creating prefix script '/home/namtruong/uuv_sim_home/install/local_setup.sh'
[28.435s] INFO:colcon.colcon_core.shell:Creating prefix util module '/home/namtruong/uuv_sim_home/install/_local_setup_util_sh.py'
[28.436s] INFO:colcon.colcon_core.shell:Creating prefix chain script '/home/namtruong/uuv_sim_home/install/setup.sh'
[28.437s] INFO:colcon.colcon_core.shell:Creating prefix script '/home/namtruong/uuv_sim_home/install/local_setup.bash'
[28.438s] INFO:colcon.colcon_core.shell:Creating prefix chain script '/home/namtruong/uuv_sim_home/install/setup.bash'
[28.439s] INFO:colcon.colcon_core.shell:Creating prefix script '/home/namtruong/uuv_sim_home/install/local_setup.zsh'
[28.440s] INFO:colcon.colcon_core.shell:Creating prefix chain script '/home/namtruong/uuv_sim_home/install/setup.zsh'
